page,url,date_raw,category,headline,date
47,/newsroom/2023/06/apple-battersea-opens-in-londons-historic-battersea-power-station/,"June 15, 2023",PHOTOS,Apple Battersea opens in London’s historic Battersea Power Station,2023-06-15
47,/newsroom/2023/06/apple-expands-self-service-repair-and-updates-system-configuration-process/,"June 20, 2023",QUICK READ,Apple expands Self Service Repair and updates System Configuration process,2023-06-20
47,/newsroom/2023/06/developer-tools-to-create-spatial-experiences-for-apple-vision-pro-now-available/,"June 21, 2023",PRESS RELEASE,Developer tools to create spatial experiences for Apple Vision Pro now available,2023-06-21
47,/newsroom/2023/07/new-immersive-ar-experience-brings-student-creativity-to-life/,"July 5, 2023",APPLE STORIES,New immersive AR experience brings student creativity to life,2023-07-05
47,/newsroom/2023/07/apple-news-announces-return-of-after-the-whistle-podcast/,"July 10, 2023",UPDATE,Apple News announces return of After the Whistle podcast,2023-07-10
47,/newsroom/2023/07/apple-lands-record-54-emmy-award-nominations/,"July 12, 2023",PRESS RELEASE,Apple lands record 54 Emmy Award nominations,2023-07-12
47,/newsroom/2023/07/apple-celebrates-lionel-messis-debut-with-inter-miami-cf-on-mls-season-pass/,"July 21, 2023",UPDATE,Apple celebrates Lionel Messi’s debut with Inter Miami CF on MLS Season Pass,2023-07-21
47,/newsroom/2023/07/apple-and-mlb-announce-august-friday-night-baseball-schedule-on-apple-tv-plus/,"July 24, 2023",QUICK READ,Apple and MLB announce August “Friday Night Baseball” schedule on Apple TV+,2023-07-24
47,/newsroom/2023/07/apple-partnerships-help-californians-access-affordable-housing-and-resources/,"July 26, 2023",APPLE STORIES,Apple partnerships help Californians access affordable housing and resources,2023-07-26
47,/newsroom/2023/07/join-hello-kitty-and-friends-on-a-charming-island-adventure-on-apple-arcade/,"July 28, 2023",QUICK READ,Join Hello Kitty and Friends on a charming Island Adventure on Apple Arcade,2023-07-28
46,/newsroom/2023/08/pixar-adobe-apple-autodesk-and-nvidia-form-alliance-for-openusd/,"August 1, 2023",PRESS RELEASE,"Pixar, Adobe, Apple, Autodesk, and NVIDIA form Alliance for OpenUSD",2023-08-01
46,/newsroom/2023/08/four-new-games-coming-to-apple-arcade-in-august/,"August 1, 2023",UPDATE,4 new games coming to Apple Arcade in August,2023-08-01
46,/newsroom/2023/08/apple-cards-savings-account-by-goldman-sachs-sees-over-10-billion-usd-in-deposits/,"August 2, 2023",UPDATE,Apple Card’s Savings account by Goldman Sachs sees over $10 billion in deposits,2023-08-02
46,/newsroom/2023/08/apple-reports-third-quarter-results/,"August 3, 2023",PRESS RELEASE,Apple reports third quarter results,2023-08-03
46,/newsroom/2023/08/apple-and-mlb-announce-september-friday-night-baseball-schedule-on-apple-tv-plus/,"August 7, 2023",QUICK READ,Apple and MLB announce September “Friday Night Baseball” schedule on Apple TV+,2023-08-07
46,/newsroom/2023/08/apple-card-named-best-co-branded-credit-card-with-no-annual-fee-by-jd-power/,"August 17, 2023",UPDATE,Apple Card named Best Co-Branded Credit Card with No Annual Fee by J.D. Power,2023-08-17
46,/newsroom/2023/08/a-new-generation-preserves-tribal-land-and-culture-in-americas-national-parks/,"August 24, 2023",APPLE STORIES,A new generation preserves tribal land and culture in America’s national parks,2023-08-24
46,/newsroom/2023/08/apple-announces-next-impact-accelerator-class-advancing-environmental-innovation/,"August 30, 2023",UPDATE,Apple announces next Impact Accelerator class advancing environmental innovation,2023-08-30
46,/newsroom/2023/09/apple-arcade-launches-4-new-games-and-over-40-updates-in-september/,"September 5, 2023",UPDATE,Apple Arcade launches 4 new games and 40+ updates in September,2023-09-05
45,/newsroom/2023/09/apple-unveils-iphone-15-pro-and-iphone-15-pro-max/,"September 12, 2023",PRESS RELEASE,Apple unveils iPhone 15 Pro and iPhone 15 Pro Max,2023-09-12
45,/newsroom/2023/09/apple-debuts-iphone-15-and-iphone-15-plus/,"September 12, 2023",PRESS RELEASE,Apple debuts iPhone 15 and iPhone 15 Plus,2023-09-12
45,/newsroom/2023/09/apple-introduces-the-advanced-new-apple-watch-series-9/,"September 12, 2023",PRESS RELEASE,Apple introduces the advanced new Apple Watch Series 9,2023-09-12
45,/newsroom/2023/09/apple-upgrades-airpods-pro-2nd-generation-with-usb-c-charging/,"September 12, 2023",PRESS RELEASE,Apple upgrades AirPods Pro (2nd generation) with USB‑C charging,2023-09-12
45,/newsroom/2023/09/apple-unveils-its-first-carbon-neutral-products/,"September 12, 2023",PRESS RELEASE,Apple unveils its first carbon neutral products,2023-09-12
45,/newsroom/2023/09/apple-unveils-apple-watch-ultra-2/,"September 12, 2023",PRESS RELEASE,Apple unveils Apple Watch Ultra 2,2023-09-12
46,/newsroom/2023/09/apple-advances-supplier-clean-energy-commitments/,"September 12, 2023",QUICK READ,Apple advances supplier clean energy commitments,2023-09-12
45,/newsroom/2023/09/apple-offers-more-ways-to-order-the-all-new-iphone-15-and-apple-watch-lineups/,"September 14, 2023",UPDATE,Apple offers more ways to order the all-new iPhone 15 and Apple Watch lineups,2023-09-14
44,/newsroom/2023/09/apple-expands-the-power-of-icloud-with-new-icloud-plus-plans/,"September 18, 2023",QUICK READ,Apple expands the power of iCloud with new iCloud+ plans,2023-09-18
45,/newsroom/2023/09/ios-17-is-available-today/,"September 18, 2023",UPDATE,iOS 17 is available today,2023-09-18
45,/newsroom/2023/09/watchos-10-is-available-today/,"September 18, 2023",UPDATE,watchOS 10 is available today,2023-09-18
45,/newsroom/2023/09/ipados-17-is-now-available/,"September 18, 2023",UPDATE,iPadOS 17 is now available,2023-09-18
44,/newsroom/2023/09/tvos-17-available-now-bringing-facetime-to-apple-tv-4k/,"September 18, 2023",QUICK READ,"tvOS 17 available now, bringing FaceTime to Apple TV 4K",2023-09-18
44,/newsroom/2023/09/iphone-15-lineup-and-new-apple-watch-lineup-arrive-worldwide/,"September 22, 2023",PHOTOS,iPhone 15 lineup and new Apple Watch lineup arrive worldwide,2023-09-22
44,/newsroom/2023/09/macos-sonoma-is-available-today/,"September 26, 2023",UPDATE,macOS Sonoma is available today,2023-09-26
44,/newsroom/2023/09/over-100-new-podcasts-from-top-apps-and-services-launch-on-apple-podcasts/,"September 26, 2023",UPDATE,Over 100 new podcasts from top apps and services launch on Apple Podcasts,2023-09-26
44,/newsroom/2023/09/apple-introduces-global-developer-resource-for-labs-sessions-and-workshops/,"September 26, 2023",UPDATE,"Apple introduces global developer resource for labs, sessions, and workshops",2023-09-26
44,/newsroom/2023/10/nba-2k24-arcade-edition-and-3-other-fun-games-coming-to-apple-arcade-this-month/,"October 3, 2023",UPDATE,NBA 2K24 Arcade Edition and 3 other fun games coming to Apple Arcade this month,2023-10-03
44,/newsroom/2023/10/houston-educators-nurture-the-next-generation-of-hispanic-leaders-with-apple/,"October 4, 2023",APPLE STORIES,Houston educators nurture the next generation of Hispanic leaders with Apple,2023-10-04
44,/newsroom/2023/10/apple-store-online-launches-in-chile-to-bring-customers-new-shopping-options/,"October 16, 2023",UPDATE,Apple Store online launches in Chile to bring customers new shopping options,2023-10-16
44,/newsroom/2023/10/apple-introduces-new-apple-pencil-bringing-more-value-and-choice-to-the-lineup/,"October 17, 2023",UPDATE,"Apple introduces new Apple Pencil, bringing more value and choice to the lineup",2023-10-17
43,/newsroom/2023/10/new-apple-research-highlights-the-health-benefits-of-pickleball/,"October 18, 2023",UPDATE,New Apple research highlights the health benefits of pickleball,2023-10-18
43,/newsroom/2023/10/apple-watch-double-tap-gesture-now-available-with-watchos-10-1/,"October 25, 2023",UPDATE,Apple Watch double tap gesture now available with watchOS 10.1,2023-10-25
43,/newsroom/2023/10/apple-unveils-m3-m3-pro-and-m3-max-the-most-advanced-chips-for-a-personal-computer/,"October 30, 2023",PRESS RELEASE,"Apple unveils M3, M3 Pro, and M3 Max, the most advanced chips for a personal computer",2023-10-30
43,/newsroom/2023/10/apple-supercharges-24-inch-imac-with-new-m3-chip/,"October 30, 2023",PRESS RELEASE,Apple supercharges 24‑inch iMac with new M3 chip,2023-10-30
43,/newsroom/2023/10/apple-unveils-new-macbook-pro-featuring-m3-chips/,"October 30, 2023",PRESS RELEASE,Apple unveils new MacBook Pro featuring M3 chips,2023-10-30
43,/newsroom/2023/10/behind-the-scenes-at-scary-fast-apples-keynote-event-shot-on-iphone/,"October 31, 2023",PHOTOS,Behind the scenes at Scary Fast: Apple’s keynote event shot on iPhone,2023-10-31
43,/newsroom/2023/11/the-new-more-affordable-apple-pencil-is-now-available-to-order/,"November 1, 2023",UPDATE,"The new, more affordable Apple Pencil is now available to order",2023-11-01
43,/newsroom/2023/11/8-new-games-and-more-than-50-updates-coming-to-apple-arcade-this-holiday-season/,"November 1, 2023",UPDATE,8 new games and more than 50 updates coming to Apple Arcade this holiday season,2023-11-01
43,/newsroom/2023/11/apple-mixc-wenzhou-opens-for-customers-this-saturday-november-4-in-china/,"November 2, 2023",PRESS RELEASE,"Apple MixC Wenzhou opens for customers this Saturday, November 4, in China",2023-11-02
43,/newsroom/2023/11/apple-reports-fourth-quarter-results/,"November 2, 2023",PRESS RELEASE,Apple reports fourth quarter results,2023-11-02
42,/newsroom/2023/11/apple-supercharges-logic-pro-for-mac-and-ipad/,"November 6, 2023",UPDATE,Apple supercharges Logic Pro for Mac and iPad,2023-11-06
42,/newsroom/2023/11/final-cut-pro-for-mac-and-ipad-get-powerful-updates/,"November 6, 2023",UPDATE,Final Cut Pro for Mac and iPad get powerful updates,2023-11-06
42,/newsroom/2023/11/taylor-swift-is-apple-musics-artist-of-the-year-for-2023/,"November 8, 2023",UPDATE,Taylor Swift is Apple Music’s Artist of the Year for 2023,2023-11-08
42,/newsroom/2023/11/apples-swift-student-challenge-to-open-in-2024-with-new-category/,"November 8, 2023",UPDATE,Apple’s Swift Student Challenge to open in 2024 with new category,2023-11-08
42,/newsroom/2023/11/new-iphone-photography-exhibition-debuts-in-paris-on-november-10/,"November 9, 2023",PHOTOS,New iPhone photography exhibition debuts in Paris on November 10,2023-11-09
42,/newsroom/2023/11/meet-the-2023-app-store-award-finalists/,"November 14, 2023",UPDATE,Meet the 2023 App Store Award finalists,2023-11-14
42,/newsroom/2023/11/apple-extends-emergency-sos-via-satellite-for-an-additional-free-year/,"November 15, 2023",QUICK READ,Apple extends Emergency SOS via satellite for an additional free year,2023-11-15
42,/newsroom/2023/11/apple-unveils-the-top-books-of-2023-and-a-new-year-in-review-experience/,"November 28, 2023",UPDATE,Apple unveils the top books of 2023 and a new Year in Review experience,2023-11-28
42,/newsroom/2023/11/apple-shares-the-most-popular-podcasts-of-2023/,"November 28, 2023",QUICK READ,Apple shares the most popular podcasts of 2023,2023-11-28
42,/newsroom/2023/11/apple-unveils-app-store-award-winners-the-best-apps-and-games-of-2023/,"November 29, 2023",PRESS RELEASE,"Apple unveils App Store Award winners, the best apps and games of 2023",2023-11-29
41,/newsroom/2023/11/apple-announces-expanded-partnership-with-amkor-for-silicon-packaging/,"November 30, 2023",QUICK READ,Apple announces expanded partnership with Amkor for silicon packaging,2023-11-30
41,/newsroom/2023/11/a-disability-advocate-preserves-his-voice-with-iphone/,"November 30, 2023",APPLE STORIES,A disability advocate preserves his voice with iPhone,2023-11-30
41,/newsroom/2023/12/apple-marks-world-aids-day-with-red/,"December 1, 2023",UPDATE,Apple marks World AIDS Day with (RED),2023-12-01
41,/newsroom/2023/12/apple-podcasts-names-wiser-than-me-the-2023-show-of-the-year/,"December 5, 2023",UPDATE,Apple Podcasts names Wiser Than Me the 2023 Show of the Year,2023-12-05
41,/newsroom/2023/12/report-2-point-6-billion-records-compromised-by-data-breaches-in-past-two-years/,"December 7, 2023",UPDATE,"Report: 2.6B records compromised by data breaches, underscoring need for E2EE",2023-12-07
41,/newsroom/2023/12/apple-launches-journal-app-a-new-app-for-reflecting-on-everyday-moments/,"December 11, 2023",UPDATE,"Apple launches Journal app, a new app for reflecting on everyday moments",2023-12-11
41,/newsroom/2023/12/siri-can-now-help-users-access-and-log-their-health-app-data/,"December 11, 2023",QUICK READ,Siri can now help users access and log their Health app data,2023-12-11
41,/newsroom/2023/12/redesigned-apple-tv-app-elevates-the-viewing-experience/,"December 11, 2023",UPDATE,Redesigned Apple TV app elevates the viewing experience,2023-12-11
41,/newsroom/2023/12/apple-introduces-spatial-video-capture-on-iphone-15-pro/,"December 11, 2023",UPDATE,Apple introduces spatial video capture on iPhone 15 Pro,2023-12-11
41,/newsroom/2023/12/apple-spotlights-the-top-apps-and-games-of-2023-on-the-app-store/,"December 12, 2023",QUICK READ,Apple spotlights the top apps and games of 2023 on the App Store,2023-12-12
40,/newsroom/2023/12/apple-expands-self-service-repair-and-introduces-new-diagnostics-process/,"December 13, 2023",QUICK READ,Apple expands Self Service Repair and introduces new Diagnostics process,2023-12-13
40,/newsroom/2023/12/the-athletic-joins-apple-news-plus/,"December 19, 2023",UPDATE,The Athletic joins Apple News+,2023-12-19
40,/newsroom/2024/01/apple-fitness-plus-offers-more-ways-to-stay-active-and-mindful-in-the-new-year/,"January 4, 2024",UPDATE,Apple Fitness+ offers more ways to stay active and mindful in the new year,2024-01-04
40,/newsroom/2024/01/tamagotchi-adventure-kingdom-and-cornsweeper-launch-on-apple-arcade/,"January 4, 2024",UPDATE,Tamagotchi Adventure Kingdom and Cornsweeper launch on Apple Arcade,2024-01-04
40,/newsroom/2024/01/apple-vision-pro-available-in-the-us-on-february-2/,"January 8, 2024",PRESS RELEASE,Apple Vision Pro available in the U.S. on February 2,2024-01-08
40,/newsroom/2024/01/wanda-austin-to-join-apples-board-of-directors/,"January 11, 2024",PRESS RELEASE,Wanda Austin to join Apple’s board of directors,2024-01-11
40,/newsroom/2024/01/apple-previews-new-entertainment-experiences-launching-with-apple-vision-pro/,"January 16, 2024",PRESS RELEASE,Apple previews new entertainment experiences launching with Apple Vision Pro,2024-01-16
40,/newsroom/2024/01/apple-hongdae-to-welcome-first-customers-this-saturday-january-20/,"January 17, 2024",PRESS RELEASE,"Apple Hongdae to welcome first customers this Saturday, January 20",2024-01-17
40,/newsroom/2024/01/apple-unveils-2024-black-unity-collection-and-announces-six-reji-grantees/,"January 17, 2024",APPLE STORIES,Apple unveils 2024 Black Unity Collection and announces six REJI grantees,2024-01-17
40,/newsroom/2024/01/apple-hongdae-now-open-in-south-korea/,"January 20, 2024",PHOTOS,Apple Hongdae now open in South Korea,2024-01-20
39,/newsroom/2024/01/apple-scores-record-13-academy-award-nominations/,"January 23, 2024",PRESS RELEASE,Apple scores record 13 Academy Award nominations,2024-01-23
39,/newsroom/2024/01/apple-announces-changes-to-ios-safari-and-the-app-store-in-the-european-union/,"January 25, 2024",PRESS RELEASE,"Apple announces changes to iOS, Safari, and the App Store in the European Union",2024-01-25
39,/newsroom/2024/01/major-league-soccer-returns-to-mls-season-pass-on-the-apple-tv-app/,"January 29, 2024",UPDATE,Major League Soccer returns to MLS Season Pass on the Apple TV app,2024-01-29
39,/newsroom/2024/01/apple-card-is-helping-cardholders-live-healthier-financial-lives/,"January 30, 2024",UPDATE,Apple Card is helping cardholders live healthier financial lives,2024-01-30
39,/newsroom/2024/02/apple-announces-more-than-600-new-apps-built-for-apple-vision-pro/,"February 1, 2024",UPDATE,Apple announces more than 600 new apps built for Apple Vision Pro,2024-02-01
39,/newsroom/2024/02/apple-reports-first-quarter-results/,"February 1, 2024",PRESS RELEASE,Apple reports first quarter results,2024-02-01
39,/newsroom/2024/02/apple-vision-pro-arrives-in-apple-store-locations-across-the-us/,"February 2, 2024",PHOTOS,Apple Vision Pro arrives in Apple Store locations across the U.S.,2024-02-02
39,/newsroom/2024/02/ushers-road-to-halftime-on-apple-music-launches-today/,"February 5, 2024",PRESS RELEASE,USHER’s Road to Halftime on Apple Music launches today,2024-02-05
39,/newsroom/2024/02/apple-arcade-takes-players-into-a-new-dimension-with-spatial-gaming/,"February 15, 2024",UPDATE,Apple Arcade takes players into a new dimension with spatial gaming,2024-02-15
38,/newsroom/2024/02/2024-mls-season-kicks-off-today-exclusively-on-mls-season-pass-on-apple-tv/,"February 21, 2024",UPDATE,2024 MLS season kicks off today exclusively on MLS Season Pass on Apple TV,2024-02-21
39,/newsroom/2024/02/introducing-apple-sports-a-new-app-for-sports-fans/,"February 21, 2024",PRESS RELEASE,"Introducing Apple Sports, a new app for sports fans",2024-02-21
38,/newsroom/2024/02/apple-expands-self-service-repair-for-mac/,"February 29, 2024",QUICK READ,Apple expands Self Service Repair for Mac,2024-02-29
38,/newsroom/2024/03/apple-unveils-the-new-13-and-15-inch-macbook-air-with-the-powerful-m3-chip/,"March 4, 2024",PRESS RELEASE,Apple unveils the new 13- and 15‑inch MacBook Air with the powerful M3 chip,2024-03-04
38,/newsroom/2024/03/the-app-store-spotify-and-europes-thriving-digital-music-market/,"March 4, 2024",APPLE STATEMENT,"The App Store, Spotify, and Europe’s thriving digital music market",2024-03-04
38,/newsroom/2024/03/apple-introduces-transcripts-for-apple-podcasts/,"March 5, 2024",UPDATE,Apple introduces transcripts for Apple Podcasts,2024-03-05
38,/newsroom/2024/03/three-app-creators-shaping-the-future-of-education-fitness-and-health/,"March 6, 2024",APPLE STORIES,"Three app creators shaping the future of education, fitness, and health",2024-03-06
38,/newsroom/2024/03/friday-night-baseball-returns-to-apple-tv-plus-on-march-29/,"March 7, 2024",UPDATE,“Friday Night Baseball” returns to Apple TV+ on March 29,2024-03-07
38,/newsroom/2024/03/apple-vision-pro-unlocks-new-opportunities-for-health-app-developers/,"March 11, 2024",UPDATE,Apple Vision Pro unlocks new opportunities for health app developers,2024-03-11
38,/newsroom/2024/03/apple-arcade-launches-five-fun-titles-in-april/,"March 12, 2024",UPDATE,Apple Arcade launches five fun titles in April,2024-03-12
38,/newsroom/2024/03/apples-restore-fund-cultivates-new-roots-in-the-atlantic-forest/,"March 13, 2024",APPLE STORIES,Apple’s Restore Fund cultivates new roots in the Atlantic Forest,2024-03-13
37,/newsroom/2024/03/apple-expands-innovative-restore-fund-with-tsmc-and-murata/,"March 13, 2024",QUICK READ,Apple expands innovative Restore Fund with TSMC and Murata,2024-03-13
37,/newsroom/2024/03/apple-jingan-to-welcome-its-first-customers-thursday-march-21-in-shanghai/,"March 18, 2024",PRESS RELEASE,"Apple Jing’an to welcome its first customers Thursday, March 21, in Shanghai",2024-03-18
37,/newsroom/2024/03/apple-jingan-now-open-in-shanghai/,"March 21, 2024",PHOTOS,Apple Jing’an now open in Shanghai,2024-03-21
37,/newsroom/2024/03/apples-worldwide-developers-conference-returns-june-10-2024/,"March 26, 2024",PRESS RELEASE,"Apple’s Worldwide Developers Conference returns June 10, 2024",2024-03-26
37,/newsroom/2024/04/pushing-the-limit-with-apple-watch-ultra-and-the-speed-project/,"April 8, 2024",APPLE STORIES,Pushing the limit with Apple Watch Ultra and The Speed Project,2024-04-08
37,/newsroom/2024/04/apple-vision-pro-brings-a-new-era-of-spatial-computing-to-business/,"April 9, 2024",UPDATE,Apple Vision Pro brings a new era of spatial computing to business,2024-04-09
37,/newsroom/2024/04/apple-to-expand-repair-options-with-support-for-used-genuine-parts/,"April 11, 2024",UPDATE,Apple to expand repair options with support for used genuine parts,2024-04-11
37,/newsroom/2024/04/apple-developer-academy-expands-to-bali/,"April 16, 2024",UPDATE,Apple Developer Academy expands to Bali,2024-04-16
37,/newsroom/2024/04/apple-ramps-up-investment-in-clean-energy-and-water-around-the-world/,"April 17, 2024",UPDATE,Apple ramps up investment in clean energy and water around the world,2024-04-17
37,/newsroom/2024/04/apple-cuts-greenhouse-emissions-in-half/,"April 18, 2024",UPDATE,Apple cuts greenhouse gas emissions in half,2024-04-18
36,/newsroom/2024/04/airplay-is-now-available-in-select-ihg-hotels-and-resorts-properties/,"April 18, 2024",QUICK READ,AirPlay is now available in select IHG Hotels &amp; Resorts properties,2024-04-18
36,/newsroom/2024/04/apple-launches-made-for-business-in-select-stores-around-the-world/,"April 24, 2024",UPDATE,Apple launches “Made for Business” in select stores around the world,2024-04-24
36,/newsroom/2024/05/meet-three-swift-student-challenge-winners-changing-the-future-through-coding/,"May 1, 2024",APPLE STORIES,Meet three Swift Student Challenge winners changing the future through coding,2024-05-01
36,/newsroom/2024/05/apple-reports-second-quarter-results/,"May 2, 2024",PRESS RELEASE,Apple reports second quarter results,2024-05-02
36,/newsroom/2024/05/apples-2024-pride-collection-shines-light-on-lgbtq-plus-communities/,"May 6, 2024",UPDATE,Apple’s 2024 Pride Collection shines light on LGBTQ+ communities,2024-05-06
36,/newsroom/2024/05/new-games-including-rabbids-legends-of-the-multiverse-arrive-on-apple-arcade/,"May 6, 2024",UPDATE,"New games, including Rabbids: Legends of the Multiverse, arrive on Apple Arcade",2024-05-06
35,/newsroom/2024/05/apple-unveils-stunning-new-ipad-pro-with-m4-chip-and-apple-pencil-pro/,"May 7, 2024",PRESS RELEASE,Apple unveils stunning new iPad Pro with M4 chip and Apple Pencil Pro,2024-05-07
36,/newsroom/2024/05/apple-unveils-the-redesigned-11-inch-and-all-new-13-inch-ipad-air-with-m2/,"May 7, 2024",PRESS RELEASE,Apple unveils the redesigned 11‑inch and all‑new 13‑inch iPad Air with M2,2024-05-07
36,/newsroom/2024/05/final-cut-pro-transforms-video-creation-with-live-multicam-on-ipad-and-new-ai-features-on-mac/,"May 7, 2024",PRESS RELEASE,Final Cut Pro transforms video creation with Live Multicam on iPad and new AI features on Mac,2024-05-07
36,/newsroom/2024/05/apple-introduces-m4-chip/,"May 7, 2024",PRESS RELEASE,Apple introduces M4 chip,2024-05-07
36,/newsroom/2024/05/logic-pro-takes-music-making-to-the-next-level-with-new-ai-features/,"May 7, 2024",PRESS RELEASE,Logic Pro takes music-making to the next level with new AI features,2024-05-07
35,/newsroom/2024/05/apple-news-plus-introduces-quartiles-a-new-game-and-offline-mode-for-subscribers/,"May 13, 2024",UPDATE,"Apple News+ introduces Quartiles, a new game, and Offline Mode for subscribers",2024-05-13
35,/newsroom/2024/05/apple-music-celebrates-the-launch-of-inaugural-100-best-albums-list/,"May 13, 2024",PRESS RELEASE,Apple Music celebrates the launch of inaugural 100 Best Albums list,2024-05-13
35,/newsroom/2024/05/apple-and-google-deliver-support-for-unwanted-tracking-alerts-in-ios-and-android/,"May 13, 2024",UPDATE,Apple and Google deliver support for unwanted tracking alerts in iOS and Android,2024-05-13
35,/newsroom/2024/05/app-store-stopped-over-7-billion-usd-in-potentially-fraudulent-transactions/,"May 14, 2024",UPDATE,App Store stopped over $7 billion in potentially fraudulent transactions,2024-05-14
35,/newsroom/2024/05/apple-watch-is-the-perfect-golfing-companion/,"May 15, 2024",UPDATE,Apple Watch is the perfect golfing companion,2024-05-15
35,/newsroom/2024/05/apple-announces-new-accessibility-features-including-eye-tracking/,"May 15, 2024",PRESS RELEASE,"Apple announces new accessibility features, including Eye Tracking",2024-05-15
35,/newsroom/2024/05/the-redesigned-ipad-air-and-new-ipad-pro-are-available-today/,"May 15, 2024",UPDATE,The redesigned iPad Air and new iPad Pro are available today,2024-05-15
35,/newsroom/2024/05/apple-and-ile-de-france-mobilites-introduce-navigo-for-iphone-and-apple-watch/,"May 21, 2024",PRESS RELEASE,Apple and Île-de-France Mobilités introduce Navigo for iPhone and Apple Watch,2024-05-21
35,/newsroom/2024/05/gravity-water-prepares-the-next-generation-of-water-stewards-in-vietnam/,"May 21, 2024",APPLE STORIES,Gravity Water prepares the next generation of water stewards in Vietnam,2024-05-21
34,/newsroom/2024/05/apple-music-reveals-top-10-albums-of-all-time-on-100-best-list/,"May 22, 2024",UPDATE,Apple Music reveals top 10 albums of all time on 100 Best list,2024-05-22
34,/newsroom/2024/05/apple-hearing-study-shares-preliminary-insights-on-tinnitus/,"May 28, 2024",UPDATE,Apple Hearing Study shares preliminary insights on tinnitus,2024-05-28
34,/newsroom/2024/05/apples-worldwide-developers-conference-to-kick-off-june-10-with-keynote-address/,"May 28, 2024",UPDATE,Apple’s Worldwide Developers Conference to kick off June 10 with Keynote address,2024-05-28
34,/newsroom/2024/06/apple-books-becomes-official-audiobook-home-for-reeses-book-club/,"June 4, 2024",UPDATE,Apple Books becomes official audiobook home for Reese’s Book Club,2024-06-04
34,/newsroom/2024/06/apple-and-major-league-baseball-announce-july-friday-night-baseball-schedule/,"June 5, 2024",QUICK READ,Apple and MLB announce the July schedule for “Friday Night Baseball”,2024-06-05
34,/newsroom/2024/06/apple-announces-winners-of-the-2024-apple-design-awards/,"June 6, 2024",UPDATE,Apple announces winners of the 2024 Apple Design Awards,2024-06-06
34,/newsroom/2024/06/seven-new-games-launch-on-apple-arcade-including-outlanders-2-second-nature/,"June 6, 2024",UPDATE,"Seven new games launch on Apple Arcade, including Outlanders 2: Second Nature",2024-06-06
34,/newsroom/2024/06/apple-expands-developer-support-and-resources/,"June 7, 2024",UPDATE,Apple expands developer support and resources,2024-06-07
33,/newsroom/2024/06/macos-sequoia-takes-productivity-and-intelligence-on-mac-to-new-heights/,"June 10, 2024",PRESS RELEASE,macOS Sequoia takes productivity and intelligence on Mac to new heights,2024-06-10
33,/newsroom/2024/06/ios-18-makes-iphone-more-personal-capable-and-intelligent-than-ever/,"June 10, 2024",PRESS RELEASE,"iOS 18 makes iPhone more personal, capable, and intelligent than ever",2024-06-10
33,/newsroom/2024/06/apple-vision-pro-arrives-in-new-countries-and-regions-beginning-june-28/,"June 10, 2024",PRESS RELEASE,Apple Vision Pro arrives in new countries and regions beginning June 28,2024-06-10
33,/newsroom/2024/06/visionos-2-brings-new-spatial-computing-experiences-to-apple-vision-pro/,"June 10, 2024",PRESS RELEASE,visionOS 2 brings new spatial computing experiences to Apple Vision Pro,2024-06-10
33,/newsroom/2024/06/ipados-18-introduces-powerful-intelligence-features-and-apps-for-apple-pencil/,"June 10, 2024",PRESS RELEASE,iPadOS 18 introduces powerful intelligence features and apps for Apple Pencil,2024-06-10
33,/newsroom/2024/06/introducing-apple-intelligence-for-iphone-ipad-and-mac/,"June 10, 2024",PRESS RELEASE,"Introducing Apple Intelligence for iPhone, iPad, and Mac",2024-06-10
33,/newsroom/2024/06/updates-to-the-home-experience-elevate-entertainment-and-bring-more-convenience/,"June 10, 2024",PRESS RELEASE,Updates to the Home experience elevate entertainment and bring more convenience,2024-06-10
33,/newsroom/2024/06/airpods-introduce-convenient-ways-to-communicate-and-interact/,"June 10, 2024",QUICK READ,AirPods introduce convenient ways to communicate and interact,2024-06-10
33,/newsroom/2024/06/apple-extends-its-privacy-leadership-with-new-updates-across-its-platforms/,"June 10, 2024",PRESS RELEASE,Apple extends its privacy leadership with new updates across its platforms,2024-06-10
34,/newsroom/2024/06/wwdc24-highlights/,"June 10, 2024",PHOTOS,WWDC24 Highlights,2024-06-10
33,/newsroom/2024/06/watchos-11-brings-powerful-health-and-fitness-insights/,"June 10, 2024",PRESS RELEASE,watchOS 11 brings powerful health and fitness insights,2024-06-10
34,/newsroom/2024/06/apple-empowers-developers-and-fuels-innovation-with-new-tools-and-resources/,"June 10, 2024",PRESS RELEASE,Apple empowers developers and fuels innovation with new tools and resources,2024-06-10
32,/newsroom/2024/06/new-features-come-to-apple-services-this-fall/,"June 11, 2024",UPDATE,New features come to Apple services this fall,2024-06-11
32,/newsroom/2024/06/apple-developer-academy-introduces-ai-training-for-all-students-and-alumni/,"June 18, 2024",QUICK READ,Apple Developer Academy introduces AI training for all students and alumni,2024-06-18
32,/newsroom/2024/06/apple-the-exchange-trx-opens-saturday-june-22-in-kuala-lumpur/,"June 19, 2024",PRESS RELEASE,"Apple The Exchange TRX opens Saturday, June 22, in Kuala Lumpur",2024-06-19
32,/newsroom/2024/06/apple-arcade-launches-two-hit-games-on-apple-vision-pro/,"June 20, 2024",UPDATE,Apple Arcade launches two hit games on Apple Vision Pro,2024-06-20
32,/newsroom/2024/06/new-versions-of-final-cut-pro-for-ipad-and-mac-available-today/,"June 20, 2024",QUICK READ,New versions of Final Cut Pro for iPad and Mac available today,2024-06-20
32,/newsroom/2024/06/apple-the-exchange-trx-now-open-in-kuala-lumpur/,"June 22, 2024",PHOTOS,Apple The Exchange TRX now open in Kuala Lumpur,2024-06-22
32,/newsroom/2024/06/apple-expands-self-service-repair-diagnostics-support-to-europe/,"June 26, 2024",QUICK READ,Apple expands Self Service Repair Diagnostics support to Europe,2024-06-26
32,/newsroom/2024/06/hbcu-students-chart-their-career-paths-in-americas-music-city/,"June 27, 2024",APPLE STORIES,HBCU students chart their career paths in America’s Music City,2024-06-27
32,/newsroom/2024/06/apple-vision-pro-arrives-in-china-mainland-hong-kong-japan-and-singapore/,"June 27, 2024",PHOTOS,"Apple Vision Pro arrives in China mainland, Hong Kong, Japan, and Singapore",2024-06-27
32,/newsroom/2024/07/three-new-games-come-to-apple-arcade-in-august-including-temple-run-legends/,"July 9, 2024",UPDATE,"Three new games come to Apple Arcade in August, including Temple Run: Legends",2024-07-09
31,/newsroom/2024/07/apple-and-major-league-baseball-announce-august-friday-night-baseball-schedule/,"July 9, 2024",QUICK READ,"Apple, Major League Baseball announce August “Friday Night Baseball” schedule",2024-07-09
31,/newsroom/2024/07/apple-introduces-homepod-mini-in-midnight/,"July 15, 2024",UPDATE,Apple introduces HomePod mini in midnight,2024-07-15
31,/newsroom/2024/07/apple-scores-record-72-emmy-award-nominations-and-sweeps-across-top-categories/,"July 17, 2024",PRESS RELEASE,Apple scores record 72 Emmy Award nominations and sweeps across top categories,2024-07-17
31,/newsroom/2024/07/apple-helps-launch-bay-area-housing-innovation-fund/,"July 17, 2024",UPDATE,Apple helps launch Bay Area Housing Innovation Fund,2024-07-17
31,/newsroom/2024/07/new-apple-immersive-video-series-and-films-premiere-on-vision-pro/,"July 18, 2024",UPDATE,New Apple Immersive Video series and films premiere on Vision Pro,2024-07-18
31,/newsroom/2024/07/apple-maps-on-the-web-launches-in-beta/,"July 24, 2024",QUICK READ,Apple Maps on the web launches in beta,2024-07-24
31,/newsroom/2024/07/leagues-cup-returns-to-mls-season-pass-on-apple-tv-on-july-26/,"July 25, 2024",UPDATE,Leagues Cup returns to MLS Season Pass on Apple TV on July 26,2024-07-25
31,/newsroom/2024/08/apple-reports-third-quarter-results/,"August 1, 2024",PRESS RELEASE,Apple reports third quarter results,2024-08-01
31,/newsroom/2024/08/apple-arcade-launches-three-new-games-in-september-including-nfl-retro-bowl-25/,"August 6, 2024",UPDATE,"Apple Arcade launches three new games in September, including NFL Retro Bowl ’25",2024-08-06
31,/newsroom/2024/08/apple-major-league-baseball-announce-september-friday-night-baseball-schedule/,"August 7, 2024",QUICK READ,"Apple, MLB announce September “Friday Night Baseball” schedule",2024-08-07
30,/newsroom/2024/08/developers-can-soon-offer-in-app-nfc-transactions-using-the-secure-element/,"August 14, 2024",QUICK READ,Developers can soon offer in‑app NFC transactions using the Secure Element,2024-08-14
30,/newsroom/2024/08/apple-card-named-best-in-customer-satisfaction-by-jd-power/,"August 15, 2024",UPDATE,Apple Card named best in customer satisfaction by J.D. Power,2024-08-15
30,/newsroom/2024/08/drivers-licenses-and-state-ids-in-apple-wallet-are-coming-soon-to-california/,"August 15, 2024",UPDATE,Driver’s licenses and state IDs in Apple Wallet are coming soon to California,2024-08-15
30,/newsroom/2024/08/college-students-head-to-campus-with-mac-and-ipad/,"August 19, 2024",UPDATE,College students head to campus with Mac and iPad,2024-08-19
30,/newsroom/2024/08/apple-celebrates-americas-national-parks/,"August 19, 2024",UPDATE,Apple celebrates America’s national parks,2024-08-19
30,/newsroom/2024/08/apple-and-4-h-are-bringing-technology-to-a-new-generation-of-learners/,"August 21, 2024",APPLE STORIES,Apple and 4-H are bringing technology to a new generation of learners,2024-08-21
30,/newsroom/2024/08/apple-announces-chief-financial-officer-transition/,"August 26, 2024",PRESS RELEASE,Apple announces Chief Financial Officer transition,2024-08-26
30,/newsroom/2024/08/apple-sports-is-ready-for-football-season/,"August 29, 2024",UPDATE,Apple Sports is ready for football season,2024-08-29
30,/newsroom/2024/09/eight-games-join-apple-arcade-including-balatro-and-nba-2k25-arcade-edition/,"September 5, 2024",UPDATE,"Eight games join Apple Arcade, including Balatro+",2024-09-05
29,/newsroom/2024/09/apple-debuts-iphone-16-pro-and-iphone-16-pro-max/,"September 9, 2024",PRESS RELEASE,Apple debuts iPhone 16 Pro and iPhone 16 Pro Max,2024-09-09
29,/newsroom/2024/09/apple-introduces-iphone-16-and-iphone-16-plus/,"September 9, 2024",PRESS RELEASE,Apple introduces iPhone 16 and iPhone 16 Plus,2024-09-09
29,/newsroom/2024/09/apple-intelligence-comes-to-iphone-ipad-and-mac-starting-next-month/,"September 9, 2024",UPDATE,"Apple Intelligence comes to iPhone, iPad, and Mac starting next month",2024-09-09
30,/newsroom/2024/09/apple-introduces-groundbreaking-health-features/,"September 9, 2024",PRESS RELEASE,Apple introduces groundbreaking health features,2024-09-09
29,/newsroom/2024/09/apple-watch-ultra-2-now-available-in-black-titanium/,"September 9, 2024",PRESS RELEASE,Apple Watch Ultra 2 now available in black titanium,2024-09-09
29,/newsroom/2024/09/introducing-apple-watch-series-10/,"September 9, 2024",PRESS RELEASE,Introducing Apple Watch Series 10,2024-09-09
29,/newsroom/2024/09/apple-introduces-airpods-4-and-a-hearing-health-experience-with-airpods-pro-2/,"September 9, 2024",PRESS RELEASE,Apple introduces AirPods 4 and a hearing health experience with AirPods Pro 2,2024-09-09
29,/newsroom/2024/09/get-ready-to-upgrade-to-the-new-iphone-16-apple-watch-and-airpods-lineups/,"September 12, 2024",UPDATE,"Get ready to upgrade to the new iPhone 16, Apple Watch, and AirPods lineups",2024-09-12
29,/newsroom/2024/09/watchos-11-is-available-today/,"September 16, 2024",UPDATE,watchOS 11 is available today,2024-09-16
29,/newsroom/2024/09/macos-sequoia-is-available-today/,"September 16, 2024",UPDATE,macOS Sequoia is available today,2024-09-16
29,/newsroom/2024/09/ios-18-is-available-today-making-iphone-more-personal-and-capable-than-ever/,"September 16, 2024",UPDATE,"iOS 18 is available today, making iPhone more personal and capable than ever",2024-09-16
28,/newsroom/2024/09/ipados-18-is-now-available-taking-ipad-to-the-next-level/,"September 16, 2024",UPDATE,"iPadOS 18 is now available, taking iPad to the next level",2024-09-16
28,/newsroom/2024/09/tvos-18-is-now-available/,"September 16, 2024",UPDATE,tvOS 18 is now available,2024-09-16
28,/newsroom/2024/09/visionos-2-for-apple-vision-pro-is-available-today/,"September 16, 2024",UPDATE,visionOS 2 for Apple Vision Pro is available today,2024-09-16
28,/newsroom/2024/09/apple-maps-introduces-new-ways-to-explore-the-world/,"September 16, 2024",UPDATE,Apple Maps introduces new ways to explore the world,2024-09-16
28,/newsroom/2024/09/apple-brings-california-drivers-licenses-and-state-ids-to-apple-wallet/,"September 19, 2024",UPDATE,Apple brings California driver’s licenses and state IDs to Apple Wallet,2024-09-19
28,/newsroom/2024/09/the-iphone-16-lineup-airpods-4-apple-watch-series-10-arrive-around-the-world/,"September 20, 2024",PHOTOS,"The iPhone 16 lineup, AirPods 4, Apple Watch Series 10 arrive around the world",2024-09-20
28,/newsroom/2024/10/apple-launches-new-resources-for-teachers-expands-education-grant-program/,"October 1, 2024",PRESS RELEASE,"Apple launches new resources for teachers, expands education grant program",2024-10-01
28,/newsroom/2024/10/apple-podcasts-spotlights-narrative-series/,"October 1, 2024",UPDATE,Apple Podcasts spotlights narrative series,2024-10-01
28,/newsroom/2024/10/apples-swift-student-challenge-to-open-in-february-2025/,"October 8, 2024",QUICK READ,Apple’s Swift Student Challenge to open in February 2025,2024-10-08
28,/newsroom/2024/10/apple-debuts-the-first-scripted-film-captured-in-apple-immersive-video/,"October 10, 2024",UPDATE,Apple debuts the first scripted film captured in Apple Immersive Video,2024-10-10
27,/newsroom/2024/10/apple-introduces-powerful-new-ipad-mini-built-for-apple-intelligence/,"October 15, 2024",PRESS RELEASE,Apple introduces powerful new iPad mini built for Apple Intelligence,2024-10-15
27,/newsroom/2024/10/apple-expands-tools-to-help-businesses-connect-with-customers/,"October 16, 2024",UPDATE,Apple expands tools to help businesses connect with customers,2024-10-16
27,/newsroom/2024/10/apple-celebrates-10-years-of-apple-pay/,"October 17, 2024",UPDATE,Apple celebrates 10 years of Apple Pay,2024-10-17
27,/newsroom/2024/10/the-new-ipad-mini-is-available-today/,"October 23, 2024",QUICK READ,The new iPad mini is available today,2024-10-23
27,/newsroom/2024/10/mls-cup-playoffs-debut-to-stream-free-on-mls-season-pass-on-apple-tv/,"October 23, 2024",UPDATE,Messi’s MLS Cup Playoffs debut to stream free on MLS Season Pass on Apple TV,2024-10-23
27,/newsroom/2024/10/how-apple-developed-the-worlds-first-end-to-end-hearing-health-experience/,"October 28, 2024",APPLE STORIES,How Apple developed the world’s first end-to-end hearing health experience,2024-10-28
27,/newsroom/2024/10/apple-intelligence-is-available-today-on-iphone-ipad-and-mac/,"October 28, 2024",PRESS RELEASE,"Apple Intelligence is available today on iPhone, iPad, and Mac",2024-10-28
27,/newsroom/2024/10/apple-introduces-new-imac-supercharged-by-m4-and-apple-intelligence/,"October 28, 2024",PRESS RELEASE,Apple introduces new iMac supercharged by M4 and Apple Intelligence,2024-10-28
27,/newsroom/2024/10/apples-new-mac-mini-is-more-mighty-more-mini-and-built-for-apple-intelligence/,"October 29, 2024",PRESS RELEASE,"Apple’s new Mac mini is more mighty, more mini, and built for Apple Intelligence",2024-10-29
27,/newsroom/2024/10/new-macbook-pro-features-m4-family-of-chips-and-apple-intelligence/,"October 30, 2024",PRESS RELEASE,New MacBook Pro features M4 family of chips and Apple Intelligence,2024-10-30
26,/newsroom/2024/10/apple-introduces-m4-pro-and-m4-max/,"October 30, 2024",PRESS RELEASE,Apple introduces M4 Pro and M4 Max,2024-10-30
26,/newsroom/2024/10/apple-reports-fourth-quarter-results/,"October 31, 2024",PRESS RELEASE,Apple reports fourth quarter results,2024-10-31
26,/newsroom/2024/11/driving-the-game-forward-ipad-teams-up-with-college-football/,"November 1, 2024",APPLE STORIES,Driving the game forward: iPad teams up with college football,2024-11-01
26,/newsroom/2024/11/apples-find-my-enables-sharing-location-of-lost-items-with-third-parties/,"November 11, 2024",UPDATE,Apple’s Find My enables sharing location of lost items with third parties,2024-11-11
26,/newsroom/2024/11/apple-arcade-unwraps-new-games-for-the-holiday-season/,"November 13, 2024",UPDATE,Apple Arcade unwraps new games for the holiday season,2024-11-13
26,/newsroom/2024/11/final-cut-pro-11-begins-a-new-chapter-for-video-editing-on-mac/,"November 13, 2024",UPDATE,Final Cut Pro 11 begins a new chapter for video editing on Mac,2024-11-13
26,/newsroom/2024/11/apple-debuts-the-weeknds-immersive-music-experience-for-apple-vision-pro/,"November 14, 2024",UPDATE,Apple debuts The Weeknd’s immersive music experience for Apple Vision Pro,2024-11-14
26,/newsroom/2024/11/apple-shares-the-most-popular-podcasts-of-2024/,"November 19, 2024",QUICK READ,Apple shares the most popular podcasts of 2024,2024-11-19
26,/newsroom/2024/11/shazam-hits-100-billion-song-recognitions/,"November 20, 2024",UPDATE,Shazam hits 100 billion song recognitions,2024-11-20
26,/newsroom/2024/11/billie-eilish-is-apple-musics-artist-of-the-year-for-2024/,"November 21, 2024",UPDATE,Billie Eilish is Apple Music’s Artist of the Year for 2024,2024-11-21
25,/newsroom/2024/11/apple-reveals-45-app-and-game-finalists-for-the-2024-app-store-awards/,"November 25, 2024",UPDATE,Apple reveals 45 app and game finalists for the 2024 App Store Awards,2024-11-25
25,/newsroom/2024/12/apple-podcasts-names-hysterical-the-2024-show-of-the-year/,"December 3, 2024",UPDATE,Apple Podcasts names Hysterical the 2024 Show of the Year,2024-12-03
25,/newsroom/2024/12/mls-cup-streams-free-on-apple-tv-this-saturday/,"December 5, 2024",QUICK READ,MLS Cup streams free on Apple TV this Saturday,2024-12-05
25,/newsroom/2024/12/apple-announces-apple-retail-expansion-in-the-kingdom-of-saudi-arabia/,"December 8, 2024",PRESS RELEASE,Apple announces Apple Retail expansion in the Kingdom of Saudi Arabia,2024-12-08
25,/newsroom/2024/12/apple-music-expands-live-global-radio-offering-with-three-brand-new-stations/,"December 10, 2024",PRESS RELEASE,Apple Music expands live global radio offering with three brand-new stations,2024-12-10
25,/newsroom/2024/12/apple-intelligence-now-features-image-playground-genmoji-and-more/,"December 11, 2024",PRESS RELEASE,"Apple Intelligence now features Image Playground, Genmoji, and more",2024-12-11
25,/newsroom/2024/12/apple-honors-2024-app-store-award-winners/,"December 11, 2024",PRESS RELEASE,Apple honors 2024 App Store Award winners,2024-12-11
25,/newsroom/2024/12/voice-memos-update-brings-layered-recording-to-iphone-16-pro-lineup/,"December 11, 2024",UPDATE,Voice Memos update brings Layered Recording to iPhone 16 Pro lineup,2024-12-11
25,/newsroom/2024/12/his-majesty-king-charles-iii-visits-apples-uk-headquarters/,"December 12, 2024",PHOTOS,His Majesty King Charles III visits Apple’s U.K. headquarters,2024-12-12
25,/newsroom/2024/12/apple-reveals-2024s-most-downloaded-apps-and-games-on-the-app-store/,"December 16, 2024",QUICK READ,Apple reveals 2024’s most downloaded apps and games on the App Store,2024-12-16
24,/newsroom/2025/01/apple-fitness-plus-unveils-an-exciting-lineup-of-new-ways-to-stay-active-in-2025/,"January 3, 2025",UPDATE,Apple Fitness+ unveils an exciting lineup of new ways to stay active in 2025,2025-01-03
24,/newsroom/2025/01/our-longstanding-privacy-commitment-with-siri/,"January 8, 2025",APPLE STATEMENT,Our longstanding privacy commitment with Siri,2025-01-08
24,/newsroom/2025/01/apple-arcade-launches-into-2025-with-10-new-games-including-pga-tour-pro-golf/,"January 10, 2025",UPDATE,"Apple Arcade launches into 2025 with 10 new games, including PGA TOUR Pro Golf",2025-01-10
24,/newsroom/2025/01/apple-mixc-hefei-opens-for-customers-this-saturday-january-18-in-anhui-china/,"January 15, 2025",PRESS RELEASE,"Apple MixC Hefei opens for customers this Saturday in Anhui, China",2025-01-15
24,/newsroom/2025/01/apple-miami-worldcenter-opens-friday-january-24-in-downtown-miami/,"January 22, 2025",PRESS RELEASE,"Apple Miami Worldcenter opens Friday, January 24, in downtown Miami",2025-01-22
24,/newsroom/2025/01/apple-miami-worldcenter-opens-to-excited-customers-in-downtown-miami/,"January 24, 2025",PHOTOS,Apple Miami Worldcenter opens to excited customers in downtown Miami,2025-01-24
24,/newsroom/2025/01/apple-introduces-the-2025-black-unity-collection/,"January 27, 2025",UPDATE,Apple introduces the 2025 Black Unity Collection,2025-01-27
24,/newsroom/2025/01/major-league-soccer-returns-to-mls-season-pass-on-apple-tv/,"January 29, 2025",UPDATE,Major League Soccer returns to MLS Season Pass on Apple TV,2025-01-29
24,/newsroom/2025/01/apple-reports-first-quarter-results/,"January 30, 2025",PRESS RELEASE,Apple reports first quarter results,2025-01-30
24,/newsroom/2025/02/new-orleans-students-showcase-their-creativity-with-ipad-and-mac/,"February 3, 2025",APPLE STORIES,New Orleans students showcase their creativity with iPad and Mac,2025-02-03
23,/newsroom/2025/02/apple-music-kicks-off-kendrick-lamars-road-to-halftime-ahead-of-super-bowl-lix/,"February 3, 2025",PRESS RELEASE,Apple Music kicks off Kendrick Lamar’s Road to Halftime ahead of Super Bowl LIX,2025-02-03
23,/newsroom/2025/02/introducing-apple-invites-a-new-app-that-brings-people-together/,"February 4, 2025",PRESS RELEASE,"Introducing Apple Invites, a new app that brings people together",2025-02-04
23,/newsroom/2025/02/new-holistic-apple-health-study-launches-today-in-the-research-app/,"February 12, 2025",UPDATE,New holistic Apple Health Study launches today in the Research app,2025-02-12
23,/newsroom/2025/02/the-apple-tv-app-is-now-available-on-android/,"February 12, 2025",UPDATE,The Apple TV app is now available on Android,2025-02-12
23,/newsroom/2025/02/major-league-soccer-kicks-off-30th-season-this-weekend-on-mls-season-pass/,"February 18, 2025",UPDATE,Major League Soccer kicks off 30th season this weekend on MLS Season Pass,2025-02-18
23,/newsroom/2025/02/apple-debuts-iphone-16e-a-powerful-new-member-of-the-iphone-16-family/,"February 19, 2025",PRESS RELEASE,Apple debuts iPhone 16e: A powerful new member of the iPhone 16 family,2025-02-19
23,/newsroom/2025/02/capturing-paradise-karston-tannis-re-creates-island-vibes-with-iphone-16-pro-max/,"February 21, 2025",APPLE STORIES,Capturing paradise: Karston Tannis re‑creates island vibes with iPhone 16 Pro Max,2025-02-21
23,/newsroom/2025/02/apple-intelligence-comes-to-apple-vision-pro-in-april/,"February 21, 2025",UPDATE,Apple Intelligence comes to Apple Vision Pro in April,2025-02-21
23,/newsroom/2025/02/apple-intelligence-expands-to-more-languages-and-regions-in-april/,"February 21, 2025",QUICK READ,Apple Intelligence expands to more languages and regions in April,2025-02-21
23,/newsroom/2025/02/apple-introduces-news-plus-food/,"February 21, 2025",UPDATE,Apple introduces News+ Food,2025-02-21
22,/newsroom/2025/02/apple-will-spend-more-than-500-billion-usd-in-the-us-over-the-next-four-years/,"February 24, 2025",PRESS RELEASE,Apple will spend more than $500 billion in the U.S. over the next four years,2025-02-24
22,/newsroom/2025/02/upgrade-to-iphone-16e-a-powerful-new-member-of-the-iphone-16-family/,"February 28, 2025",QUICK READ,"Upgrade to iPhone 16e, a powerful new member of the iPhone 16 family",2025-02-28
22,/newsroom/2025/03/friday-night-baseball-returns-to-apple-tv-plus-on-march-28/,"March 3, 2025",UPDATE,“Friday Night Baseball” returns to Apple TV+ on March 28,2025-03-03
22,/newsroom/2025/03/apple-introduces-ipad-air-with-powerful-m3-chip-and-new-magic-keyboard/,"March 4, 2025",PRESS RELEASE,Apple introduces iPad Air with powerful M3 chip and new Magic Keyboard,2025-03-04
22,/newsroom/2025/03/apple-reveals-m3-ultra-taking-apple-silicon-to-a-new-extreme/,"March 5, 2025",PRESS RELEASE,"Apple reveals M3 Ultra, taking Apple silicon to a new extreme",2025-03-05
22,/newsroom/2025/03/apple-introduces-the-new-macbook-air-with-the-m4-chip-and-a-sky-blue-color/,"March 5, 2025",PRESS RELEASE,Apple introduces the new MacBook Air with the M4 chip and a sky blue color,2025-03-05
22,/newsroom/2025/03/apple-unveils-new-mac-studio-the-most-powerful-mac-ever/,"March 5, 2025",PRESS RELEASE,"Apple unveils new Mac Studio, the most powerful Mac ever",2025-03-05
22,/newsroom/2025/03/apple-arcade-launches-new-katamari-and-space-invaders-games-in-april/,"March 11, 2025",UPDATE,Apple Arcade launches new Katamari and Space Invaders games in April,2025-03-11
22,/newsroom/2025/03/apple-unveils-immersive-concert-experience-with-metallica-for-apple-vision-pro/,"March 11, 2025",UPDATE,Apple unveils immersive concert experience with Metallica for Apple Vision Pro,2025-03-11
22,/newsroom/2025/03/lossless-audio-and-ultra-low-latency-audio-come-to-airpods-max/,"March 24, 2025",UPDATE,Lossless audio and ultra‑low latency audio come to AirPods Max,2025-03-24
21,/newsroom/2025/03/apples-worldwide-developers-conference-returns-the-week-of-june-9/,"March 25, 2025",PRESS RELEASE,Apple’s Worldwide Developers Conference returns the week of June 9,2025-03-25
21,/newsroom/2025/03/how-the-mind-splitting-world-of-severance-comes-together-on-mac/,"March 26, 2025",APPLE STORIES,How the mind-splitting world of Severance comes together on Mac,2025-03-26
21,/newsroom/2025/03/apple-intelligence-comes-to-apple-vision-pro-today-with-visionos-2-4/,"March 31, 2025",UPDATE,Apple Intelligence comes to Apple Vision Pro today with visionOS 2.4,2025-03-31
21,/newsroom/2025/03/apple-intelligence-features-expand-to-new-languages-and-regions-today/,"March 31, 2025",QUICK READ,Apple Intelligence features expand to new languages and regions today,2025-03-31
21,/newsroom/2025/04/what-the-clash-joins-apple-arcade-in-may-among-five-new-games/,"April 8, 2025",UPDATE,"WHAT THE CLASH? joins Apple Arcade in May, among five new games",2025-04-08
21,/newsroom/2025/04/get-active-with-apple-watch/,"April 14, 2025",UPDATE,Get active with Apple Watch,2025-04-14
21,/newsroom/2025/04/meet-four-emerging-filmmakers-bending-cultural-and-creative-lines-with-iphone-16-pro-max/,"April 15, 2025",APPLE STORIES,Meet four emerging filmmakers bending cultural and creative lines with iPhone 16 Pro Max,2025-04-15
21,/newsroom/2025/04/apple-surpasses-60-percent-reduction-in-global-greenhouse-gas-emissions/,"April 16, 2025",UPDATE,Apple surpasses 60 percent reduction in global greenhouse gas emissions,2025-04-16
21,/newsroom/2025/05/apple-reports-second-quarter-results/,"May 1, 2025",PRESS RELEASE,Apple reports second quarter results,2025-05-01
21,/newsroom/2025/05/apple-introduces-the-2025-pride-collection/,"May 5, 2025",UPDATE,Apple introduces the 2025 Pride Collection,2025-05-05
20,/newsroom/2025/05/apple-arcade-adds-five-new-games-in-june-including-uno-arcade-edition/,"May 6, 2025",UPDATE,"Apple Arcade adds five new games in June, including UNO: Arcade Edition",2025-05-06
20,/newsroom/2025/05/meet-four-of-this-years-swift-student-challenge-winners/,"May 8, 2025",APPLE STORIES,Meet four of this year’s Swift Student Challenge winners,2025-05-08
20,/newsroom/2025/05/apple-unveils-powerful-accessibility-features-coming-later-this-year/,"May 13, 2025",PRESS RELEASE,Apple unveils powerful accessibility features coming later this year,2025-05-13
20,/newsroom/2025/05/universal-music-group-and-apple-music-announce-sound-therapy/,"May 13, 2025",UPDATE,Universal Music Group and Apple Music announce Sound Therapy,2025-05-13
20,/newsroom/2025/05/apple-brings-insights-ratings-and-reviews-from-expert-sources-to-apple-maps/,"May 14, 2025",UPDATE,"Apple brings insights, ratings, and reviews from expert sources to Apple Maps",2025-05-14
20,/newsroom/2025/05/carplay-ultra-the-next-generation-of-carplay-begins-rolling-out-today/,"May 15, 2025",UPDATE,"CarPlay Ultra, the next generation of CarPlay, begins rolling out today",2025-05-15
20,/newsroom/2025/05/apples-worldwide-developers-conference-kicks-off-june-9/,"May 20, 2025",UPDATE,Apple’s Worldwide Developers Conference kicks off June 9,2025-05-20
20,/newsroom/2025/05/apple-products-transform-care-at-emory-healthcare/,"May 22, 2025",UPDATE,Apple products transform care at Emory Healthcare,2025-05-22
20,/newsroom/2025/05/the-app-store-prevented-more-than-9-billion-usd-in-fraudulent-transactions/,"May 27, 2025",UPDATE,The App Store prevented more than $9 billion in fraudulent transactions,2025-05-27
19,/newsroom/2025/05/logic-pro-amplifies-beat-making-on-mac-and-ipad-with-advanced-new-capabilities/,"May 28, 2025",UPDATE,Logic Pro amplifies beat making on Mac and iPad with advanced new capabilities,2025-05-28
20,/newsroom/2025/05/apple-launches-self-service-repair-for-ipad-expands-repair-programs/,"May 28, 2025",QUICK READ,"Apple launches Self Service Repair for iPad, expands repair programs",2025-05-28
19,/newsroom/2025/05/app-store-in-the-us-facilitated-406-billion-usd-in-developer-billings-and-sales-in-2024/,"May 29, 2025",UPDATE,App Store in the U.S. facilitated $406B in developer billings and sales in 2024,2025-05-29
19,/newsroom/2025/06/apple-unveils-winners-and-finalists-of-the-2025-apple-design-awards/,"June 3, 2025",UPDATE,Apple unveils winners and finalists of the 2025 Apple Design Awards,2025-06-03
19,/newsroom/2025/06/global-app-store-helps-developers-reach-new-heights/,"June 5, 2025",UPDATE,Global App Store helps developers reach new heights,2025-06-05
19,/newsroom/2025/06/apple-arcade-welcomes-nine-new-games/,"June 5, 2025",UPDATE,Apple Arcade welcomes nine new games,2025-06-05
19,/newsroom/2025/06/apple-and-major-league-baseball-announce-july-friday-night-baseball-schedule/,"June 5, 2025",UPDATE,Apple and Major League Baseball announce July “Friday Night Baseball” schedule,2025-06-05
18,/newsroom/2025/06/ipados-26-introduces-powerful-new-features-that-push-ipad-even-further/,"June 9, 2025",PRESS RELEASE,iPadOS 26 introduces powerful new features that push iPad even further,2025-06-09
18,/newsroom/2025/06/apple-intelligence-gets-even-more-powerful-with-new-capabilities-across-apple-devices/,"June 9, 2025",PRESS RELEASE,Apple Intelligence gets even more powerful with new capabilities across Apple devices,2025-06-09
18,/newsroom/2025/06/apple-elevates-the-iphone-experience-with-ios-26/,"June 9, 2025",PRESS RELEASE,Apple elevates the iPhone experience with iOS 26,2025-06-09
18,/newsroom/2025/06/macos-tahoe-26-makes-the-mac-more-capable-productive-and-intelligent-than-ever/,"June 9, 2025",PRESS RELEASE,"macOS Tahoe 26 makes the Mac more capable, productive, and intelligent than ever",2025-06-09
18,/newsroom/2025/06/apple-introduces-a-delightful-and-elegant-new-software-design/,"June 9, 2025",PRESS RELEASE,Apple introduces a delightful and elegant new software design,2025-06-09
19,/newsroom/2025/06/visionos-26-introduces-powerful-new-spatial-experiences-for-apple-vision-pro/,"June 9, 2025",PRESS RELEASE,visionOS 26 introduces powerful new spatial experiences for Apple Vision Pro,2025-06-09
19,/newsroom/2025/06/apple-tv-brings-a-beautiful-redesign-and-enhanced-home-entertainment-experience/,"June 9, 2025",UPDATE,Apple TV brings a beautiful redesign and enhanced home entertainment experience,2025-06-09
19,/newsroom/2025/06/airpods-now-more-versatile-with-studio-quality-audio-recording-and-camera-remote/,"June 9, 2025",QUICK READ,AirPods get more versatile,2025-06-09
18,/newsroom/2025/06/watchos-26-delivers-more-personalized-ways-to-stay-active-and-connected/,"June 9, 2025",PRESS RELEASE,watchOS 26 delivers more personalized ways to stay active and connected,2025-06-09
19,/newsroom/2025/06/apple-supercharges-its-tools-and-technologies-for-developers/,"June 9, 2025",PRESS RELEASE,Apple supercharges its tools and technologies for developers,2025-06-09
18,/newsroom/2025/06/apple-services-deliver-powerful-features-and-intelligent-updates-to-users-this-fall/,"June 10, 2025",UPDATE,Apple services deliver powerful features and intelligent updates to users this fall,2025-06-10
18,/newsroom/2025/06/introducing-the-apple-games-app-a-personalized-home-for-games/,"June 10, 2025",UPDATE,Introducing the Apple Games app: A personalized home for games,2025-06-10
18,/newsroom/2025/06/apple-expands-tools-to-help-parents-protect-kids-and-teens-online/,"June 11, 2025",UPDATE,Apple expands tools to help parents protect kids and teens online,2025-06-11
18,/newsroom/2025/06/apple-sports-serves-up-tennis-just-in-time-for-wimbledon/,"June 25, 2025",UPDATE,"Apple Sports serves up tennis, just in time for Wimbledon",2025-06-25
17,/newsroom/2025/06/apple-music-celebrates-10-years-with-the-launch-of-a-new-global-hub-for-artists/,"June 30, 2025",PRESS RELEASE,Apple Music celebrates 10 years with the launch of a new global hub for artists,2025-06-30
17,/newsroom/2025/07/apple-and-major-league-baseball-announce-august-friday-night-baseball-schedule/,"July 1, 2025",QUICK READ,Apple and Major League Baseball announce August “Friday Night Baseball” schedule,2025-07-01
17,/newsroom/2025/07/apple-arcade-launches-four-new-games-in-august/,"July 8, 2025",UPDATE,Apple Arcade launches four new games in August,2025-07-08
17,/newsroom/2025/07/apple-announces-chief-operating-officer-transition/,"July 8, 2025",PRESS RELEASE,Apple announces chief operating officer transition,2025-07-08
17,/newsroom/2025/07/apple-expands-us-supply-chain-with-500-million-usd-commitment/,"July 15, 2025",UPDATE,Apple expands U.S. supply chain with $500 million commitment,2025-07-15
17,/newsroom/2025/07/apple-lands-record-breaking-81-emmy-award-nominations-with-severance-leading/,"July 15, 2025",PRESS RELEASE,Apple lands record-breaking 81 Emmy Award nominations with Severance leading,2025-07-15
17,/newsroom/2025/07/apple-news-plus-introduces-emoji-game/,"July 17, 2025",UPDATE,Apple News+ introduces Emoji Game,2025-07-17
17,/newsroom/2025/07/apple-arcade-launches-special-crossover-events-featuring-spongebob-squarepants/,"July 17, 2025",UPDATE,Apple Arcade launches special crossover events featuring SpongeBob SquarePants,2025-07-17
17,/newsroom/2025/07/apple-retail-arrives-in-saudi-arabia-with-launch-of-apple-store-online/,"July 21, 2025",PRESS RELEASE,Apple Retail arrives in Saudi Arabia with launch of Apple Store online,2025-07-21
17,/newsroom/2025/07/apple-introduces-applecare-one-streamlining-coverage-into-a-single-plan/,"July 23, 2025",PRESS RELEASE,"Apple introduces AppleCare One, streamlining coverage into a single plan",2025-07-23
16,/newsroom/2025/07/apple-and-mlb-announce-september-friday-night-baseball-schedule/,"July 24, 2025",QUICK READ,Apple and MLB announce September “Friday Night Baseball” schedule,2025-07-24
16,/newsroom/2025/07/leagues-cup-returns-to-mls-season-pass-on-apple-tv-on-july-29/,"July 29, 2025",UPDATE,Leagues Cup returns to MLS Season Pass on Apple TV on July 29,2025-07-29
16,/newsroom/2025/07/apple-manufacturing-academy-opens-in-detroit-on-august-19/,"July 29, 2025",QUICK READ,Apple Manufacturing Academy opens in Detroit on August 19,2025-07-29
16,/newsroom/2025/07/apple-reports-third-quarter-results/,"July 31, 2025",PRESS RELEASE,Apple reports third quarter results,2025-07-31
16,/newsroom/2025/08/apple-increases-us-commitment-to-600-billion-usd-announces-ambitious-program/,"August 6, 2025",PRESS RELEASE,"Apple increases U.S. commitment to $600 billion, announces ambitious program",2025-08-06
16,/newsroom/2025/08/apple-corning-to-manufacture-all-iphone-apple-watch-cover-glass-in-kentucky/,"August 6, 2025",PRESS RELEASE,"Apple, Corning to manufacture all iPhone, Apple Watch cover glass in Kentucky",2025-08-06
16,/newsroom/2025/08/apple-arcade-exclusive-nfl-retro-bowl-26-launching-september-4/,"August 12, 2025",UPDATE,Apple Arcade exclusive NFL Retro Bowl ’26 launching September 4,2025-08-12
16,/newsroom/2025/08/an-update-on-blood-oxygen-for-apple-watch-in-the-us/,"August 14, 2025",QUICK READ,An update on Blood Oxygen for Apple Watch in the U.S.,2025-08-14
16,/newsroom/2025/08/apple-hebbal-opens-this-tuesday-september-2-in-bengaluru/,"August 31, 2025",PRESS RELEASE,"Apple Hebbal opens this Tuesday, September 2, in Bengaluru",2025-08-31
16,/newsroom/2025/09/apple-koregaon-park-opens-to-customers-this-thursday-september-4-in-pune/,"September 2, 2025",PRESS RELEASE,"Apple Koregaon Park opens to customers this Thursday, September 4, in Pune",2025-09-02
15,/newsroom/2025/09/apple-unveils-iphone-17-pro-and-iphone-17-pro-max/,"September 9, 2025",PRESS RELEASE,Apple unveils iPhone 17 Pro and iPhone 17 Pro Max,2025-09-09
15,/newsroom/2025/09/introducing-iphone-air-a-powerful-new-iphone-with-a-breakthrough-design/,"September 9, 2025",PRESS RELEASE,"Introducing iPhone Air, a powerful new iPhone with a breakthrough design",2025-09-09
15,/newsroom/2025/09/apple-debuts-apple-watch-series-11-featuring-groundbreaking-health-insights/,"September 9, 2025",PRESS RELEASE,"Apple debuts Apple Watch Series 11, featuring groundbreaking health insights",2025-09-09
15,/newsroom/2025/09/apple-debuts-iphone-17/,"September 9, 2025",PRESS RELEASE,Apple debuts iPhone 17,2025-09-09
15,/newsroom/2025/09/apple-introduces-apple-watch-se-3/,"September 9, 2025",PRESS RELEASE,Apple introduces Apple Watch SE 3,2025-09-09
15,/newsroom/2025/09/introducing-airpods-pro-3-the-ultimate-audio-experience/,"September 9, 2025",PRESS RELEASE,"Introducing AirPods Pro 3, the ultimate audio experience",2025-09-09
15,/newsroom/2025/09/apple-announces-final-cut-camera-2-0/,"September 9, 2025",UPDATE,Apple announces Final Cut Camera 2.0,2025-09-09
15,/newsroom/2025/09/introducing-apple-watch-ultra-3/,"September 9, 2025",PRESS RELEASE,Introducing Apple Watch Ultra 3,2025-09-09
15,/newsroom/2025/09/get-ready-to-discover-the-next-generation-of-iphone-apple-watch-and-airpods/,"September 11, 2025",UPDATE,"Get ready to discover the next generation of iPhone, Apple Watch, and AirPods",2025-09-11
15,/newsroom/2025/09/apples-the-studio-sweeps-as-the-most-winning-freshman-comedy-in-emmy-history/,"September 15, 2025",PRESS RELEASE,Apple’s The Studio sweeps as the most-winning freshman comedy in Emmy history,2025-09-15
14,/newsroom/2025/09/new-versions-of-apples-software-platforms-are-available-today/,"September 15, 2025",UPDATE,New versions of Apple’s software platforms are available today,2025-09-15
14,/newsroom/2025/09/new-apple-intelligence-features-are-available-today/,"September 15, 2025",UPDATE,New Apple Intelligence features are available today,2025-09-15
14,/newsroom/2025/09/apples-latest-tools-to-help-protect-kids-and-teens-online-now-available/,"September 15, 2025",QUICK READ,Apple’s latest tools to help protect kids and teens online now available,2025-09-15
14,/newsroom/2025/09/apple-sports-adds-widgets-and-expands-to-eight-new-countries/,"September 16, 2025",UPDATE,Apple Sports adds widgets and expands to seven new countries,2025-09-16
14,/newsroom/2025/09/the-latest-iphone-apple-watch-and-airpods-arrive-in-apple-store-locations/,"September 19, 2025",PHOTOS,"The latest iPhone, Apple Watch, and AirPods Pro arrive in Apple Store locations",2025-09-19
14,/newsroom/2025/09/apple-previews-new-immersive-films-for-apple-vision-pro/,"September 22, 2025",UPDATE,Apple previews new immersive films for Apple Vision Pro,2025-09-22
14,/newsroom/2025/09/the-all-new-apple-ginza-opens-this-friday-september-26-in-tokyo/,"September 23, 2025",PRESS RELEASE,"The all-new Apple Ginza opens this Friday, September 26, in Tokyo",2025-09-23
14,/newsroom/2025/09/apple-launches-new-project-to-protect-and-restore-california-redwood-forest/,"September 23, 2025",UPDATE,Apple launches new project to protect and restore California redwood forest,2025-09-23
14,/newsroom/2025/09/make-history-in-every-era-in-nba-2k26-arcade-edition-launching-october-16/,"September 23, 2025",UPDATE,"Make history in every era in NBA 2K26 Arcade Edition, launching October 16",2025-09-23
14,/newsroom/2025/09/the-digital-markets-acts-impacts-on-eu-users/,"September 24, 2025",APPLE STATEMENT,The Digital Markets Act’s impacts on EU users,2025-09-24
13,/newsroom/2025/09/apple-reopens-iconic-ginza-store-to-thousands-of-excited-customers/,"September 26, 2025",PHOTOS,Apple reopens iconic Ginza store to thousands of excited customers,2025-09-26
13,/newsroom/2025/09/apples-foundation-models-framework-unlocks-new-intelligent-app-experiences/,"September 29, 2025",UPDATE,Apple’s Foundation Models framework unlocks new app experiences,2025-09-29
13,/newsroom/2025/10/build-dynasties-in-football-manager-26-touch-on-apple-arcade/,"October 7, 2025",UPDATE,Build dynasties in Football Manager 26 Touch on Apple Arcade,2025-10-07
13,/newsroom/2025/10/spectrum-brings-nba-games-in-apple-immersive-to-apple-vision-pro/,"October 10, 2025",QUICK READ,Spectrum brings NBA games in Apple Immersive to Apple Vision Pro,2025-10-10
13,/newsroom/2025/10/apple-vision-pro-upgraded-with-the-m5-chip-and-dual-knit-band/,"October 15, 2025",PRESS RELEASE,Apple Vision Pro upgraded with the M5 chip and Dual Knit Band,2025-10-15
13,/newsroom/2025/10/apple-unleashes-m5-the-next-big-leap-in-ai-performance-for-apple-silicon/,"October 15, 2025",PRESS RELEASE,"Apple unleashes M5, the next big leap in AI performance for Apple silicon",2025-10-15
13,/newsroom/2025/10/apple-unveils-new-14-inch-macbook-pro-powered-by-the-m5-chip/,"October 15, 2025",PRESS RELEASE,Apple unveils new 14‑inch MacBook Pro powered by the M5 chip,2025-10-15
13,/newsroom/2025/10/apple-introduces-the-powerful-new-ipad-pro-with-the-m5-chip/,"October 15, 2025",PRESS RELEASE,Apple introduces the powerful new iPad Pro with the M5 chip,2025-10-15
13,/newsroom/2025/10/apple-and-nbcuniversal-introduce-the-apple-tv-and-peacock-bundle/,"October 16, 2025",UPDATE,Apple and NBCUniversal introduce the Apple TV and Peacock Bundle,2025-10-16
13,/newsroom/2025/10/apple-is-the-exclusive-new-broadcast-partner-for-formula-1-in-the-us/,"October 17, 2025",UPDATE,Apple is the exclusive new broadcast partner for Formula 1® in the U.S.,2025-10-17
12,/newsroom/2025/10/new-ipad-pro-14-inch-macbook-pro-and-apple-vision-pro-now-available/,"October 22, 2025",UPDATE,"New iPad Pro, 14‑inch MacBook Pro, and Apple Vision Pro now available",2025-10-22
12,/newsroom/2025/10/apple-reports-fourth-quarter-results/,"October 30, 2025",PRESS RELEASE,Apple reports fourth quarter results,2025-10-30
12,/newsroom/2025/11/developers-decode-their-journeys-from-app-ideas-to-app-store/,"November 6, 2025",APPLE STORIES,Developers decode their journeys from app ideas to App Store,2025-11-06
12,/newsroom/2025/11/introducing-iphone-pocket-a-beautiful-way-to-wear-and-carry-iphone/,"November 11, 2025",UPDATE,Introducing iPhone Pocket: a beautiful way to wear and carry iPhone,2025-11-11
12,/newsroom/2025/11/apple-introduces-digital-id-a-new-way-to-create-and-present-an-id-in-apple-wallet/,"November 12, 2025",UPDATE,"Apple introduces Digital ID, a new way to create and present an ID in Apple Wallet",2025-11-12
12,/newsroom/2025/11/spongebob-patty-pursuit-2-launches-december-4-on-apple-arcade/,"November 12, 2025",UPDATE,SpongeBob: Patty Pursuit 2 launches December 4 on Apple Arcade,2025-11-12
12,/newsroom/2025/11/major-league-soccer-is-coming-to-apple-tv-starting-in-2026/,"November 13, 2025",UPDATE,Major League Soccer is coming to Apple TV starting in 2026,2025-11-13
12,/newsroom/2025/11/apple-podcasts-unveils-the-most-popular-shows-and-trends-of-2025/,"November 18, 2025",UPDATE,Apple Podcasts unveils the most popular shows and trends of 2025,2025-11-18
12,/newsroom/2025/11/mapping-the-future-with-3d-printed-titanium-apple-watch-cases/,"November 18, 2025",APPLE STORIES,Mapping the future with 3D‑printed titanium Apple Watch cases,2025-11-18
12,/newsroom/2025/11/apple-announces-finalists-for-the-2025-app-store-awards/,"November 19, 2025",UPDATE,Apple announces finalists for the 2025 App Store Awards,2025-11-19
11,/newsroom/2025/11/tyler-the-creator-is-apple-musics-artist-of-the-year-for-2025/,"November 20, 2025",UPDATE,"Tyler, The Creator is Apple Music’s Artist of the Year for 2025",2025-11-20
11,/newsroom/2025/12/john-giannandrea-to-retire-from-apple/,"December 1, 2025",PRESS RELEASE,John Giannandrea to retire from Apple,2025-12-01
11,/newsroom/2025/12/apple-unveils-the-winners-of-the-2025-app-store-awards/,"December 4, 2025",PRESS RELEASE,Apple unveils the winners of the 2025 App Store Awards,2025-12-04
11,/newsroom/2025/12/apple-podcasts-names-the-rest-is-history-the-2025-show-of-the-year/,"December 4, 2025",UPDATE,Apple Podcasts names The Rest Is History the 2025 Show of the Year,2025-12-04
11,/newsroom/2025/12/apple-announces-executive-transitions/,"December 4, 2025",PRESS RELEASE,Apple announces executive transitions,2025-12-04
11,/newsroom/2025/12/mls-cup-streams-free-on-appletv-this-saturday/,"December 5, 2025",QUICK READ,MLS Cup streams free on Apple TV this Saturday,2025-12-05
11,/newsroom/2025/12/apple-manufacturing-academy-launches-virtual-programming/,"December 8, 2025",QUICK READ,Apple Manufacturing Academy launches virtual programming,2025-12-08
11,/newsroom/2025/12/apple-fitness-plus-expands-to-28-new-markets/,"December 8, 2025",UPDATE,Apple Fitness+ expands to 28 new markets,2025-12-08
11,/newsroom/2025/12/sneaky-sasquatch-comes-to-apple-store-locations-this-holiday-season/,"December 9, 2025",UPDATE,Sneaky Sasquatch comes to Apple Store locations this holiday season,2025-12-09
11,/newsroom/2025/12/apple-announces-changes-to-ios-in-japan/,"December 17, 2025",PRESS RELEASE,Apple announces changes to iOS in Japan,2025-12-17
10,/newsroom/2026/01/stay-active-in-the-new-year-with-apple-watch/,"January 2, 2026",UPDATE,Stay active in the new year with Apple Watch,2026-01-02
10,/newsroom/2026/01/spectrum-front-row-tips-off-january-9-on-apple-vision-pro/,"January 5, 2026",UPDATE,Spectrum Front Row tips off January 9 on Apple Vision Pro,2026-01-05
10,/newsroom/2026/01/chase-to-become-new-issuer-of-apple-card/,"January 7, 2026",UPDATE,Chase to become new issuer of Apple Card,2026-01-07
10,/newsroom/2026/01/2025-marked-a-record-breaking-year-for-apple-services/,"January 12, 2026",UPDATE,2025 marked a record-breaking year for Apple services,2026-01-12
10,/newsroom/2026/01/introducing-apple-creator-studio-an-inspiring-collection-of-creative-apps/,"January 13, 2026",PRESS RELEASE,"Introducing Apple Creator Studio, an inspiring collection of creative apps",2026-01-13
10,/newsroom/2026/01/popular-pc-franchise-civilization-comes-to-apple-arcade-on-february-5/,"January 14, 2026",UPDATE,Popular PC franchise Civilization comes to Apple Arcade on February 5,2026-01-14
10,/newsroom/2026/01/the-new-apple-sainte-catherine-opens-today-in-montreal/,"January 16, 2026",PHOTOS,The new Apple Sainte-Catherine opens today in Montreal,2026-01-16
10,/newsroom/2026/01/apple-scores-six-academy-award-nominations/,"January 22, 2026",UPDATE,Apple scores six Academy Award nominations,2026-01-22
10,/newsroom/2026/01/apple-introduces-new-airtag-with-expanded-range-and-improved-findability/,"January 26, 2026",UPDATE,Apple introduces new AirTag with expanded range and improved findability,2026-01-26
10,/newsroom/2026/01/apple-unveils-the-new-black-unity-apple-watch-band/,"January 26, 2026",UPDATE,Apple unveils the new Black Unity Apple Watch band,2026-01-26
9,/newsroom/2026/01/behind-kyle-hanagamis-viral-dance-creations-edited-with-final-cut-pro/,"January 28, 2026",APPLE STORIES,Behind Kyle Hanagami’s viral dance creations edited with Final Cut Pro,2026-01-28
9,/newsroom/2026/01/apple-reports-first-quarter-results/,"January 29, 2026",PRESS RELEASE,Apple reports first quarter results,2026-01-29
9,/newsroom/2026/02/apple-music-kicks-off-bad-bunnys-road-to-halftime-ahead-of-super-bowl-lx/,"February 2, 2026",UPDATE,Apple Music kicks off Bad Bunny’s Road to Halftime ahead of Super Bowl LX,2026-02-02
9,/newsroom/2026/02/xcode-26-point-3-unlocks-the-power-of-agentic-coding/,"February 3, 2026",UPDATE,Xcode 26.3 unlocks the power of agentic coding,2026-02-03
9,/newsroom/2026/02/apple-sports-adds-golf-to-its-lineup/,"February 4, 2026",UPDATE,Apple Sports adds golf to its lineup,2026-02-04
9,/newsroom/2026/02/the-biggest-hits-of-bad-bunnys-apple-music-super-bowl-lx-halftime-show/,"February 8, 2026",UPDATE,The biggest hits of Bad Bunny’s Apple Music Super Bowl LX Halftime Show,2026-02-08
9,/newsroom/2026/02/oceanhorn-3-legend-of-the-shadow-sea-launches-march-5-on-apple-arcade/,"February 10, 2026",UPDATE,Oceanhorn 3: Legend of the Shadow Sea launches March 5 on Apple Arcade,2026-02-10
9,/newsroom/2026/02/apple-introduces-a-new-video-podcast-experience-on-apple-podcasts/,"February 16, 2026",UPDATE,Apple introduces a new video podcast experience on Apple Podcasts,2026-02-16
9,/newsroom/2026/02/major-league-soccer-kicks-off-2026-season-on-apple-tv/,"February 19, 2026",UPDATE,Major League Soccer kicks off 2026 season on Apple TV,2026-02-19
9,/newsroom/2026/02/apple-accelerates-us-manufacturing-with-mac-mini-production/,"February 24, 2026",PRESS RELEASE,Apple accelerates U.S. manufacturing with Mac mini production,2026-02-24
8,/newsroom/2026/02/iphone-and-ipad-approved-to-handle-classified-nato-information/,"February 26, 2026",QUICK READ,iPhone and iPad approved to handle classified NATO information,2026-02-26
8,/newsroom/2026/03/apple-introduces-the-new-ipad-air-powered-by-m4/,"March 2, 2026",PRESS RELEASE,"Apple introduces the new iPad Air, powered by M4",2026-03-02
8,/newsroom/2026/03/apple-introduces-iphone-17e/,"March 2, 2026",PRESS RELEASE,Apple introduces iPhone 17e,2026-03-02
8,/newsroom/2026/03/apple-debuts-m5-pro-and-m5-max-to-supercharge-the-most-demanding-pro-workflows/,"March 3, 2026",PRESS RELEASE,Apple debuts M5 Pro and M5 Max to supercharge demanding pro workflows,2026-03-03
8,/newsroom/2026/03/apple-introduces-the-new-macbook-air-with-m5/,"March 3, 2026",PRESS RELEASE,Apple introduces the new MacBook Air with M5,2026-03-03
8,/newsroom/2026/03/apple-introduces-macbook-pro-with-all-new-m5-pro-and-m5-max/,"March 3, 2026",PRESS RELEASE,Apple introduces MacBook Pro with all-new M5 Pro and M5 Max,2026-03-03
8,/newsroom/2026/03/apple-unveils-new-studio-display-and-all-new-studio-display-xdr/,"March 3, 2026",PRESS RELEASE,Apple unveils new Studio Display and all-new Studio Display XDR,2026-03-03
8,/newsroom/2026/03/say-hello-to-macbook-neo/,"March 4, 2026",PRESS RELEASE,Say hello to MacBook Neo,2026-03-04
8,/newsroom/2026/03/formula-1-begins-this-weekend-exclusively-on-apple-tv-in-the-us/,"March 5, 2026",UPDATE,"Formula 1® begins this weekend, exclusively on Apple TV in the U.S.",2026-03-05
7,/newsroom/2026/03/friday-night-baseball-returns-to-apple-tv-on-march-27-for-its-fifth-season/,"March 11, 2026",UPDATE,“Friday Night Baseball” returns to Apple TV on March 27 for its fifth season,2026-03-11
7,/newsroom/2026/03/apple-arcade-adds-dredge-plus-and-unpacking-plus-to-its-catalog-in-april/,"March 11, 2026",UPDATE,Apple Arcade adds DREDGE+ and Unpacking+ to its catalog in April,2026-03-11
8,/newsroom/2026/03/macbook-neo-iphone-17e-ipad-air-with-m4-and-more-are-now-available/,"March 11, 2026",UPDATE,"MacBook Neo, iPhone 17e, iPad Air with M4, and more are now available",2026-03-11
7,/newsroom/2026/03/apple-to-celebrate-50-years-of-thinking-different/,"March 12, 2026",UPDATE,Apple to celebrate 50 years of thinking different,2026-03-12
7,/newsroom/2026/03/apple-introduces-airpods-max-2-powered-by-h2/,"March 16, 2026",PRESS RELEASE,Apple introduces AirPods Max 2,2026-03-16
7,/newsroom/2026/03/apples-worldwide-developers-conference-returns-the-week-of-june-8/,"March 23, 2026",PRESS RELEASE,Apple’s Worldwide Developers Conference returns the week of June 8,2026-03-23
7,/newsroom/2026/03/introducing-apple-business-a-new-all-in-one-platform-for-businesses-of-all-sizes/,"March 24, 2026",UPDATE,Introducing Apple Business — a new all‑in‑one platform for businesses of all sizes,2026-03-24
7,/newsroom/2026/03/apple-adds-new-partners-to-its-american-manufacturing-program/,"March 26, 2026",QUICK READ,Apple adds new partners to its American Manufacturing Program,2026-03-26
7,/newsroom/2026/03/apple-hosts-50th-anniversary-celebrations-around-the-world/,"April 1, 2026",PHOTOS,Apple hosts 50th anniversary celebrations around the world,2026-04-01
7,/newsroom/2026/04/apple-arcade-brings-endless-family-fun-with-nick-jr-replay-on-may-7/,"April 7, 2026",UPDATE,Apple Arcade brings endless family fun with Nick Jr. Replay! on May 7,2026-04-07
7,/newsroom/2026/04/apple-accelerates-progress-with-highest-ever-recycled-material-in-its-products/,"April 16, 2026",UPDATE,Apple accelerates progress with highest-ever recycled material in its products,2026-04-16
6,/newsroom/2026/04/johny-srouji-named-apples-chief-hardware-officer/,"April 20, 2026",PRESS RELEASE,Johny Srouji namedApple’s Chief Hardware Officer,2026-04-20
6,/newsroom/2026/04/tim-cook-to-become-apple-executive-chairman-john-ternus-to-become-apple-ceo/,"April 20, 2026",PRESS RELEASE,Tim Cook to become Apple Executive Chairman John Ternus to become Apple CEO,2026-04-20
6,/newsroom/2026/04/formula-1-returns-to-the-us-this-weekend-streaming-live-on-apple-tv/,"April 29, 2026",UPDATE,"Formula 1® returns to the U.S. this weekend, streaming live on Apple TV",2026-04-29
6,/newsroom/2026/04/apple-reports-second-quarter-results/,"April 30, 2026",PRESS RELEASE,Apple reports second quarter results,2026-04-30
6,/newsroom/2026/05/apple-introduces-a-new-pride-collection/,"May 4, 2026",UPDATE,Apple introduces a new Pride Collection,2026-05-04
6,/newsroom/2026/05/apple-manufacturing-academy-accelerates-ai-use-in-us-supply-chains/,"May 5, 2026",UPDATE,Apple Manufacturing Academy accelerates AI use in U.S. supply chains,2026-05-05
6,/newsroom/2026/05/ai-meets-accessibility-in-this-years-swift-student-challenge/,"May 7, 2026",APPLE STORIES,AI meets accessibility in this year’s Swift Student Challenge,2026-05-07
6,/newsroom/2026/05/how-filmmakers-are-redefining-the-art-form-with-mami-select-filmed-on-iphone/,"May 7, 2026",APPLE STORIES,How filmmakers are redefining the art form with MAMI Select: Filmed on iPhone,2026-05-07
6,/newsroom/2026/05/end-to-end-encrypted-rcs-messaging-begins-rolling-out-today-in-beta/,"May 11, 2026",QUICK READ,End-to-end encrypted RCS messaging begins rolling out today in beta,2026-05-11
6,/newsroom/2026/05/wackadoo-join-bluey-for-the-ultimate-playdate-on-apple-arcade-starting-may-21/,"May 12, 2026",UPDATE,Wackadoo! Join Bluey for the ultimate playdate on Apple Arcade starting May 21,2026-05-12
5,/newsroom/2026/05/apple-kicks-off-worldwide-developers-conference-on-june-8/,"May 18, 2026",UPDATE,Apple kicks off Worldwide Developers Conference on June 8,2026-05-18
5,/newsroom/2026/05/apple-unveils-new-accessibility-features-and-updates-with-apple-intelligence/,"May 19, 2026",PRESS RELEASE,"Apple unveils new accessibility features, and updates with Apple Intelligence",2026-05-19
5,/newsroom/2026/05/apple-sports-expands-to-more-than-90-new-countries-and-regions/,"May 19, 2026",UPDATE,Apple Sports expands to more than 90 new countries and regions,2026-05-19
5,/newsroom/2026/05/the-app-store-stopped-over-2-point-2-billion-usd-in-fraudulent-transactions-in-2025/,"May 20, 2026",UPDATE,The App Store stopped over $2.2 billion in fraudulent transactions in 2025,2026-05-20
5,/newsroom/2026/05/apple-tv-to-air-first-major-live-pro-sports-event-shot-on-iphone-17-pro/,"May 21, 2026",QUICK READ,Apple TV to air first major live pro sports event shot on iPhone 17 Pro,2026-05-21
5,/newsroom/2026/05/after-the-whistle-with-brendan-hunt-and-rebecca-lowe-returns/,"May 27, 2026",UPDATE,After the Whistle with Brendan Hunt and Rebecca Lowe returns,2026-05-27
5,/newsroom/2026/05/cherokee-language-learners-bridge-generations-with-ipad-and-mac/,"May 28, 2026",APPLE STORIES,Cherokee language learners bridge generations with iPad and Mac,2026-05-28
5,/newsroom/2026/05/detroits-rising-developers-are-supported-by-the-apple-developer-academy/,"May 29, 2026",APPLE STORIES,Detroit’s rising developers are supported by the Apple Developer Academy,2026-05-29
5,/newsroom/2026/06/apple-reveals-winners-of-the-2026-apple-design-awards/,"June 2, 2026",UPDATE,Apple reveals winners of the 2026 Apple Design Awards,2026-06-02
4,/newsroom/2026/06/mini-football-legends-family-feud-pocket-and-seven-more-hits-join-apple-arcade/,"June 4, 2026",UPDATE,"Mini Football Legends, Family Feud Pocket, and seven more hits join Apple Arcade",2026-06-04
4,/newsroom/2026/06/apple-and-major-league-baseball-announce-july-friday-night-baseball-schedule/,"June 4, 2026",UPDATE,Apple and Major League Baseball announce July “Friday Night Baseball” schedule,2026-06-04
5,/newsroom/2026/06/app-store-ecosystem-reaches-1-point-4-trillion-usd-as-developers-thrive-globally/,"June 4, 2026",UPDATE,App Store ecosystem reaches $1.4 trillion as developers thrive globally,2026-06-04
4,/newsroom/2026/06/apple-expands-app-store-capabilities-to-help-developers-grow-and-reach-new-users/,"June 8, 2026",UPDATE,Apple expands App Store capabilities to help developers grow and reach new users,2026-06-08
4,/newsroom/2026/06/due-to-dma-siri-ai-delayed-in-eu-for-ios-27-and-ipados-27/,"June 8, 2026",UPDATE,"Due to DMA, Siri AI delayed in EU for iOS 27 and iPadOS 27",2026-06-08
4,/newsroom/2026/06/apple-aids-app-development-with-new-intelligence-frameworks-and-advanced-tools/,"June 8, 2026",PRESS RELEASE,Apple aids app development with new intelligence frameworks and advanced tools,2026-06-08
4,/newsroom/2026/06/apple-previews-new-child-safety-features/,"June 8, 2026",PRESS RELEASE,Apple previews new child safety features,2026-06-08
4,/newsroom/2026/06/apple-introduces-siri-ai-a-profoundly-more-capable-and-personal-assistant/,"June 8, 2026",PRESS RELEASE,"Apple introduces Siri AI, a profoundly more capable and personal assistant",2026-06-08
4,/newsroom/2026/06/apple-intelligence-brings-powerful-ai-capabilities-into-everyday-experiences/,"June 8, 2026",PRESS RELEASE,Apple Intelligence brings powerful AI capabilities into everyday experiences,2026-06-08
4,/newsroom/2026/06/apple-unveils-next-generation-of-apple-intelligence-siri-ai-and-more/,"June 8, 2026",PRESS RELEASE,"WWDC26 highlights: Apple Intelligence, Siri AI, new parental controls, and more",2026-06-08
4,/newsroom/2026/06/apple-unveils-innovative-features-and-intelligence-experiences-across-services/,"June 9, 2026",UPDATE,Apple unveils innovative features and intelligence experiences across services,2026-06-09
3,/newsroom/2026/06/apple-announces-changes-to-ios-in-brazil/,"June 18, 2026",UPDATE,Apple announces changes to iOS in Brazil,2026-06-18
3,/newsroom/2026/06/apple-creator-studio-gets-smarter-faster-and-more-connected/,"June 30, 2026",UPDATE,"Apple Creator Studio gets smarter, faster, and more connected",2026-06-30
3,/newsroom/2026/07/apple-to-increase-spend-with-broadcom-to-produce-billions-more-us-chips/,"July 8, 2026",PRESS RELEASE,Apple to increase spend with Broadcom to produce billions more U.S. chips,2026-07-08
3,/newsroom/2026/07/apple-scores-record-89-emmy-award-nominations/,"July 8, 2026",PRESS RELEASE,Apple scores record 89 Emmy Award nominations,2026-07-08
3,/newsroom/2026/07/apple-and-major-league-baseball-announce-august-friday-night-baseball-schedule/,"July 9, 2026",QUICK READ,Apple and Major League Baseball announce August “Friday Night Baseball” schedule,2026-07-09
3,/newsroom/2026/07/madden-nfl-27-arcade-edition-brings-gridiron-action-to-apple-arcade-on-august-6/,"July 14, 2026",UPDATE,Madden NFL 27 Arcade Edition brings gridiron action to Apple Arcade on August 6,2026-07-14
3,/newsroom/2026/07/major-league-soccer-returns-to-apple-tv-tomorrow/,"July 15, 2026",UPDATE,Major League Soccer returns to Apple TV tomorrow,2026-07-15
3,/newsroom/2026/07/apple-maps-to-power-navigation-experience-for-ford-uev-platform/,"July 23, 2026",UPDATE,Apple Maps to power navigation experience for Ford UEV Platform,2026-07-23
3,/newsroom/2026/07/apple-upgrade-launches-in-the-united-states/,"July 28, 2026",PRESS RELEASE,Apple Upgrade launches in the United States,2026-07-28
3,/newsroom/2026/07/apple-reports-third-quarter-results/,"July 30, 2026",PRESS RELEASE,Apple reports third quarter results,2026-07-30
2,/newsroom/2026/08/leagues-cup-kicks-off-tomorrow-august-4-on-apple-tv/,"August 3, 2026",UPDATE,"Leagues Cup kicks off tomorrow, August 4, on Apple TV",2026-08-03
2,/newsroom/2026/08/apple-mlb-announce-september-friday-night-baseball-schedule/,"August 10, 2026",UPDATE,"Apple, MLB announce September “Friday Night Baseball” schedule",2026-08-10
2,/newsroom/2026/08/apple-arcade-levels-up-with-block-blast-plus-and-art-of-fauna-cozy-puzzles-plus/,"August 11, 2026",UPDATE,Apple Arcade levels up with Block Blast!+ and Art of Fauna: Cozy Puzzles+,2026-08-11
2,/newsroom/2026/08/apple-opens-advanced-manufacturing-center-in-houston/,"August 13, 2026",PRESS RELEASE,Apple opens Advanced Manufacturing Center in Houston,2026-08-13
2,/newsroom/2026/08/apple-announces-changes-for-apps-in-the-european-union/,"August 18, 2026",UPDATE,Apple announces changes for apps in the European Union,2026-08-18
2,/newsroom/2026/08/apple-introduces-new-mac-studio-with-m5-max-and-m5-ultra/,"August 25, 2026",PRESS RELEASE,Apple introduces new Mac Studio with M5 Max and M5 Ultra,2026-08-25
2,/newsroom/2026/08/apple-introduces-m6-and-m5-ultra-for-a-big-leap-in-performance-and-ai-compute/,"August 25, 2026",PRESS RELEASE,Apple introduces M6 and M5 Ultra for a big leap in performance and AI compute,2026-08-25
2,/newsroom/2026/08/apple-unveils-a-more-powerful-mac-mini-featuring-the-all-new-m6-and-m5-pro/,"August 25, 2026",PRESS RELEASE,Apple unveils a more powerful Mac mini featuring the all-new M6 and M5 Pro,2026-08-25
2,/newsroom/2026/08/exciting-updates-for-sneaky-sasquatch-come-to-apple-arcade/,"August 27, 2026",UPDATE,Exciting updates for Sneaky Sasquatch come to Apple Arcade,2026-08-27
2,/newsroom/2026/09/the-internets-favorite-cat-comes-to-apple-arcade-with-pusheens-place/,"September 8, 2026",UPDATE,The internet’s favorite cat comes to Apple Arcade with Pusheen’s Place,2026-09-08
1,/newsroom/2026/09/apple-advances-health-and-fitness-capabilities-using-apple-intelligence/,"September 9, 2026",PRESS RELEASE,Apple advances health and fitness capabilities using Apple Intelligence,2026-09-09
1,/newsroom/2026/09/apple-unveils-apple-watch-ultra-4/,"September 9, 2026",PRESS RELEASE,Apple unveils Apple Watch Ultra 4,2026-09-09
1,/newsroom/2026/09/introducing-apple-watch-series-12-with-the-all-new-health-sensing-system/,"September 9, 2026",PRESS RELEASE,"Introducing Apple Watch Series 12, with the all-new Health Sensing System",2026-09-09
1,/newsroom/2026/09/apple-introduces-airpods-5-with-best-in-class-open-ear-active-noise-cancellation/,"September 9, 2026",PRESS RELEASE,Apple introduces AirPods 5 with best-in-class open-ear Active Noise Cancellation,2026-09-09
1,/newsroom/2026/09/apple-unveils-iphone-duo/,"September 9, 2026",PRESS RELEASE,Apple unveils iPhone Duo,2026-09-09
1,/newsroom/2026/09/apple-debuts-iphone-18-pro-and-iphone-18-pro-max/,"September 9, 2026",PRESS RELEASE,Apple debuts iPhone 18 Pro and iPhone 18 Pro Max,2026-09-09
1,/newsroom/2026/09/get-ready-to-experience-iphone-18-pro-the-new-apple-watch-lineup-and-airpods-5/,"September 11, 2026",UPDATE,"Get ready to experience iPhone 18 Pro, the new Apple Watch lineup, and AirPods 5",2026-09-11
1,/newsroom/2026/09/major-updates-for-apples-software-platforms-are-now-available/,"September 14, 2026",UPDATE,Major updates for Apple’s software platforms are now available,2026-09-14
1,/newsroom/2026/09/siri-ai-a-profoundly-more-capable-and-personal-assistant-is-here/,"September 14, 2026",UPDATE,"Siri AI, a profoundly more capable and personal assistant, is here",2026-09-14
1,/newsroom/2026/09/apples-new-child-safety-features-now-available/,"September 14, 2026",QUICK READ,Apple’s new child safety features now available,2026-09-14
