Date,Open,High,Low,Close
2010-06-01,42.37,44.97,41.43,44.97
2010-06-02,43.74,45.75,42.98,43.26
2010-06-03,42.91,43.49,40.18,40.29
2010-06-04,42.22,46.22,42.08,45.4
2010-06-07,45.24,49.11,45.03,47.77
2010-06-08,47.31,50.26,47.14,47.14
2010-06-09,46.71,47.8,44.43,47.41
2010-06-10,46.81,47.07,43.01,43.04
2010-06-11,43.9,43.93,40.16,40.18
2010-06-14,40.45,41.5,39.44,41.08
2010-06-15,40.82,40.82,37.57,37.59
2010-06-16,37.02,38.45,36.71,37.26
2010-06-17,37.32,38.56,37.32,38.01
2010-06-18,37.82,38.58,37.54,37.98
2010-06-21,37.17,39.58,36.64,38.97
2010-06-22,39.78,39.94,38.15,39.5
2010-06-23,40.99,42.54,40.96,42.02
2010-06-24,42.4,43.98,42.08,43.28
2010-06-25,43.39,43.66,41.76,42.16
2010-06-28,44.4,45.34,42.61,42.86
2010-06-29,44.36,49.93,44.14,48.61
2010-06-30,48.93,49.69,47.08,49.24
2010-07-01,49.26,52.21,49.18,49.61
2010-07-02,48.58,49.79,46.98,47.17
2010-07-06,48.63,49.32,47.61,47.61
2010-07-07,47.59,47.59,43.58,43.6
2010-07-08,43.23,44.48,43.06,43.66
2010-07-09,44.05,44.2,42.18,42.45
2010-07-12,44.78,44.78,41.49,41.92
2010-07-13,42.41,47.31,42.16,43.71
2010-07-14,44.64,45.17,43.46,44.1
2010-07-15,48.55,50.22,45.29,46.07
2010-07-16,46.04,48.01,43.93,45.11
2010-07-19,46.81,51.79,45.05,45.27
2010-07-20,46.0,47.06,41.9,41.96
2010-07-21,35.48,36.76,34.62,35.84
2010-07-22,35.48,38.08,32.3,33.09
2010-07-23,33.67,34.01,31.06,31.24
2010-07-26,33.15,33.28,30.9,31.07
2010-07-27,31.13,31.23,30.22,30.95
2010-07-28,31.26,31.26,30.43,30.51
2010-07-29,30.85,32.77,30.4,30.9
2010-07-30,31.53,32.6,30.76,31.57
2010-08-02,31.68,32.03,29.65,30.22
2010-08-03,30.55,31.56,29.71,29.94
2010-08-04,29.94,31.46,29.84,30.14
2010-08-05,30.46,31.09,29.82,30.47
2010-08-06,31.34,31.8,29.84,29.85
2010-08-09,30.7,30.77,29.81,29.88
2010-08-10,30.47,31.55,29.67,29.88
2010-08-11,31.42,33.89,31.42,33.47
2010-08-12,34.68,35.19,32.87,33.28
2010-08-13,33.44,34.17,32.63,33.13
2010-08-16,34.15,34.51,32.0,32.43
2010-08-17,32.2,32.78,31.25,31.67
2010-08-18,31.78,32.48,30.91,31.62
2010-08-19,31.91,33.62,31.91,32.45
2010-08-20,32.79,32.81,31.21,31.49
2010-08-23,32.86,33.71,31.8,33.69
2010-08-24,34.85,37.68,34.68,36.32
2010-08-25,37.16,37.92,36.23,36.6
2010-08-26,36.27,36.41,34.26,35.97
2010-08-27,35.6,39.54,34.2,34.65
2010-08-30,36.05,36.05,34.39,35.25
2010-08-31,35.6,36.45,34.25,34.61
2010-09-01,34.05,34.05,31.03,31.14
2010-09-02,30.95,31.25,29.8,29.86
2010-09-03,29.1,29.58,28.62,28.62
2010-09-07,30.5,31.52,29.7,31.17
2010-09-08,30.83,31.22,30.02,30.78
2010-09-09,30.48,31.81,30.31,30.8
2010-09-10,31.03,31.46,30.54,30.82
2010-09-13,30.94,30.94,29.72,29.81
2010-09-14,30.39,30.62,28.94,29.4
2010-09-15,29.68,30.22,29.04,29.51
2010-09-16,29.77,34.45,29.41,31.15
2010-09-17,31.43,32.91,30.38,31.05
2010-09-20,31.46,33.09,30.91,31.54
2010-09-21,32.01,33.55,31.6,32.43
2010-09-22,32.66,33.56,32.48,33.07
2010-09-23,33.74,35.25,32.97,34.17
2010-09-24,34.25,36.41,34.13,34.25
2010-09-27,36.2,37.05,34.63,34.68
2010-09-28,35.17,38.78,35.17,35.38
2010-09-29,35.89,36.86,35.34,35.48
2010-09-30,35.42,38.07,34.96,35.92
2010-10-01,35.69,37.18,34.82,35.57
2010-10-04,37.38,37.69,36.33,36.5
2010-10-05,36.21,36.36,35.69,36.13
2010-10-06,36.17,37.4,35.62,36.52
2010-10-07,36.71,37.76,36.28,36.28
2010-10-08,36.39,37.38,35.41,36.03
2010-10-11,37.86,38.34,36.05,36.89
2010-10-12,37.09,37.68,35.75,36.0
2010-10-13,36.18,37.11,35.73,35.93
2010-10-14,36.26,37.82,36.22,36.45
2010-10-15,36.47,42.47,36.47,42.34
2010-10-18,47.64,48.25,43.38,45.44
2010-10-19,36.26,36.26,32.51,33.75
2010-10-20,34.08,34.12,30.11,30.19
2010-10-21,30.28,30.75,28.64,29.26
2010-10-22,29.68,30.58,28.62,29.11
2010-10-25,29.8,30.6,28.67,29.19
2010-10-26,29.52,30.77,29.43,29.71
2010-10-27,29.82,31.74,29.64,30.31
2010-10-28,30.41,32.1,30.41,30.94
2010-10-29,31.35,32.58,30.8,32.58
2010-11-01,33.51,33.6,31.98,32.03
2010-11-02,31.71,31.71,30.87,31.66
2010-11-03,31.58,32.09,29.65,29.97
2010-11-04,30.05,30.21,28.87,29.75
2010-11-05,29.78,31.03,29.15,30.89
2010-11-08,31.91,31.92,30.23,30.61
2010-11-09,30.4,31.15,29.21,29.42
2010-11-10,29.39,30.61,28.52,28.89
2010-11-11,29.43,31.0,28.75,30.55
2010-11-12,30.65,36.02,30.18,33.87
2010-11-15,34.76,36.5,32.35,33.13
2010-11-16,34.31,34.41,32.49,33.41
2010-11-17,33.39,33.86,31.65,32.97
2010-11-18,32.48,32.48,29.3,30.01
2010-11-19,30.39,30.88,29.56,30.58
2010-11-22,32.3,32.5,29.83,30.03
2010-11-23,30.87,33.76,30.85,32.85
2010-11-24,32.29,32.29,30.05,30.69
2010-11-26,31.58,31.92,31.36,31.91
2010-11-29,33.35,34.41,32.78,33.05
2010-11-30,33.66,35.72,33.62,35.24
2010-12-01,34.55,34.55,31.54,31.74
2010-12-02,31.69,31.79,30.16,30.71
2010-12-03,30.71,30.76,28.93,29.41
2010-12-06,29.89,30.5,29.48,29.56
2010-12-07,29.32,29.68,28.51,29.25
2010-12-08,29.16,29.54,28.17,28.6
2010-12-09,28.32,29.27,28.24,28.81
2010-12-10,28.93,29.04,28.01,28.98
2010-12-13,25.94,27.21,24.79,27.06
2010-12-14,27.45,27.51,24.94,25.08
2010-12-15,25.41,25.44,23.46,24.95
2010-12-16,24.81,25.12,23.3,25.12
2010-12-17,25.76,25.77,24.0,25.2
2010-12-20,27.39,27.39,24.9,25.7
2010-12-21,25.96,26.17,24.99,25.52
2010-12-22,26.0,26.45,25.89,26.3
2010-12-23,26.75,27.53,26.71,26.84
2010-12-27,32.74,34.89,31.15,32.42
2010-12-28,32.29,33.37,32.24,32.77
2010-12-29,32.86,32.91,31.78,31.96
2010-12-30,32.28,32.4,31.87,32.35
2010-12-31,32.41,34.31,32.4,34.29
2011-01-03,34.74,34.79,32.23,32.73
2011-01-04,32.44,33.33,32.07,32.49
2011-01-05,32.71,32.99,31.78,31.83
2011-01-06,31.73,32.07,31.54,31.92
2011-01-07,31.86,32.41,31.33,31.57
2011-01-10,32.13,33.61,32.06,32.7
2011-01-11,32.5,32.64,31.52,31.77
2011-01-12,31.65,31.89,30.15,30.16
2011-01-13,30.13,30.55,29.96,30.45
2011-01-14,30.64,31.34,29.74,29.75
2011-01-18,32.96,37.68,32.92,34.26
2011-01-19,28.93,29.97,26.86,29.27
2011-01-20,29.46,30.79,28.24,28.79
2011-01-21,28.61,31.03,27.18,31.03
2011-01-24,32.06,32.1,28.02,28.84
2011-01-25,29.33,29.33,27.96,27.96
2011-01-26,27.98,29.21,26.76,26.77
2011-01-27,26.94,27.7,26.37,26.53
2011-01-28,26.52,29.56,25.58,28.73
2011-01-31,29.62,30.22,27.43,27.43
2011-02-01,26.91,26.93,24.96,25.17
2011-02-02,25.42,25.56,24.85,25.15
2011-02-03,25.38,26.18,24.86,25.11
2011-02-04,25.25,25.7,24.16,24.2
2011-02-07,24.8,25.1,23.92,24.45
2011-02-08,24.38,24.97,23.41,23.88
2011-02-09,24.23,24.84,24.12,24.51
2011-02-10,24.64,29.08,23.77,26.02
2011-02-11,26.03,27.69,24.59,24.64
2011-02-14,25.11,25.13,23.68,23.94
2011-02-15,23.88,24.38,23.58,23.58
2011-02-16,23.66,26.77,22.42,23.12
2011-02-17,24.35,27.77,24.35,27.23
2011-02-18,27.15,32.88,27.11,31.71
2011-02-22,37.53,38.84,33.76,36.82
2011-02-23,38.48,38.48,33.09,34.09
2011-02-24,33.66,35.84,33.03,33.31
2011-02-25,32.92,32.92,30.44,31.06
2011-02-28,31.26,31.42,29.77,30.76
2011-03-01,30.37,32.99,30.37,32.24
2011-03-02,32.16,32.76,29.52,29.75
2011-03-03,28.48,28.5,26.49,26.89
2011-03-04,27.03,28.53,26.82,28.12
2011-03-07,28.87,32.73,28.86,30.45
2011-03-08,30.56,31.07,28.57,28.97
2011-03-09,29.4,30.33,28.65,29.09
2011-03-10,30.21,32.23,30.21,31.39
2011-03-11,31.91,31.98,29.57,29.81
2011-03-14,30.12,32.32,28.9,30.13
2011-03-15,34.22,36.52,32.46,32.78
2011-03-16,33.96,45.32,33.7,42.62
2011-03-17,40.33,40.34,30.54,39.72
2011-03-18,37.13,39.14,36.29,38.32
2011-03-21,37.55,37.55,33.64,33.65
2011-03-22,32.96,33.12,31.78,32.09
2011-03-23,32.79,33.3,30.99,31.74
2011-03-24,31.55,31.83,29.61,29.63
2011-03-25,29.32,30.06,28.91,29.41
2011-03-28,30.53,31.1,30.05,31.02
2011-03-29,31.67,32.41,30.56,30.56
2011-03-30,30.66,31.31,29.58,30.14
2011-03-31,30.87,30.95,30.08,30.24
2011-04-01,29.79,31.09,29.76,30.54
2011-04-04,31.87,33.2,31.42,31.55
2011-04-05,32.44,32.56,30.83,31.07
2011-04-06,30.91,32.2,30.41,31.5
2011-04-07,31.69,32.09,31.15,31.35
2011-04-08,31.21,31.78,30.25,30.87
2011-04-11,33.03,33.13,31.51,32.14
2011-04-12,32.12,34.74,31.97,32.99
2011-04-13,32.7,32.95,32.09,32.27
2011-04-14,32.45,33.05,32.17,32.36
2011-04-15,32.34,33.19,31.31,32.67
2011-04-18,33.67,37.43,33.61,33.61
2011-04-19,33.66,33.69,29.86,29.94
2011-04-20,28.68,30.04,28.57,29.32
2011-04-21,23.56,24.29,23.05,23.45
2011-04-25,25.14,25.14,23.36,23.37
2011-04-26,23.42,23.6,22.72,23.02
2011-04-27,23.01,23.44,22.5,23.13
2011-04-28,23.7,23.97,23.25,23.61
2011-04-29,23.72,24.55,23.32,24.55
2011-05-02,25.53,25.91,24.34,24.8
2011-05-03,24.8,25.5,24.51,24.91
2011-05-04,25.01,25.88,24.74,24.83
2011-05-05,24.94,26.02,24.71,25.36
2011-05-06,25.14,25.14,23.92,24.67
2011-05-09,25.56,25.56,24.19,24.27
2011-05-10,24.29,24.44,22.41,22.83
2011-05-11,22.93,24.52,22.89,23.79
2011-05-12,24.1,25.21,23.25,23.27
2011-05-13,23.43,26.55,23.36,25.13
2011-05-16,26.23,27.28,25.28,27.15
2011-05-17,27.56,27.96,26.34,26.36
2011-05-18,26.49,26.49,24.39,24.84
2011-05-19,24.6,24.91,24.13,24.25
2011-05-20,24.28,25.17,23.95,24.96
2011-05-23,26.91,27.15,25.43,25.84
2011-05-24,25.5,25.86,24.85,25.78
2011-05-25,25.64,25.64,23.75,23.96
2011-05-26,24.06,24.15,22.94,23.06
2011-05-27,22.85,22.9,22.21,22.31
2011-05-31,22.52,23.27,22.35,22.74
2011-06-01,22.65,25.24,22.65,25.06
2011-06-02,24.82,25.04,23.88,24.23
2011-06-03,24.53,25.01,23.98,24.53
2011-06-06,24.97,25.45,24.56,24.81
2011-06-07,24.83,25.62,24.02,24.82
2011-06-08,24.78,25.13,24.0,24.15
2011-06-09,24.09,24.52,23.25,23.66
2011-06-10,23.88,25.33,23.61,24.92
2011-06-13,25.2,25.38,24.57,24.93
2011-06-14,24.45,24.45,22.73,22.73
2011-06-15,23.39,26.73,23.13,26.11
2011-06-16,26.14,32.13,25.41,29.57
2011-06-17,28.32,31.77,27.89,31.75
2011-06-20,33.84,35.54,32.16,32.22
2011-06-21,31.86,32.1,27.12,27.2
2011-06-22,27.51,27.51,26.07,26.94
2011-06-23,27.98,28.89,26.24,26.52
2011-06-24,26.65,28.52,26.48,28.31
2011-06-27,29.2,29.2,27.33,27.98
2011-06-28,27.87,27.87,26.82,26.83
2011-06-29,26.72,27.09,26.21,26.52
2011-06-30,26.41,28.11,25.5,25.78
2011-07-01,25.78,25.93,23.87,24.22
2011-07-05,26.13,27.03,25.87,26.08
2011-07-06,26.18,27.54,25.76,25.92
2011-07-07,25.98,26.76,25.94,26.33
2011-07-08,26.71,28.5,26.66,27.86
2011-07-11,29.55,31.38,29.55,30.24
2011-07-12,30.4,31.68,28.73,28.95
2011-07-13,28.59,29.23,28.4,28.54
2011-07-14,28.48,30.62,28.42,29.98
2011-07-15,29.87,31.58,29.56,30.63
2011-07-18,32.18,35.35,32.18,34.76
2011-07-19,35.04,35.62,32.34,32.64
2011-07-20,25.61,26.37,24.64,25.85
2011-07-21,25.63,25.63,24.34,24.52
2011-07-22,24.48,24.56,23.51,23.98
2011-07-25,25.18,26.09,25.03,25.95
2011-07-26,26.2,27.16,26.05,26.13
2011-07-27,26.65,29.62,26.48,29.38
2011-07-28,29.21,29.46,27.95,28.62
2011-07-29,29.37,31.14,29.12,30.69
2011-08-01,30.03,31.36,29.45,29.69
2011-08-02,29.74,30.56,28.61,30.47
2011-08-03,30.24,31.54,29.23,29.23
2011-08-04,29.75,37.87,29.75,37.87
2011-08-05,38.96,48.76,36.29,40.18
2011-08-08,45.43,52.27,45.01,50.49
2011-08-09,48.71,49.93,40.77,40.77
2011-08-10,41.46,46.8,41.46,46.54
2011-08-11,49.03,49.03,41.75,41.98
2011-08-12,39.89,41.06,37.75,38.76
2011-08-15,39.72,40.01,33.24,33.39
2011-08-16,33.84,34.72,31.27,32.97
2011-08-17,33.16,33.78,31.1,31.72
2011-08-18,34.85,46.28,34.85,44.32
2011-08-19,46.53,49.85,43.68,49.81
2011-08-22,46.94,48.14,45.5,45.9
2011-08-23,44.19,44.42,38.21,38.21
2011-08-24,38.29,40.17,37.14,37.48
2011-08-25,40.47,41.77,38.7,39.62
2011-08-26,40.67,42.29,35.56,35.87
2011-08-29,35.7,35.7,33.71,33.72
2011-08-30,34.45,34.51,33.03,33.42
2011-08-31,33.06,35.89,32.64,35.36
2011-09-01,35.19,38.55,34.06,34.91
2011-09-02,36.54,37.72,36.45,37.29
2011-09-06,40.96,41.36,38.81,38.84
2011-09-07,37.92,37.93,36.17,36.17
2011-09-08,36.44,36.82,35.4,36.28
2011-09-09,36.21,41.25,36.21,40.53
2011-09-12,42.57,43.2,41.04,41.09
2011-09-13,40.05,40.5,36.93,37.26
2011-09-14,36.4,36.71,34.51,34.82
2011-09-15,34.24,34.64,33.12,33.63
2011-09-16,33.17,33.48,31.87,32.21
2011-09-19,34.7,36.05,34.41,34.86
2011-09-20,34.13,37.33,34.03,36.02
2011-09-21,35.94,42.52,35.9,39.78
2011-09-22,44.8,45.92,41.24,44.46
2011-09-23,44.53,44.66,41.89,42.6
2011-09-26,44.72,49.12,43.79,43.79
2011-09-27,43.2,44.28,41.7,43.89
2011-09-28,44.06,45.46,43.13,45.46
2011-09-29,44.57,50.68,43.87,48.57
2011-09-30,49.34,52.06,48.7,50.71
2011-10-03,52.52,54.06,50.98,54.05
2011-10-04,54.49,57.7,51.15,54.63
2011-10-05,56.95,56.95,48.21,48.24
2011-10-06,49.21,50.04,45.96,47.31
2011-10-07,47.63,48.83,46.65,47.56
2011-10-10,46.68,46.68,45.0,45.08
2011-10-11,44.71,46.07,43.6,43.6
2011-10-12,42.75,43.19,41.65,41.65
2011-10-13,41.28,41.97,40.09,40.48
2011-10-14,39.68,41.11,39.47,39.87
2011-10-17,40.73,44.26,40.56,43.74
2011-10-18,44.0,44.0,39.37,39.94
2011-10-19,35.42,36.27,32.59,35.6
2011-10-20,35.18,36.3,34.0,35.0
2011-10-21,34.79,34.79,32.11,32.41
2011-10-24,32.84,32.86,29.79,30.56
2011-10-25,30.71,32.87,30.67,32.82
2011-10-26,32.32,35.11,31.95,32.32
2011-10-27,30.13,31.68,29.5,30.1
2011-10-28,30.51,30.51,28.39,28.59
2011-10-31,30.08,30.57,29.5,30.15
2011-11-01,33.06,35.94,32.77,35.43
2011-11-02,34.66,35.16,33.87,34.0
2011-11-03,33.71,34.08,30.41,30.49
2011-11-04,30.61,31.3,30.05,30.38
2011-11-07,31.72,32.2,30.7,30.8
2011-11-08,30.22,30.27,28.79,29.63
2011-11-09,31.5,35.47,31.5,35.08
2011-11-10,34.14,41.0,33.94,37.42
2011-11-11,37.09,38.52,33.91,34.0
2011-11-14,34.36,35.98,33.04,34.09
2011-11-15,33.74,34.09,31.05,32.56
2011-11-16,32.74,34.59,32.06,34.59
2011-11-17,34.74,39.65,34.64,37.71
2011-11-18,37.67,37.9,34.9,35.98
2011-11-21,39.81,40.51,37.46,38.16
2011-11-22,38.09,38.17,34.94,35.77
2011-11-23,36.4,38.67,35.96,38.62
2011-11-25,39.55,40.09,38.14,38.37
2011-11-28,39.92,40.3,36.7,36.85
2011-11-29,37.43,37.72,35.83,36.53
2011-11-30,35.15,35.55,32.93,33.0
2011-12-01,32.99,33.51,32.55,32.72
2011-12-02,32.44,32.74,31.73,31.96
2011-12-05,32.53,33.29,32.18,32.81
2011-12-06,32.91,33.07,32.28,32.54
2011-12-07,32.81,33.48,32.72,33.45
2011-12-08,33.24,34.31,32.97,34.31
2011-12-09,33.48,33.86,32.39,32.67
2011-12-12,33.24,33.88,31.75,32.08
2011-12-13,32.22,33.51,31.27,33.17
2011-12-14,33.65,35.75,33.44,34.44
2011-12-15,34.19,34.77,32.57,33.78
2011-12-16,33.62,33.62,31.52,32.93
2011-12-19,33.72,33.86,30.96,32.18
2011-12-20,31.46,31.51,29.87,30.34
2011-12-21,30.59,30.77,29.86,29.86
2011-12-22,30.19,30.27,28.88,28.91
2011-12-23,28.97,28.97,28.19,28.19
2011-12-27,30.39,31.11,30.32,31.05
2011-12-28,31.16,32.09,30.79,32.08
2011-12-29,32.41,32.64,32.04,32.59
2011-12-30,32.66,32.8,32.07,32.69
2012-01-03,34.26,34.29,32.99,33.29
2012-01-04,31.15,31.74,30.53,31.09
2012-01-05,31.17,31.77,30.34,30.55
2012-01-06,30.72,30.86,29.95,30.07
2012-01-09,30.87,32.09,30.82,32.05
2012-01-10,32.03,32.34,31.38,31.47
2012-01-11,31.59,31.98,30.7,31.48
2012-01-12,31.83,32.8,31.81,32.64
2012-01-13,33.15,33.39,32.51,32.61
2012-01-17,34.35,34.4,33.52,33.88
2012-01-18,33.71,33.91,32.42,32.7
2012-01-19,32.48,33.04,32.04,32.45
2012-01-20,32.66,33.66,31.67,33.56
2012-01-23,33.95,33.95,32.29,33.49
2012-01-24,33.71,34.4,33.11,33.16
2012-01-25,23.1,23.2,21.61,22.18
2012-01-26,22.03,22.23,20.92,21.48
2012-01-27,21.54,21.54,20.64,21.24
2012-01-30,22.39,22.49,21.45,21.52
2012-01-31,21.42,21.58,21.11,21.14
2012-02-01,21.12,21.36,20.62,20.75
2012-02-02,20.81,20.83,19.47,19.67
2012-02-03,19.63,19.71,18.93,19.55
2012-02-06,20.26,20.43,19.55,20.0
2012-02-07,20.17,22.67,20.17,22.63
2012-02-08,22.7,24.9,22.67,24.7
2012-02-09,25.19,31.24,25.19,27.31
2012-02-10,27.29,29.72,27.26,29.09
2012-02-13,30.18,33.21,30.18,30.82
2012-02-14,31.36,32.0,30.81,31.52
2012-02-15,32.31,38.42,31.48,32.93
2012-02-16,32.21,34.25,30.47,32.62
2012-02-17,32.47,34.16,32.47,33.43
2012-02-21,34.74,34.9,32.52,32.77
2012-02-22,33.06,34.0,32.5,32.78
2012-02-23,32.86,35.77,30.07,30.34
2012-02-24,30.08,30.18,28.47,28.76
2012-02-27,30.28,30.77,28.94,29.69
2012-02-28,30.16,31.43,30.16,30.96
2012-02-29,31.73,36.15,31.58,34.6
2012-03-01,37.26,37.26,34.11,34.24
2012-03-02,34.33,34.36,31.82,32.47
2012-03-05,33.49,35.6,31.38,33.81
2012-03-06,36.14,36.14,31.5,34.4
2012-03-07,35.14,35.6,32.51,32.91
2012-03-08,32.44,32.54,29.95,30.08
2012-03-09,30.27,30.55,29.09,29.44
2012-03-12,29.23,29.83,28.77,28.99
2012-03-13,29.29,29.46,27.71,28.31
2012-03-14,29.76,40.81,29.73,37.24
2012-03-15,40.83,46.9,39.63,42.06
2012-03-16,43.53,43.53,38.25,40.73
2012-03-19,42.05,43.58,38.03,38.9
2012-03-20,38.69,39.03,36.29,36.89
2012-03-21,36.83,37.29,32.46,33.6
2012-03-22,32.95,34.73,32.86,32.98
2012-03-23,32.97,33.23,31.44,32.39
2012-03-26,36.36,36.36,31.38,31.89
2012-03-27,32.53,33.69,31.86,32.3
2012-03-28,32.53,35.18,32.53,34.07
2012-03-29,34.6,35.35,34.19,34.69
2012-03-30,34.92,35.65,33.7,35.46
2012-04-02,37.1,37.28,33.76,34.14
2012-04-03,34.94,36.19,32.94,34.37
2012-04-04,34.68,35.78,34.35,35.01
2012-04-05,35.24,36.75,34.97,36.41
2012-04-09,38.93,42.23,38.93,40.13
2012-04-10,40.58,44.46,40.41,42.84
2012-04-11,43.48,44.19,42.7,43.98
2012-04-12,43.93,44.03,42.23,42.72
2012-04-13,43.05,45.81,41.41,44.82
2012-04-16,47.14,51.03,45.53,48.77
2012-04-17,48.94,49.69,46.65,46.78
2012-04-18,47.19,49.3,45.59,45.95
2012-04-19,45.83,48.93,45.21,48.11
2012-04-20,48.45,49.09,45.73,47.87
2012-04-23,49.75,49.77,46.32,46.6
2012-04-24,47.38,47.76,42.17,42.17
2012-04-25,34.22,35.59,33.29,33.65
2012-04-26,33.71,33.92,32.52,32.58
2012-04-27,32.61,32.61,31.13,32.31
2012-04-30,33.14,34.04,32.48,34.04
2012-05-01,34.42,34.43,31.57,32.0
2012-05-02,32.52,32.6,31.06,31.17
2012-05-03,31.15,31.15,30.53,30.74
2012-05-04,30.97,32.7,30.87,31.97
2012-05-07,33.27,34.14,32.8,32.81
2012-05-08,32.96,35.49,32.96,33.66
2012-05-09,34.19,35.2,33.16,33.29
2012-05-10,32.95,33.11,31.33,31.49
2012-05-11,32.33,32.54,29.9,30.4
2012-05-14,31.52,32.33,31.3,32.22
2012-05-15,32.23,32.66,30.46,32.32
2012-05-16,32.29,34.89,31.34,34.37
2012-05-17,34.5,38.26,34.16,37.29
2012-05-18,36.31,37.22,35.09,35.92
2012-05-21,36.47,36.48,32.62,32.72
2012-05-22,31.86,33.29,31.86,33.03
2012-05-23,33.42,35.53,33.01,33.83
2012-05-24,33.77,34.9,33.47,33.51
2012-05-25,33.7,33.87,32.89,33.28
2012-05-29,34.5,34.66,32.3,32.3
2012-05-30,33.11,34.3,32.74,32.86
2012-05-31,32.83,34.23,32.71,32.84
2012-06-01,34.31,37.14,34.3,37.14
2012-06-04,38.25,40.96,37.56,37.99
2012-06-05,38.31,38.47,35.59,35.69
2012-06-06,35.2,35.24,32.16,32.16
2012-06-07,31.85,32.08,29.74,30.99
2012-06-08,31.32,31.43,28.63,29.09
2012-06-11,27.19,28.02,25.45,27.52
2012-06-12,27.51,28.56,25.06,25.37
2012-06-13,26.27,27.58,26.01,27.05
2012-06-14,27.6,29.06,27.23,27.7
2012-06-15,27.95,28.46,26.97,27.17
2012-06-18,28.39,28.39,26.41,26.83
2012-06-19,27.16,27.54,26.11,27.04
2012-06-20,27.16,27.52,26.31,26.31
2012-06-21,26.61,27.6,25.83,27.24
2012-06-22,27.07,27.68,26.25,26.31
2012-06-25,28.58,29.57,28.58,29.48
2012-06-26,29.86,30.16,29.37,29.37
2012-06-27,29.5,29.61,28.67,28.71
2012-06-28,29.23,29.51,28.6,28.66
2012-06-29,28.38,28.38,27.3,27.59
2012-07-02,29.08,29.96,29.06,29.08
2012-07-03,29.13,29.26,28.72,29.24
2012-07-05,30.05,31.58,29.9,29.9
2012-07-06,30.16,31.04,30.16,31.04
2012-07-09,32.7,32.91,32.07,32.11
2012-07-10,32.06,35.15,32.06,35.06
2012-07-11,35.46,35.87,34.35,35.45
2012-07-12,36.0,36.43,35.14,35.14
2012-07-13,35.08,35.18,34.41,34.7
2012-07-16,36.4,36.4,34.52,35.14
2012-07-17,34.98,36.06,34.23,34.3
2012-07-18,34.29,35.24,34.26,34.68
2012-07-19,34.24,34.96,33.89,34.11
2012-07-20,34.05,34.42,32.98,33.53
2012-07-23,35.8,37.76,34.4,34.82
2012-07-24,34.48,35.04,33.36,34.34
2012-07-25,29.04,29.74,25.23,25.33
2012-07-26,25.14,25.39,24.47,24.53
2012-07-27,24.52,24.52,23.15,23.32
2012-07-30,24.0,25.8,23.79,24.0
2012-07-31,24.38,26.76,24.38,26.29
2012-08-01,26.58,26.78,25.82,26.3
2012-08-02,26.27,26.75,25.45,25.94
2012-08-03,25.79,25.87,24.52,24.52
2012-08-06,25.53,25.83,25.07,25.1
2012-08-07,25.16,25.16,24.36,24.36
2012-08-08,24.57,24.64,24.03,24.06
2012-08-09,24.27,24.72,23.16,23.4
2012-08-10,23.49,23.51,22.04,22.22
2012-08-13,19.18,20.48,18.81,20.03
2012-08-14,20.51,22.78,19.64,21.05
2012-08-15,21.52,21.98,20.66,21.58
2012-08-16,22.05,22.57,21.18,21.22
2012-08-17,21.58,23.0,21.44,22.78
2012-08-20,25.1,30.04,25.02,27.28
2012-08-21,28.52,30.92,26.93,29.12
2012-08-22,29.5,30.16,28.26,29.2
2012-08-23,29.39,30.39,29.28,29.96
2012-08-24,30.33,30.7,28.58,29.05
2012-08-27,30.9,31.26,28.66,28.68
2012-08-28,28.8,28.8,27.95,28.0
2012-08-29,28.14,28.16,27.33,27.65
2012-08-30,27.81,28.24,27.73,28.16
2012-08-31,28.17,28.47,27.56,27.72
2012-09-04,29.2,30.68,29.12,30.32
2012-09-05,30.49,30.83,29.51,29.76
2012-09-06,29.74,29.74,28.52,28.68
2012-09-07,28.86,28.91,27.8,28.56
2012-09-10,29.66,31.35,29.39,31.29
2012-09-11,31.48,31.68,30.48,31.11
2012-09-12,31.23,32.08,29.2,29.29
2012-09-13,29.14,29.28,27.1,27.19
2012-09-14,27.2,27.72,25.95,26.71
2012-09-17,27.13,27.34,25.69,26.5
2012-09-18,26.79,27.01,25.99,26.01
2012-09-19,26.4,26.4,25.29,25.29
2012-09-20,25.42,26.79,24.95,26.52
2012-09-21,26.69,27.52,25.68,27.52
2012-09-24,29.92,31.04,29.39,29.88
2012-09-25,30.32,32.46,28.86,32.45
2012-09-26,33.4,35.4,33.4,34.65
2012-09-27,35.21,35.45,32.93,33.18
2012-09-28,33.58,35.61,33.55,34.93
2012-10-01,36.49,36.63,33.87,36.54
2012-10-02,36.32,37.21,35.23,36.06
2012-10-03,36.04,36.07,34.36,34.45
2012-10-04,34.67,34.79,34.06,34.27
2012-10-05,34.64,37.11,33.83,37.03
2012-10-08,38.9,40.19,38.14,39.4
2012-10-09,39.69,40.93,38.54,38.68
2012-10-10,38.83,39.45,37.85,38.05
2012-10-11,37.98,38.33,37.17,37.91
2012-10-12,38.16,38.63,36.73,37.03
2012-10-15,38.45,39.18,36.76,36.79
2012-10-16,36.86,37.71,36.5,36.96
2012-10-17,37.19,37.74,36.09,36.31
2012-10-18,36.77,38.12,36.12,37.79
2012-10-19,38.0,43.78,38.0,43.78
2012-10-22,43.89,44.29,39.58,39.69
2012-10-23,40.25,41.85,39.81,39.87
2012-10-24,39.81,40.31,38.23,38.34
2012-10-25,38.4,40.02,37.64,37.96
2012-10-26,31.4,32.33,29.24,31.3
2012-10-31,32.52,33.81,31.6,31.76
2012-11-01,31.73,31.77,29.26,29.33
2012-11-02,29.56,32.9,29.44,32.82
2012-11-05,33.59,33.59,31.73,31.78
2012-11-06,31.6,31.7,30.88,31.14
2012-11-07,31.25,34.83,31.25,33.24
2012-11-08,33.2,37.64,33.01,37.64
2012-11-09,37.67,39.41,35.05,36.43
2012-11-12,36.09,36.09,32.7,32.71
2012-11-13,33.52,33.92,30.6,31.25
2012-11-14,31.51,31.52,29.88,31.36
2012-11-15,31.72,35.31,31.24,34.94
2012-11-16,35.15,39.94,35.15,38.2
2012-11-19,38.35,38.35,33.51,34.36
2012-11-20,34.29,34.68,33.06,33.3
2012-11-21,33.17,33.48,31.84,32.47
2012-11-23,33.27,33.27,31.59,31.59
2012-11-26,33.0,33.19,32.29,32.53
2012-11-27,32.8,33.27,32.13,32.52
2012-11-28,32.94,33.82,32.64,32.68
2012-11-29,32.64,33.55,31.87,31.92
2012-11-30,32.24,33.14,32.19,32.55
2012-12-03,33.61,33.89,33.11,33.37
2012-12-04,33.78,34.97,33.52,34.43
2012-12-05,35.06,41.01,34.68,40.21
2012-12-06,41.49,45.51,40.14,40.22
2012-12-07,40.18,43.08,40.04,41.59
2012-12-10,43.9,44.41,41.24,41.68
2012-12-11,41.5,41.5,38.46,38.77
2012-12-12,38.87,40.19,38.51,38.97
2012-12-13,39.64,40.93,38.89,39.79
2012-12-14,41.7,48.19,41.7,43.63
2012-12-17,44.7,45.89,42.73,42.88
2012-12-18,42.88,42.88,39.85,40.08
2012-12-19,40.43,40.95,39.69,40.27
2012-12-20,40.51,41.2,38.84,39.58
2012-12-21,40.35,41.36,39.26,39.47
2012-12-24,40.98,40.98,37.15,37.42
2012-12-26,40.94,41.07,39.19,39.6
2012-12-27,39.52,40.78,39.13,39.73
2012-12-28,39.92,42.42,39.92,41.73
2012-12-31,43.44,43.44,40.61,41.01
2013-01-02,39.97,40.04,38.06,38.1
2013-01-03,38.25,38.3,36.54,37.07
2013-01-04,37.61,39.36,37.34,38.34
2013-01-07,40.27,40.65,39.33,39.6
2013-01-08,39.68,39.73,38.47,38.53
2013-01-09,38.97,39.83,38.6,39.49
2013-01-10,39.28,40.87,38.58,40.46
2013-01-11,41.04,41.08,40.22,40.59
2013-01-14,43.63,46.24,42.74,43.49
2013-01-15,43.83,45.9,43.56,44.97
2013-01-16,45.02,45.2,43.92,44.27
2013-01-17,44.26,44.4,42.97,43.08
2013-01-18,43.35,43.66,42.45,42.75
2013-01-22,43.23,44.04,42.8,42.92
2013-01-23,42.82,43.84,41.6,43.84
2013-01-24,33.31,33.31,30.72,32.71
2013-01-25,32.61,33.23,30.95,32.83
2013-01-28,33.59,33.68,30.82,30.93
2013-01-29,30.39,30.39,28.66,28.72
2013-01-30,28.78,28.92,28.0,28.2
2013-01-31,28.41,28.45,26.66,26.87
2013-02-01,26.69,27.32,26.39,27.32
2013-02-04,28.11,29.68,27.7,29.64
2013-02-05,29.66,29.87,27.4,28.11
2013-02-06,28.36,29.84,28.06,29.66
2013-02-07,29.88,30.45,28.81,29.65
2013-02-08,29.64,29.69,28.56,28.64
2013-02-11,29.3,30.96,29.3,30.79
2013-02-12,30.89,32.15,30.48,31.3
2013-02-13,31.32,31.51,30.13,30.51
2013-02-14,30.56,30.59,28.95,29.64
2013-02-15,29.65,29.71,27.96,28.07
2013-02-19,29.22,30.47,29.13,29.35
2013-02-20,29.52,31.07,29.5,30.8
2013-02-21,30.91,32.1,30.62,30.75
2013-02-22,30.43,30.5,29.54,29.66
2013-02-25,30.43,32.11,29.87,32.11
2013-02-26,31.93,32.73,31.54,31.9
2013-02-27,32.14,32.58,30.12,30.48
2013-02-28,30.79,30.83,29.53,30.05
2013-03-01,30.3,32.15,30.3,32.04
2013-03-04,33.17,34.89,33.1,34.86
2013-03-05,34.8,34.8,31.95,31.95
2013-03-06,31.97,33.13,31.9,32.55
2013-03-07,32.46,32.79,32.0,32.51
2013-03-08,32.46,32.52,30.53,30.53
2013-03-11,28.99,30.08,27.95,28.63
2013-03-12,29.23,29.96,28.49,29.92
2013-03-13,30.35,30.81,28.74,29.53
2013-03-14,29.71,29.77,28.33,28.65
2013-03-15,28.82,29.2,27.88,28.08
2013-03-18,30.36,31.16,29.42,29.49
2013-03-19,29.56,29.95,28.68,29.55
2013-03-20,29.72,30.01,29.56,29.74
2013-03-21,30.09,30.09,28.94,29.0
2013-03-22,29.26,29.48,28.53,28.92
2013-03-25,30.29,30.29,29.19,29.21
2013-03-26,29.4,29.43,27.91,27.95
2013-03-27,28.33,29.76,28.31,29.55
2013-03-28,29.85,31.11,29.49,31.08
2013-04-01,33.41,35.86,33.27,35.75
2013-04-02,36.04,36.28,34.58,35.09
2013-04-03,35.29,37.09,35.05,35.54
2013-04-04,35.66,36.6,35.65,36.16
2013-04-05,36.73,38.03,36.73,37.71
2013-04-08,39.41,39.42,38.27,38.28
2013-04-09,38.44,38.71,36.77,36.93
2013-04-10,37.26,37.41,36.35,36.42
2013-04-11,36.75,37.0,35.98,36.03
2013-04-12,36.43,36.49,35.53,36.1
2013-04-15,38.03,41.0,38.03,41.0
2013-04-16,40.37,40.38,37.97,38.39
2013-04-17,38.8,46.33,38.79,45.56
2013-04-18,45.47,47.49,44.7,45.22
2013-04-19,45.44,46.13,43.15,43.5
2013-04-22,44.2,44.36,42.64,42.71
2013-04-23,42.49,43.35,41.89,43.28
2013-04-24,30.46,32.4,30.14,30.33
2013-04-25,30.33,30.33,28.05,28.63
2013-04-26,28.02,28.02,25.71,26.57
2013-04-29,27.03,28.59,26.89,28.58
2013-04-30,28.65,29.98,28.65,28.69
2013-05-01,29.2,29.98,28.6,29.22
2013-05-02,29.33,29.4,27.16,27.38
2013-05-03,27.03,27.04,26.04,26.11
2013-05-06,26.67,27.65,26.52,27.52
2013-05-07,27.41,27.95,27.25,27.46
2013-05-08,27.38,28.03,26.45,26.69
2013-05-09,26.85,27.08,25.98,26.72
2013-05-10,26.72,26.84,26.22,26.28
2013-05-13,27.13,27.9,26.37,26.58
2013-05-14,26.55,27.75,26.02,26.82
2013-05-15,26.83,31.11,26.83,30.22
2013-05-16,31.0,32.42,29.13,29.7
2013-05-17,29.36,29.67,28.43,28.9
2013-05-20,29.53,29.57,27.79,28.35
2013-05-21,28.67,29.65,28.66,28.8
2013-05-22,28.76,28.76,27.64,28.47
2013-05-23,28.49,28.97,28.2,28.39
2013-05-24,28.26,28.4,27.3,27.31
2013-05-28,28.07,28.36,27.49,27.86
2013-05-29,27.87,27.95,27.26,27.72
2013-05-30,27.74,28.0,27.13,27.54
2013-05-31,27.54,27.85,26.94,27.23
2013-06-03,28.0,29.76,27.87,28.34
2013-06-04,28.25,28.68,27.91,27.96
2013-06-05,28.29,28.87,28.18,28.53
2013-06-06,28.64,30.73,28.64,29.48
2013-06-07,29.52,30.37,28.89,29.06
2013-06-10,29.63,29.69,27.11,27.94
2013-06-11,28.14,28.35,26.96,27.13
2013-06-12,27.11,27.52,26.5,27.23
2013-06-13,27.15,28.48,26.12,26.13
2013-06-14,26.25,27.1,26.12,26.42
2013-06-17,26.62,26.8,24.91,25.16
2013-06-18,25.53,25.69,24.11,24.4
2013-06-19,24.61,25.37,24.09,24.4
2013-06-20,25.24,28.42,25.01,27.83
2013-06-21,28.08,30.2,27.87,28.23
2013-06-24,30.11,32.1,30.03,30.64
2013-06-25,30.22,30.73,29.31,29.63
2013-06-26,29.56,31.0,29.28,29.94
2013-06-27,29.82,30.67,29.09,30.67
2013-06-28,31.04,32.15,30.07,30.18
2013-07-01,31.24,31.28,29.82,30.29
2013-07-02,29.37,30.41,29.23,29.23
2013-07-03,29.56,30.23,29.06,29.06
2013-07-05,29.9,30.35,29.74,29.75
2013-07-08,31.02,31.51,30.24,30.32
2013-07-09,30.67,31.2,29.64,31.01
2013-07-10,31.36,31.61,30.58,30.59
2013-07-11,30.63,30.67,29.21,29.67
2013-07-12,29.79,30.07,28.2,29.57
2013-07-15,31.26,31.46,30.89,30.92
2013-07-16,31.17,31.33,30.07,30.15
2013-07-17,30.26,30.4,29.16,29.27
2013-07-18,28.81,29.26,28.4,28.74
2013-07-19,28.67,30.58,28.59,30.2
2013-07-22,30.49,30.74,29.68,29.88
2013-07-23,30.11,30.46,29.1,30.23
2013-07-24,23.77,24.06,22.77,23.46
2013-07-25,23.57,24.15,23.27,23.92
2013-07-26,23.95,24.07,22.77,22.92
2013-07-29,23.81,24.04,23.37,23.6
2013-07-30,23.67,24.67,23.21,23.26
2013-07-31,23.34,23.61,23.05,23.07
2013-08-01,23.26,23.58,23.03,23.03
2013-08-02,23.07,23.2,22.33,23.09
2013-08-05,23.81,24.71,23.81,24.28
2013-08-06,24.44,24.83,23.54,23.6
2013-08-07,23.72,24.03,23.21,23.73
2013-08-08,23.67,23.9,22.88,22.88
2013-08-09,23.08,23.17,22.41,22.51
2013-08-12,22.84,24.76,22.52,24.41
2013-08-13,24.51,29.18,24.14,27.62
2013-08-14,27.7,30.04,27.64,28.86
2013-08-15,28.99,29.62,27.75,29.08
2013-08-16,29.32,29.71,28.88,29.71
2013-08-19,30.52,31.71,30.45,30.97
2013-08-20,30.87,31.08,30.1,30.54
2013-08-21,30.86,30.93,29.67,29.98
2013-08-22,29.93,32.9,27.76,29.31
2013-08-23,29.29,29.31,28.17,28.67
2013-08-26,29.42,29.48,28.8,29.1
2013-08-27,29.21,31.69,29.15,31.63
2013-08-28,31.71,31.93,30.67,30.86
2013-08-29,30.92,30.94,30.19,30.2
2013-08-30,30.33,31.1,30.27,31.05
2013-09-03,31.97,32.01,30.43,31.34
2013-09-04,31.45,31.77,30.62,30.62
2013-09-05,30.73,31.14,30.23,30.82
2013-09-06,30.95,31.88,30.55,31.26
2013-09-09,31.99,32.06,30.48,30.76
2013-09-10,30.69,31.1,28.04,29.87
2013-09-11,30.05,30.16,28.39,29.49
2013-09-12,29.54,29.73,27.47,27.72
2013-09-13,27.8,27.88,26.9,27.36
2013-09-16,27.98,28.87,26.68,28.53
2013-09-17,28.76,28.76,27.38,27.82
2013-09-18,27.97,28.22,27.43,27.86
2013-09-19,28.17,28.55,27.68,28.13
2013-09-20,28.31,29.56,28.03,29.56
2013-09-23,30.3,30.76,28.82,29.95
2013-09-24,30.33,30.52,29.26,29.48
2013-09-25,29.73,30.39,29.53,30.16
2013-09-26,30.14,30.18,29.4,29.68
2013-09-27,29.8,30.73,29.68,30.62
2013-09-30,31.94,32.37,31.45,32.37
2013-10-01,32.44,32.46,31.01,31.08
2013-10-02,31.33,31.57,30.6,30.6
2013-10-03,30.8,31.45,30.58,31.04
2013-10-04,31.2,31.31,30.55,30.57
2013-10-07,31.81,32.49,31.79,31.92
2013-10-08,32.04,34.02,32.04,34.01
2013-10-09,34.04,35.3,34.03,34.14
2013-10-10,34.08,34.34,32.91,32.95
2013-10-11,33.24,33.49,31.93,31.93
2013-10-14,33.75,34.24,32.26,32.26
2013-10-15,32.15,32.57,31.34,31.61
2013-10-16,31.52,31.67,30.95,31.06
2013-10-17,31.06,31.89,30.3,30.3
2013-10-18,30.24,32.2,30.18,32.19
2013-10-21,32.81,34.78,32.81,34.22
2013-10-22,34.18,36.86,33.97,35.08
2013-10-23,35.22,35.62,34.4,34.67
2013-10-24,34.71,35.18,34.3,34.51
2013-10-25,34.64,36.81,34.54,36.68
2013-10-28,37.21,37.26,34.36,34.57
2013-10-29,26.17,27.46,25.54,27.38
2013-10-30,27.61,27.65,25.93,26.49
2013-10-31,26.48,26.49,25.09,25.78
2013-11-01,25.81,26.73,25.38,25.96
2013-11-04,26.71,26.81,24.91,25.02
2013-11-05,25.26,25.75,25.01,25.01
2013-11-06,25.04,25.04,24.12,24.16
2013-11-07,24.18,24.48,23.5,24.16
2013-11-08,24.1,24.31,22.7,22.78
2013-11-11,22.67,22.84,21.23,21.64
2013-11-12,21.96,22.58,21.55,22.08
2013-11-13,22.28,22.72,21.75,21.75
2013-11-14,21.77,22.36,21.1,21.53
2013-11-15,21.85,22.12,21.46,22.02
2013-11-18,23.08,23.11,21.81,22.65
2013-11-19,22.63,22.9,21.68,21.77
2013-11-20,21.88,21.89,21.06,21.68
2013-11-21,21.69,22.18,21.26,21.79
2013-11-22,22.11,22.54,21.43,22.06
2013-11-25,22.82,22.82,21.69,21.77
2013-11-26,22.11,23.02,21.64,22.05
2013-11-27,22.21,23.08,21.93,22.42
2013-11-29,22.95,25.92,22.67,25.72
2013-12-02,27.0,28.29,25.88,25.95
2013-12-03,26.66,27.55,26.23,27.12
2013-12-04,26.85,27.74,26.54,27.3
2013-12-05,27.5,28.56,27.2,28.2
2013-12-06,28.46,29.86,27.71,28.03
2013-12-09,28.92,29.08,26.23,26.5
2013-12-10,26.67,26.78,25.47,25.61
2013-12-11,25.85,27.46,25.79,27.46
2013-12-12,27.56,27.56,26.43,27.23
2013-12-13,27.15,27.91,26.84,27.89
2013-12-16,28.57,28.65,26.84,27.22
2013-12-17,27.44,27.96,27.16,27.78
2013-12-18,29.71,31.45,28.07,28.8
2013-12-19,29.09,29.55,28.13,29.32
2013-12-20,29.49,29.54,27.99,28.87
2013-12-23,30.47,30.51,27.86,27.87
2013-12-24,28.1,28.13,27.51,27.82
2013-12-26,28.78,28.78,27.68,28.04
2013-12-27,28.51,28.6,27.91,28.52
2013-12-30,29.89,29.93,28.98,29.69
2013-12-31,29.86,29.86,28.65,28.65
2014-01-02,29.44,30.45,29.37,30.35
2014-01-03,30.58,32.28,30.44,32.28
2014-01-06,33.49,33.52,31.07,31.49
2014-01-07,31.76,31.8,30.76,30.87
2014-01-08,31.17,31.31,30.35,30.38
2014-01-09,30.5,30.9,30.2,30.6
2014-01-10,30.87,31.1,30.37,30.46
2014-01-13,33.32,34.33,32.36,32.6
2014-01-14,32.52,32.63,30.42,30.8
2014-01-15,31.22,31.77,30.37,31.03
2014-01-16,30.85,31.71,30.8,31.68
2014-01-17,31.87,34.2,31.55,34.17
2014-01-21,35.4,35.51,32.06,32.17
2014-01-22,31.97,32.23,31.24,31.75
2014-01-23,32.03,32.81,31.15,31.61
2014-01-24,31.93,33.86,31.88,33.66
2014-01-27,33.99,34.34,32.08,32.19
2014-01-28,26.71,26.71,24.2,25.23
2014-01-29,25.37,25.83,24.16,24.39
2014-01-30,24.15,25.31,22.79,25.18
2014-01-31,25.31,25.83,23.67,23.91
2014-02-03,24.6,25.97,24.15,25.76
2014-02-04,25.49,25.49,23.59,23.76
2014-02-05,23.99,24.01,22.92,23.47
2014-02-06,23.36,23.77,22.47,22.55
2014-02-07,22.18,22.9,21.93,22.63
2014-02-10,23.4,23.59,22.08,22.27
2014-02-11,22.43,22.59,22.08,22.31
2014-02-12,22.19,22.89,22.07,22.42
2014-02-13,22.43,22.69,21.63,21.64
2014-02-14,21.81,22.34,21.26,21.45
2014-02-18,22.37,22.59,21.25,21.37
2014-02-19,21.43,22.21,21.18,22.02
2014-02-20,22.07,22.57,21.58,21.58
2014-02-21,21.4,22.28,21.22,22.28
2014-02-24,23.07,23.11,21.29,21.31
2014-02-25,21.28,22.15,20.91,21.39
2014-02-26,21.36,22.78,21.36,22.34
2014-02-27,22.45,22.6,21.51,21.51
2014-02-28,21.61,21.64,20.86,21.08
2014-03-03,22.11,22.76,21.78,21.78
2014-03-04,21.68,21.68,20.04,20.13
2014-03-05,20.21,20.32,19.84,19.94
2014-03-06,19.96,20.11,19.63,20.01
2014-03-07,19.98,20.13,19.29,19.29
2014-03-10,19.97,20.03,19.09,19.09
2014-03-11,19.11,19.82,18.48,19.62
2014-03-12,19.66,20.17,19.41,19.67
2014-03-13,19.71,20.98,19.36,20.66
2014-03-14,20.69,21.56,20.49,21.27
2014-03-17,20.77,20.78,19.15,19.65
2014-03-18,19.82,19.91,18.57,18.61
2014-03-19,19.13,19.38,18.66,19.14
2014-03-20,19.4,19.71,19.06,19.63
2014-03-21,20.75,20.76,19.8,20.3
2014-03-24,21.65,21.93,20.74,20.82
2014-03-25,21.08,21.15,20.01,20.21
2014-03-26,20.38,20.74,20.0,20.72
2014-03-27,20.97,21.9,20.97,21.52
2014-03-28,21.66,23.03,21.66,22.99
2014-03-31,24.12,24.12,23.02,23.36
2014-04-01,23.51,23.51,22.42,22.44
2014-04-02,22.6,22.75,22.31,22.46
2014-04-03,22.73,23.33,22.72,22.96
2014-04-04,23.13,25.03,23.1,24.82
2014-04-07,26.05,27.65,26.05,27.07
2014-04-08,27.12,27.68,26.66,26.68
2014-04-09,26.87,27.07,25.78,25.79
2014-04-10,25.99,26.67,25.82,26.59
2014-04-11,27.05,28.34,26.99,28.13
2014-04-14,29.53,30.05,27.74,27.8
2014-04-15,27.93,28.66,27.08,27.26
2014-04-16,27.16,27.3,25.74,26.24
2014-04-17,26.22,26.46,24.48,24.86
2014-04-21,25.36,25.38,24.37,24.79
2014-04-22,24.84,25.49,24.11,24.17
2014-04-23,24.31,25.92,23.8,25.89
2014-04-24,18.94,20.27,18.82,20.0
2014-04-25,20.01,20.47,19.59,20.22
2014-04-28,21.04,22.97,20.64,22.97
2014-04-29,23.11,23.18,21.53,21.65
2014-04-30,21.71,22.16,21.27,21.45
2014-05-01,21.54,21.78,20.86,20.86
2014-05-02,20.95,20.99,20.32,20.48
2014-05-05,21.25,21.79,20.7,21.76
2014-05-06,21.81,21.98,20.8,20.85
2014-05-07,20.98,21.37,20.84,20.84
2014-05-08,20.93,21.01,19.47,19.49
2014-05-09,19.52,19.94,19.52,19.52
2014-05-12,20.49,20.5,19.26,19.27
2014-05-13,19.44,19.48,17.96,17.96
2014-05-14,18.15,18.99,17.99,18.84
2014-05-15,18.95,19.21,18.68,18.83
2014-05-16,18.95,19.79,18.65,19.63
2014-05-19,20.33,21.35,19.97,20.18
2014-05-20,20.26,20.64,20.07,20.08
2014-05-21,20.12,20.22,19.35,19.37
2014-05-22,19.5,19.99,19.41,19.93
2014-05-23,20.01,20.07,19.4,19.96
2014-05-27,20.76,22.63,20.76,21.63
2014-05-28,21.75,22.41,21.43,22.21
2014-05-29,22.31,23.69,22.31,23.36
2014-05-30,23.61,24.98,23.61,24.65
2014-06-02,25.22,25.5,22.42,22.42
2014-06-03,22.42,22.42,21.49,21.79
2014-06-04,21.83,24.68,21.83,23.88
2014-06-05,24.08,24.88,24.03,24.49
2014-06-06,24.64,25.24,24.26,24.35
2014-06-09,24.56,24.56,21.64,21.89
2014-06-10,22.02,22.75,21.75,21.86
2014-06-11,22.11,22.11,20.98,21.4
2014-06-12,21.51,21.63,20.67,21.52
2014-06-13,21.63,21.91,21.4,21.91
2014-06-16,21.93,21.93,21.04,21.17
2014-06-17,21.54,22.0,21.38,21.53
2014-06-18,21.9,22.22,20.62,20.62
2014-06-19,21.06,21.4,20.48,20.93
2014-06-20,21.22,21.34,20.33,21.34
2014-06-23,22.91,22.91,21.5,21.53
2014-06-24,21.9,22.09,21.2,21.87
2014-06-25,22.23,22.94,22.13,22.74
2014-06-26,23.09,23.42,22.44,22.52
2014-06-27,22.85,23.18,22.65,22.73
2014-06-30,24.31,25.55,24.26,25.38
2014-07-01,25.68,25.96,24.19,24.27
2014-07-02,24.56,24.68,24.09,24.37
2014-07-03,24.62,24.89,24.61,24.89
2014-07-07,26.42,26.55,25.67,26.07
2014-07-08,26.32,27.49,25.93,27.0
2014-07-09,27.28,27.28,26.55,26.55
2014-07-10,26.95,27.86,26.86,26.96
2014-07-11,27.04,27.5,26.94,27.44
2014-07-14,29.06,29.06,27.8,28.26
2014-07-15,28.32,28.74,27.86,28.62
2014-07-16,28.81,29.43,28.25,28.9
2014-07-17,29.24,31.78,28.9,31.3
2014-07-18,31.42,31.42,28.5,28.84
2014-07-21,29.45,29.71,28.76,29.08
2014-07-22,29.26,29.72,28.34,28.34
2014-07-23,22.65,23.8,21.9,21.99
2014-07-24,22.03,22.24,21.42,21.44
2014-07-25,21.59,22.15,21.48,22.13
2014-07-28,23.09,23.33,22.68,22.94
2014-07-29,23.02,23.34,22.94,23.06
2014-07-30,23.16,23.25,22.51,22.54
2014-07-31,22.79,26.33,22.79,26.31
2014-08-01,26.15,27.77,25.95,27.63
2014-08-04,28.6,28.84,26.18,26.25
2014-08-05,26.49,29.21,26.48,27.96
2014-08-06,28.29,28.5,27.72,28.13
2014-08-07,27.73,29.22,27.47,28.55
2014-08-08,28.85,29.59,27.95,28.16
2014-08-11,29.13,29.24,27.43,27.67
2014-08-12,27.82,27.84,26.48,26.66
2014-08-13,26.41,26.64,25.6,25.8
2014-08-14,25.63,26.03,24.73,24.87
2014-08-15,24.81,26.91,24.8,26.07
2014-08-18,25.89,25.99,25.02,25.25
2014-08-19,25.25,25.68,24.85,25.1
2014-08-20,25.2,25.28,24.53,24.66
2014-08-21,24.65,24.96,24.35,24.35
2014-08-22,24.53,24.96,24.35,24.35
2014-08-25,24.84,25.32,24.84,25.09
2014-08-26,25.15,25.57,24.56,24.6
2014-08-27,24.83,25.62,24.55,25.56
2014-08-28,25.72,26.85,25.03,26.01
2014-08-29,26.0,26.4,25.87,26.2
2014-09-02,27.07,27.17,25.46,25.95
2014-09-03,25.95,32.71,22.43,31.71
2014-09-04,31.76,32.43,29.48,30.79
2014-09-05,30.62,30.65,29.6,30.44
2014-09-08,31.02,31.35,30.17,30.3
2014-09-09,30.12,34.59,24.53,27.25
2014-09-10,27.13,27.14,24.77,25.15
2014-09-11,25.49,26.29,25.25,25.31
2014-09-12,25.27,25.86,24.68,25.58
2014-09-15,25.67,25.81,24.31,24.71
2014-09-16,25.43,25.83,24.62,24.65
2014-09-17,24.9,24.9,23.59,23.65
2014-09-18,23.76,23.76,23.15,23.15
2014-09-19,23.3,24.55,22.96,24.55
2014-09-22,25.05,25.05,23.9,24.14
2014-09-23,24.63,24.66,23.02,23.61
2014-09-24,23.95,24.41,23.42,23.53
2014-09-25,24.15,29.3,24.15,28.08
2014-09-26,27.8,27.87,24.79,24.82
2014-09-29,27.17,27.95,26.77,26.81
2014-09-30,26.58,26.58,25.05,25.57
2014-10-01,25.93,28.76,25.93,28.24
2014-10-02,28.35,29.29,26.92,26.99
2014-10-03,27.17,27.67,26.79,26.99
2014-10-06,28.04,28.04,27.05,27.25
2014-10-07,27.7,28.58,27.68,28.53
2014-10-08,28.92,29.32,26.83,27.23
2014-10-09,26.92,28.81,26.31,28.21
2014-10-10,28.5,29.76,27.95,29.69
2014-10-13,31.96,33.77,30.83,33.77
2014-10-14,33.35,33.71,30.99,32.85
2014-10-15,33.61,41.79,33.0,36.97
2014-10-16,39.34,41.4,33.89,34.2
2014-10-17,33.34,33.5,29.73,31.7
2014-10-20,31.51,31.7,29.67,29.67
2014-10-21,22.93,24.94,22.22,22.45
2014-10-22,22.04,23.11,21.09,22.7
2014-10-23,22.05,22.22,21.24,21.65
2014-10-24,21.63,22.47,21.46,21.74
2014-10-27,22.33,22.91,21.9,22.22
2014-10-28,22.38,22.45,21.48,21.48
2014-10-29,21.42,22.29,21.41,21.6
2014-10-30,21.76,22.36,21.41,21.74
2014-10-31,21.53,21.85,21.1,21.2
2014-11-03,21.84,22.55,21.84,22.15
2014-11-04,22.39,23.08,22.25,22.34
2014-11-05,22.46,23.19,22.06,22.21
2014-11-06,22.07,23.22,22.07,22.53
2014-11-07,22.64,22.88,22.1,22.31
2014-11-10,23.18,23.23,22.35,22.35
2014-11-11,22.33,22.51,21.81,22.13
2014-11-12,22.21,22.79,21.44,21.65
2014-11-13,21.66,22.49,21.43,22.29
2014-11-14,22.17,23.16,22.17,22.82
2014-11-17,23.94,25.41,23.94,25.1
2014-11-18,24.98,25.2,24.2,25.15
2014-11-19,25.23,25.9,24.96,25.19
2014-11-20,25.46,25.54,24.86,25.41
2014-11-21,25.37,25.67,24.59,25.35
2014-11-24,25.62,25.64,23.77,24.42
2014-11-25,24.49,25.36,24.31,24.41
2014-11-26,24.45,24.58,24.1,24.48
2014-11-28,25.1,25.8,25.1,25.78
2014-12-01,26.59,32.89,22.97,28.88
2014-12-02,29.03,30.19,27.63,27.67
2014-12-03,27.56,27.63,25.97,26.09
2014-12-04,26.28,26.49,25.64,26.22
2014-12-05,26.2,26.4,24.43,24.75
2014-12-08,25.88,28.1,25.01,27.44
2014-12-09,28.33,28.92,26.6,26.82
2014-12-10,26.93,30.52,26.72,30.39
2014-12-11,30.3,30.3,27.73,29.78
2014-12-12,30.01,32.46,29.7,32.46
2014-12-15,31.42,36.06,29.21,32.48
2014-12-16,33.57,35.65,31.45,35.63
2014-12-17,35.69,35.69,29.79,30.4
2014-12-18,29.41,29.91,28.29,28.29
2014-12-19,28.58,29.0,27.85,28.43
2014-12-22,29.81,29.81,28.28,28.3
2014-12-23,28.52,28.7,27.55,27.61
2014-12-24,27.96,28.18,27.67,27.76
2014-12-26,28.63,28.89,27.96,28.87
2014-12-29,30.37,30.4,29.42,29.78
2014-12-30,30.3,30.41,29.85,30.08
2014-12-31,30.26,31.93,29.82,31.87
2015-01-02,32.42,35.9,32.34,34.1
2015-01-05,35.75,38.08,35.49,37.81
2015-01-06,37.8,39.61,37.17,38.25
2015-01-07,38.13,38.32,36.72,36.84
2015-01-08,36.48,36.49,34.76,35.05
2015-01-09,34.94,36.76,34.94,35.73
2015-01-12,39.15,41.41,38.91,40.75
2015-01-13,40.19,40.36,38.41,39.98
2015-01-14,40.63,42.74,40.56,41.53
2015-01-15,41.49,45.6,41.48,44.44
2015-01-16,44.53,44.55,40.88,41.81
2015-01-20,41.67,41.72,37.85,38.01
2015-01-21,37.98,38.37,36.85,38.07
2015-01-22,37.5,37.5,35.4,35.67
2015-01-23,35.88,36.52,35.65,35.91
2015-01-26,36.76,40.16,36.76,39.98
2015-01-27,41.36,45.76,38.85,42.25
2015-01-28,28.86,30.88,28.42,30.83
2015-01-29,30.46,30.46,28.36,29.26
2015-01-30,29.43,31.59,29.28,31.57
2015-02-02,31.92,32.26,29.12,29.13
2015-02-03,29.21,29.37,27.54,27.59
2015-02-04,27.79,28.45,27.45,28.41
2015-02-05,28.33,28.57,27.35,27.36
2015-02-06,27.31,28.78,26.84,28.73
2015-02-09,29.81,29.81,27.38,27.58
2015-02-10,27.28,27.29,25.9,25.91
2015-02-11,26.11,26.53,25.87,26.16
2015-02-12,26.37,27.49,26.04,26.05
2015-02-13,26.36,26.66,25.67,25.87
2015-02-17,27.37,27.74,26.78,26.78
2015-02-18,27.07,27.12,25.17,25.21
2015-02-19,25.39,25.54,24.91,25.11
2015-02-20,25.14,25.64,25.01,25.14
2015-02-23,25.45,26.95,25.13,26.76
2015-02-24,26.98,27.53,26.18,26.27
2015-02-25,26.36,29.12,26.02,28.04
2015-02-26,27.94,30.98,27.93,28.7
2015-02-27,28.9,29.65,28.69,29.32
2015-03-02,30.17,30.17,28.3,28.3
2015-03-03,28.5,28.78,27.86,27.86
2015-03-04,28.13,28.77,27.98,28.0
2015-03-05,28.08,30.27,28.08,28.77
2015-03-06,28.41,29.95,28.41,29.8
2015-03-09,30.63,30.74,27.0,27.02
2015-03-10,27.5,28.7,27.36,28.1
2015-03-11,28.28,29.82,28.25,28.79
2015-03-12,28.82,29.04,26.77,27.08
2015-03-13,27.15,28.52,26.97,27.7
2015-03-16,27.65,28.03,25.71,25.72
2015-03-17,26.04,26.21,25.48,26.11
2015-03-18,26.61,27.18,24.47,24.67
2015-03-19,25.06,25.3,24.87,25.26
2015-03-20,25.33,25.35,24.38,24.94
2015-03-23,26.59,26.78,26.13,26.38
2015-03-24,26.87,27.14,26.3,26.63
2015-03-25,27.03,30.44,27.01,30.43
2015-03-26,31.19,31.76,30.36,30.46
2015-03-27,30.83,32.17,30.77,32.17
2015-03-30,33.12,33.16,29.95,29.95
2015-03-31,30.41,31.32,30.34,31.23
2015-04-01,31.43,32.78,31.32,31.95
2015-04-02,31.95,32.11,30.84,30.88
2015-04-06,33.48,33.48,31.55,31.59
2015-04-07,32.03,32.7,31.74,32.59
2015-04-08,32.94,33.59,32.82,33.42
2015-04-09,33.61,34.45,33.48,33.54
2015-04-10,34.0,34.76,33.75,33.75
2015-04-13,35.71,36.03,35.28,35.82
2015-04-14,35.87,36.23,35.47,35.58
2015-04-15,35.53,35.85,34.72,34.91
2015-04-16,35.06,35.36,34.04,34.34
2015-04-17,34.5,36.7,34.49,36.65
2015-04-20,36.62,36.68,32.37,32.47
2015-04-21,32.36,33.41,32.36,33.06
2015-04-22,33.22,33.66,32.28,32.35
2015-04-23,32.88,33.02,31.91,32.17
2015-04-24,32.01,34.79,32.0,34.27
2015-04-27,34.49,35.23,33.81,34.34
2015-04-28,26.9,27.98,25.47,27.63
2015-04-29,27.62,28.68,26.97,27.74
2015-04-30,27.92,31.07,27.86,30.32
2015-05-01,30.03,30.07,27.56,28.06
2015-05-04,28.59,28.63,25.79,25.87
2015-05-05,26.26,27.62,26.26,27.44
2015-05-06,27.46,30.5,27.31,29.43
2015-05-07,29.46,29.88,27.1,27.16
2015-05-08,26.62,26.62,24.74,24.8
2015-05-11,25.88,26.38,24.95,25.18
2015-05-12,25.36,26.28,24.66,25.24
2015-05-13,25.04,25.26,24.54,24.77
2015-05-14,24.47,24.51,23.89,23.96
2015-05-15,24.1,24.89,23.08,23.2
2015-05-18,23.36,23.36,21.0,21.24
2015-05-19,21.54,21.83,20.7,21.0
2015-05-20,21.14,21.44,20.07,20.48
2015-05-21,20.73,20.76,19.63,19.76
2015-05-22,19.78,20.16,19.48,19.52
2015-05-26,21.08,23.38,21.04,22.76
2015-05-27,22.52,22.59,21.06,21.31
2015-05-28,21.53,21.81,20.97,21.0
2015-05-29,21.25,21.89,21.02,21.22
2015-06-01,21.83,22.37,20.84,21.03
2015-06-02,21.41,22.17,20.98,21.1
2015-06-03,21.13,21.46,20.81,21.07
2015-06-04,21.52,22.71,20.86,22.24
2015-06-05,22.25,22.93,22.01,22.18
2015-06-08,22.91,23.87,22.41,22.89
2015-06-09,23.57,24.31,22.42,22.7
2015-06-10,22.73,22.87,20.89,20.95
2015-06-11,20.97,21.41,20.7,21.19
2015-06-12,21.61,21.88,21.11,21.48
2015-06-15,22.37,23.03,21.33,21.5
2015-06-16,21.89,22.26,21.16,21.32
2015-06-17,21.48,22.51,21.24,21.38
2015-06-18,21.46,21.57,20.58,20.84
2015-06-19,21.26,21.48,20.99,21.27
2015-06-22,21.79,21.79,20.17,20.17
2015-06-23,20.49,20.97,20.35,20.45
2015-06-24,20.75,21.67,20.65,21.3
2015-06-25,21.53,21.99,21.15,21.62
2015-06-26,21.91,22.65,21.56,22.59
2015-06-29,24.19,26.77,23.74,26.77
2015-06-30,26.51,26.53,24.55,24.93
2015-07-01,24.93,24.93,23.53,23.57
2015-07-02,23.63,23.94,23.48,23.72
2015-07-06,25.67,25.73,24.69,24.75
2015-07-07,25.02,27.79,24.96,25.66
2015-07-08,26.6,30.07,26.58,30.07
2015-07-09,29.15,33.53,28.17,33.53
2015-07-10,32.13,32.13,29.49,29.63
2015-07-13,30.78,30.97,28.25,28.36
2015-07-14,28.13,28.57,27.38,27.54
2015-07-15,27.57,27.71,27.01,27.4
2015-07-16,26.89,27.17,26.37,26.46
2015-07-17,26.39,30.54,26.39,29.67
2015-07-20,29.47,31.83,29.47,30.18
2015-07-21,30.47,32.33,28.4,29.26
2015-07-22,23.57,23.57,21.77,22.27
2015-07-23,22.32,23.19,21.53,23.01
2015-07-24,22.98,23.89,22.12,23.53
2015-07-27,25.31,26.27,25.08,25.61
2015-07-28,25.22,25.58,22.53,22.75
2015-07-29,23.15,23.38,22.45,22.45
2015-07-30,22.81,24.1,22.71,24.07
2015-07-31,24.32,27.75,24.31,27.74
2015-08-03,28.37,32.87,27.19,31.06
2015-08-04,31.55,47.13,31.55,34.32
2015-08-05,35.9,36.98,29.41,31.71
2015-08-06,30.9,32.49,30.62,31.3
2015-08-07,31.57,31.72,30.64,31.17
2015-08-10,31.5,31.5,28.25,28.37
2015-08-11,30.03,36.51,29.9,35.87
2015-08-12,37.12,52.42,34.27,34.35
2015-08-13,33.88,34.55,30.63,31.3
2015-08-14,32.15,32.25,30.04,30.15
2015-08-17,31.21,31.73,29.17,29.74
2015-08-18,30.17,30.49,28.86,29.24
2015-08-19,29.66,31.1,29.19,29.74
2015-08-20,30.89,35.02,30.58,34.47
2015-08-21,36.39,52.7,36.39,52.7
2015-08-24,52.7,90.11,38.24,62.6
2015-08-25,47.62,59.63,46.38,59.63
2015-08-26,54.15,55.45,44.42,44.5
2015-08-27,41.31,44.78,38.65,39.69
2015-08-28,40.81,41.91,39.14,39.49
2015-08-31,41.59,42.45,39.05,40.39
2015-09-01,44.41,52.0,43.8,50.49
2015-09-02,47.79,47.89,41.62,41.62
2015-09-03,41.62,43.51,40.38,42.87
2015-09-04,44.51,46.92,43.44,45.31
2015-09-08,45.28,45.31,42.17,42.19
2015-09-09,41.41,43.47,39.73,42.52
2015-09-10,42.8,43.08,38.4,38.58
2015-09-11,39.51,40.83,36.75,36.77
2015-09-14,36.75,37.83,35.44,36.78
2015-09-15,37.0,38.02,33.9,34.25
2015-09-16,34.8,35.13,33.12,33.12
2015-09-17,34.27,35.54,31.39,34.55
2015-09-18,36.55,36.56,34.55,35.28
2015-09-21,35.64,35.83,32.2,32.29
2015-09-22,34.68,36.92,34.24,35.79
2015-09-23,35.84,35.94,34.01,34.18
2015-09-24,35.75,38.84,35.58,35.87
2015-09-25,34.75,36.41,34.31,35.96
2015-09-28,38.97,43.66,38.22,43.63
2015-09-29,43.4,47.12,41.06,45.25
2015-09-30,43.85,44.06,40.07,40.23
2015-10-01,41.4,46.45,40.85,40.95
2015-10-02,42.57,44.18,38.99,39.7
2015-10-05,41.18,42.1,38.39,38.84
2015-10-06,38.98,40.05,38.04,38.27
2015-10-07,38.36,40.41,38.19,38.71
2015-10-08,39.37,41.45,39.31,39.67
2015-10-09,39.34,40.04,37.22,37.48
2015-10-12,41.19,41.72,39.23,39.65
2015-10-13,40.16,40.3,38.29,38.42
2015-10-14,38.87,41.0,38.48,40.32
2015-10-15,39.83,39.98,37.72,37.75
2015-10-16,37.9,39.33,37.78,38.73
2015-10-19,38.55,39.49,36.44,36.45
2015-10-20,36.77,37.91,35.6,35.75
2015-10-21,35.98,37.19,35.0,36.17
2015-10-22,35.66,36.12,32.88,32.88
2015-10-23,33.01,34.11,32.18,33.68
2015-10-26,35.33,41.57,35.33,41.37
2015-10-27,41.13,41.32,39.37,40.09
2015-10-28,28.08,28.23,25.88,26.78
2015-10-29,27.17,27.68,26.3,26.55
2015-10-30,26.53,27.65,25.95,26.32
2015-11-02,27.41,27.47,25.24,25.3
2015-11-03,25.59,25.99,25.02,25.03
2015-11-04,24.97,26.32,24.82,25.23
2015-11-05,25.34,26.69,25.33,25.57
2015-11-06,25.47,26.8,25.46,26.69
2015-11-09,27.59,28.65,27.08,27.19
2015-11-10,29.48,31.08,28.65,30.57
2015-11-11,30.54,32.44,29.03,29.51
2015-11-12,29.76,29.95,28.9,29.32
2015-11-13,29.65,32.84,29.6,32.26
2015-11-16,34.27,34.31,30.64,30.71
2015-11-17,30.5,31.66,29.7,30.42
2015-11-18,29.15,30.3,28.3,28.39
2015-11-19,28.68,29.44,27.17,27.53
2015-11-20,27.75,27.9,25.48,25.89
2015-11-23,26.6,26.85,25.69,25.71
2015-11-24,26.22,26.42,25.04,25.38
2015-11-25,25.44,25.84,25.14,25.33
2015-11-27,25.86,26.18,24.99,25.1
2015-11-30,26.16,26.35,24.69,24.69
2015-12-01,24.71,25.76,24.1,25.05
2015-12-02,25.06,25.75,24.19,25.42
2015-12-03,25.57,28.41,24.83,27.46
2015-12-04,26.83,26.87,23.05,23.36
2015-12-07,24.22,25.69,24.21,24.94
2015-12-08,25.54,26.55,25.01,25.25
2015-12-09,25.85,29.5,25.8,28.54
2015-12-10,28.55,29.48,26.43,27.06
2015-12-11,28.46,34.21,28.36,33.38
2015-12-14,34.83,38.34,32.16,32.16
2015-12-15,32.89,33.83,25.12,33.11
2015-12-16,32.08,35.18,28.77,29.18
2015-12-17,28.35,32.04,28.14,30.53
2015-12-18,31.35,35.14,30.77,34.17
2015-12-21,34.1,34.18,30.27,30.27
2015-12-22,30.14,30.61,28.84,28.88
2015-12-23,28.93,28.99,26.91,27.04
2015-12-24,27.25,28.04,27.12,27.74
2015-12-28,29.98,31.07,29.55,29.7
2015-12-29,30.0,30.0,27.88,28.22
2015-12-30,28.57,29.35,28.5,29.17
2015-12-31,29.8,31.95,29.6,31.82
2016-01-04,35.82,38.73,34.42,34.42
2016-01-05,35.29,38.0,34.37,36.38
2016-01-06,37.76,39.24,36.79,37.84
2016-01-07,40.16,42.86,38.83,42.36
2016-01-08,40.72,40.72,37.61,40.24
2016-01-11,42.26,43.2,40.69,40.77
2016-01-12,39.36,39.8,37.89,38.11
2016-01-13,38.07,41.21,36.9,41.21
2016-01-14,40.71,43.37,37.05,38.27
2016-01-15,41.09,46.41,40.75,43.01
2016-01-19,41.59,42.49,39.41,40.11
2016-01-20,41.28,45.45,40.96,43.43
2016-01-21,43.5,44.01,39.44,39.63
2016-01-22,38.38,38.87,36.48,37.96
2016-01-25,39.03,42.3,38.7,41.44
2016-01-26,41.84,45.11,37.94,40.36
2016-01-27,33.82,34.51,29.83,32.72
2016-01-28,33.28,34.04,31.44,31.45
2016-01-29,31.44,31.44,27.05,27.4
2016-02-01,29.1,29.45,28.12,28.78
2016-02-02,29.42,30.57,29.22,30.42
2016-02-03,30.36,32.64,28.97,29.12
2016-02-04,29.32,30.34,29.1,29.29
2016-02-05,29.41,33.14,29.41,32.49
2016-02-08,34.3,35.49,32.6,33.13
2016-02-09,34.26,35.32,33.65,34.18
2016-02-10,33.6,34.44,33.05,34.04
2016-02-11,35.04,37.87,34.38,34.99
2016-02-12,34.7,35.92,32.76,32.76
2016-02-16,33.32,33.45,30.42,31.01
2016-02-17,31.22,31.27,29.32,30.03
2016-02-18,29.96,31.28,29.56,30.58
2016-02-19,30.93,30.98,28.93,29.13
2016-02-22,29.12,29.41,26.09,26.11
2016-02-23,26.97,28.85,26.82,28.73
2016-02-24,29.63,30.97,27.06,27.26
2016-02-25,27.36,28.67,26.63,26.63
2016-02-26,25.97,27.36,25.59,26.65
2016-02-29,27.38,27.58,26.31,27.23
2016-03-01,26.45,26.82,24.42,25.03
2016-03-02,24.79,25.93,24.33,24.36
2016-03-03,24.72,25.13,24.1,24.6
2016-03-04,24.43,24.99,23.39,23.6
2016-03-07,24.86,26.32,24.81,25.72
2016-03-08,26.25,26.85,25.22,25.22
2016-03-09,25.08,26.01,24.63,24.67
2016-03-10,24.69,26.2,24.1,25.48
2016-03-11,24.83,25.34,23.83,23.88
2016-03-14,24.47,24.51,22.98,23.09
2016-03-15,23.18,24.57,22.27,23.04
2016-03-16,23.53,25.28,23.24,24.1
2016-03-17,24.58,25.15,24.37,24.44
2016-03-18,24.84,25.08,23.08,23.49
2016-03-21,24.09,24.39,22.99,22.99
2016-03-22,23.52,23.63,22.75,23.4
2016-03-23,23.87,23.96,23.07,23.72
2016-03-24,24.51,24.62,23.83,24.24
2016-03-28,26.05,26.6,25.18,25.3
2016-03-29,25.66,26.15,25.17,25.4
2016-03-30,25.3,26.43,25.18,26.17
2016-03-31,26.57,27.01,26.25,26.71
2016-04-01,27.34,27.5,26.02,26.02
2016-04-04,27.08,28.59,27.08,28.49
2016-04-05,29.42,29.79,28.96,29.62
2016-04-06,29.56,30.53,29.52,29.52
2016-04-07,30.24,32.37,29.98,32.03
2016-04-08,32.0,32.22,30.49,30.78
2016-04-11,34.03,34.09,32.23,32.83
2016-04-12,33.0,33.65,31.44,31.44
2016-04-13,31.69,31.98,31.47,31.67
2016-04-14,31.96,32.65,30.6,30.75
2016-04-15,30.72,32.98,30.25,32.16
2016-04-18,32.0,32.19,31.02,31.57
2016-04-19,32.08,32.7,30.76,30.87
2016-04-20,31.18,31.39,27.55,28.6
2016-04-21,28.89,29.98,28.89,29.64
2016-04-22,30.1,30.36,28.41,28.71
2016-04-25,29.49,30.11,28.65,28.96
2016-04-26,29.31,30.53,28.35,30.53
2016-04-27,24.92,24.92,22.86,24.25
2016-04-28,24.32,28.38,23.49,26.59
2016-04-29,27.93,29.46,27.4,27.7
2016-05-02,27.96,29.32,26.26,26.74
2016-05-03,27.08,27.22,25.1,25.16
2016-05-04,25.41,26.47,24.9,25.46
2016-05-05,25.47,26.81,25.47,26.17
2016-05-06,26.43,27.96,25.87,25.87
2016-05-09,26.63,26.68,25.22,25.4
2016-05-10,25.24,26.06,24.25,24.29
2016-05-11,24.43,24.91,24.15,24.49
2016-05-12,24.69,28.44,24.64,25.97
2016-05-13,26.17,26.22,25.2,25.87
2016-05-16,26.2,26.2,23.67,23.97
2016-05-17,24.04,24.91,23.68,23.81
2016-05-18,23.78,24.34,23.29,23.6
2016-05-19,24.41,24.56,23.55,23.57
2016-05-20,23.45,23.66,22.77,23.0
2016-05-23,23.27,23.96,22.53,22.68
2016-05-24,22.72,22.92,21.89,21.94
2016-05-25,22.0,22.52,21.94,22.09
2016-05-26,22.23,23.1,21.7,22.18
2016-05-27,22.52,22.64,21.93,22.04
2016-05-31,23.28,23.46,22.08,22.09
2016-06-01,22.43,22.6,21.94,22.29
2016-06-02,22.71,22.99,22.06,22.39
2016-06-03,22.51,22.54,21.41,21.43
2016-06-06,22.48,22.57,21.64,21.7
2016-06-07,21.73,22.04,21.31,21.43
2016-06-08,21.52,21.69,20.9,20.9
2016-06-09,21.05,21.46,20.82,21.02
2016-06-10,21.53,23.15,21.53,23.13
2016-06-13,23.39,25.0,23.36,24.37
2016-06-14,24.51,26.35,24.03,24.77
2016-06-15,24.82,24.91,23.53,24.22
2016-06-16,25.19,26.08,24.14,24.17
2016-06-17,25.21,26.16,24.58,25.66
2016-06-20,25.26,25.26,23.52,24.89
2016-06-21,24.9,24.94,23.19,24.09
2016-06-22,24.09,25.47,23.32,25.23
2016-06-23,24.41,25.0,23.45,23.47
2016-06-24,25.87,28.09,25.46,26.83
2016-06-27,28.5,30.18,28.15,28.15
2016-06-28,27.4,27.53,24.95,25.02
2016-06-29,25.0,25.06,24.14,24.55
2016-06-30,24.65,24.81,23.16,23.16
2016-07-01,23.37,23.71,22.54,22.8
2016-07-05,24.72,25.27,24.58,24.74
2016-07-06,25.13,25.8,24.47,24.72
2016-07-07,24.57,25.68,24.48,24.51
2016-07-08,24.34,24.74,23.6,23.79
2016-07-11,25.23,25.28,24.25,24.93
2016-07-12,24.59,25.18,23.92,24.09
2016-07-13,23.72,24.62,23.64,24.42
2016-07-14,24.02,24.6,23.71,24.47
2016-07-15,24.18,24.55,23.68,23.68
2016-07-18,23.45,23.9,22.65,23.17
2016-07-19,23.38,23.87,22.9,23.77
2016-07-20,24.07,24.47,23.58,24.47
2016-07-21,24.26,24.93,23.89,24.65
2016-07-22,24.95,25.55,23.67,23.83
2016-07-25,24.74,25.48,24.26,25.37
2016-07-26,25.7,26.39,25.28,26.15
2016-07-27,19.98,19.98,18.39,19.19
2016-07-28,19.23,19.5,18.7,19.39
2016-07-29,19.63,19.94,18.77,18.78
2016-08-01,19.7,20.63,19.44,20.3
2016-08-02,20.62,21.17,20.03,20.48
2016-08-03,20.34,21.23,19.67,20.4
2016-08-04,20.57,20.57,19.7,19.97
2016-08-05,19.82,21.23,19.82,21.22
2016-08-08,22.21,22.6,21.61,21.63
2016-08-09,21.86,21.9,20.56,20.69
2016-08-10,20.82,20.85,20.54,20.57
2016-08-11,20.6,20.68,20.28,20.57
2016-08-12,20.95,21.04,20.18,20.23
2016-08-15,21.01,21.14,20.61,20.76
2016-08-16,20.83,21.61,20.66,20.9
2016-08-17,21.18,21.66,20.63,20.65
2016-08-18,20.74,20.79,20.14,20.31
2016-08-19,20.67,20.98,19.89,19.93
2016-08-22,20.29,21.08,19.78,19.9
2016-08-23,19.98,19.99,19.39,19.79
2016-08-24,20.02,20.9,19.91,20.69
2016-08-25,20.88,21.71,20.73,21.25
2016-08-26,21.38,22.42,20.3,21.39
2016-08-29,22.16,22.65,21.31,21.92
2016-08-30,22.31,22.99,21.72,21.75
2016-08-31,21.95,22.45,21.58,22.45
2016-09-01,22.66,23.35,22.29,22.31
2016-09-02,22.14,22.14,21.02,21.02
2016-09-06,22.2,22.4,21.73,22.03
2016-09-07,22.0,22.22,20.54,21.16
2016-09-08,21.4,22.14,20.92,22.08
2016-09-09,22.4,23.35,21.0,23.18
2016-09-12,19.81,21.65,18.36,19.73
2016-09-13,20.38,21.96,20.38,20.89
2016-09-14,21.04,25.34,20.81,22.48
2016-09-15,23.7,24.69,22.44,23.26
2016-09-16,23.39,23.77,21.65,22.12
2016-09-19,22.81,22.82,21.5,21.78
2016-09-20,22.05,22.31,21.39,21.55
2016-09-21,21.83,22.2,20.91,21.02
2016-09-22,21.2,21.49,20.38,20.52
2016-09-23,21.0,23.5,20.5,22.29
2016-09-26,24.39,24.53,23.55,23.88
2016-09-27,24.13,24.15,22.92,23.03
2016-09-28,23.17,23.47,22.92,22.96
2016-09-29,23.63,25.6,23.47,24.99
2016-09-30,25.22,25.81,23.68,23.97
2016-10-03,25.61,25.78,25.28,25.31
2016-10-04,25.5,26.07,25.31,25.81
2016-10-05,26.02,26.33,25.69,25.95
2016-10-06,26.07,26.24,25.34,25.74
2016-10-07,25.94,26.24,25.71,25.78
2016-10-10,27.11,27.31,26.39,26.45
2016-10-11,26.92,27.86,26.86,27.62
2016-10-12,27.74,27.74,26.71,27.02
2016-10-13,27.38,28.69,27.33,27.81
2016-10-14,27.76,27.92,26.69,26.8
2016-10-17,28.42,28.76,27.92,27.95
2016-10-18,28.23,28.33,27.8,27.88
2016-10-19,28.05,28.21,27.35,27.49
2016-10-20,27.76,27.76,26.92,26.93
2016-10-21,27.26,27.55,26.94,27.54
2016-10-24,27.53,27.66,26.79,27.12
2016-10-25,27.37,29.01,26.33,26.33
2016-10-26,21.03,21.39,20.16,20.4
2016-10-27,20.51,21.31,20.51,21.05
2016-10-28,21.11,22.16,20.22,21.27
2016-10-31,22.04,22.04,20.96,21.09
2016-11-01,21.22,25.14,21.14,23.61
2016-11-02,23.76,23.95,23.39,23.85
2016-11-03,23.95,25.64,23.55,25.47
2016-11-04,25.95,27.12,25.46,26.94
2016-11-07,26.29,26.63,24.3,24.49
2016-11-08,24.56,24.98,23.44,24.37
2016-11-09,23.51,25.04,23.03,23.12
2016-11-10,22.98,27.68,22.82,25.73
2016-11-11,26.31,26.54,24.39,24.62
2016-11-14,25.42,30.29,25.42,27.81
2016-11-15,27.49,27.8,24.96,25.07
2016-11-16,25.33,25.33,23.14,23.74
2016-11-17,24.02,24.34,23.39,23.58
2016-11-18,23.64,23.77,22.49,22.79
2016-11-21,22.49,22.49,19.78,20.06
2016-11-22,20.23,20.39,19.63,19.67
2016-11-23,20.01,20.29,19.63,19.65
2016-11-25,20.13,20.23,19.83,19.84
2016-11-28,20.82,20.95,20.42,20.93
2016-11-29,21.34,21.57,20.39,20.51
2016-11-30,20.63,20.85,20.24,20.72
2016-12-01,20.91,22.17,20.59,21.98
2016-12-02,21.96,22.06,20.44,20.51
2016-12-05,21.26,22.02,20.26,20.26
2016-12-06,20.43,20.43,19.44,19.51
2016-12-07,19.83,19.92,19.05,19.2
2016-12-08,19.38,19.92,19.22,19.43
2016-12-09,19.27,20.66,19.16,20.09
2016-12-12,16.35,17.02,16.26,16.64
2016-12-13,16.79,17.91,16.53,17.52
2016-12-14,18.17,19.01,17.62,18.93
2016-12-15,19.19,19.22,18.19,18.31
2016-12-16,19.09,19.09,18.06,18.23
2016-12-19,18.73,18.73,17.47,17.8
2016-12-20,18.17,18.25,17.37,17.58
2016-12-21,17.97,18.04,17.48,17.59
2016-12-22,18.18,18.98,18.1,18.63
2016-12-23,18.79,19.03,17.86,17.95
2016-12-27,20.22,20.7,19.92,20.43
2016-12-28,20.65,21.75,20.62,21.75
2016-12-29,22.04,22.33,21.78,21.97
2016-12-30,21.96,23.02,21.91,22.5
2017-01-03,24.38,24.42,23.02,23.1
2017-01-04,23.34,23.35,21.95,22.06
2017-01-05,22.15,22.62,21.96,22.18
2017-01-06,22.52,22.6,21.94,22.17
2017-01-09,23.37,23.91,23.26,23.61
2017-01-10,24.02,24.38,23.67,23.73
2017-01-11,23.61,24.41,23.58,23.91
2017-01-12,24.24,24.85,23.95,23.96
2017-01-13,24.12,24.12,23.24,23.85
2017-01-17,25.42,25.53,24.64,24.8
2017-01-18,24.64,25.01,23.84,24.1
2017-01-19,24.3,24.79,23.91,24.54
2017-01-20,24.36,24.53,23.05,23.32
2017-01-23,22.75,23.1,22.13,22.48
2017-01-24,22.74,22.84,22.07,22.29
2017-01-25,22.29,22.29,21.56,21.67
2017-01-26,21.63,22.3,21.52,21.8
2017-01-27,21.83,21.89,20.99,21.42
2017-01-30,21.98,23.08,21.81,22.81
2017-01-31,22.85,23.85,22.79,22.97
2017-02-01,17.14,19.25,16.11,18.67
2017-02-02,18.74,18.74,17.26,17.35
2017-02-03,17.38,17.57,16.89,16.94
2017-02-06,17.46,17.83,17.24,17.54
2017-02-07,17.57,18.4,17.23,17.24
2017-02-08,17.25,17.58,16.99,17.34
2017-02-09,17.54,17.86,16.94,17.01
2017-02-10,17.09,17.29,16.75,17.12
2017-02-13,17.69,17.81,17.13,17.57
2017-02-14,17.85,18.45,17.67,18.37
2017-02-15,18.55,19.52,18.55,19.06
2017-02-16,19.12,19.48,18.82,19.15
2017-02-17,19.17,19.19,18.1,18.22
2017-02-21,18.32,18.49,17.57,17.67
2017-02-22,17.79,18.05,17.27,17.42
2017-02-23,17.52,17.92,17.22,17.34
2017-02-24,17.53,17.58,16.96,17.2
2017-02-27,17.97,18.35,17.27,17.36
2017-02-28,17.49,17.82,17.33,17.75
2017-03-01,17.65,17.77,16.76,17.55
2017-03-02,17.83,18.03,17.4,17.5
2017-03-03,17.56,17.56,16.82,17.0
2017-03-06,17.72,17.74,17.23,17.41
2017-03-07,17.41,17.86,17.41,17.68
2017-03-08,17.9,17.97,17.14,17.69
2017-03-09,17.78,18.18,17.44,17.44
2017-03-10,17.5,17.65,16.65,16.75
2017-03-13,13.81,13.81,12.26,12.52
2017-03-14,12.87,13.71,12.76,13.18
2017-03-15,13.67,13.68,12.42,13.05
2017-03-16,13.61,13.82,13.18,13.29
2017-03-17,14.11,14.17,13.33,13.7
2017-03-20,14.56,14.7,13.35,13.36
2017-03-21,13.69,16.87,13.55,16.54
2017-03-22,16.68,17.23,16.39,16.71
2017-03-23,17.06,17.39,16.38,16.73
2017-03-24,16.93,17.36,16.51,17.06
2017-03-27,18.38,30.58,16.34,18.65
2017-03-28,19.06,19.42,18.3,19.19
2017-03-29,19.56,20.31,19.56,19.88
2017-03-30,20.21,20.22,19.8,19.86
2017-03-31,20.25,20.35,19.5,19.52
2017-04-03,20.96,21.23,20.48,20.55
2017-04-04,20.8,20.94,20.51,20.57
2017-04-05,21.01,21.02,20.13,20.94
2017-04-06,21.26,21.38,20.66,20.93
2017-04-07,21.33,21.43,20.77,21.12
2017-04-10,22.23,22.34,21.58,21.72
2017-04-11,22.11,23.7,22.03,22.48
2017-04-12,22.69,23.03,22.48,22.48
2017-04-13,22.62,22.71,21.54,22.36
2017-04-17,23.98,24.07,22.92,22.97
2017-04-18,23.31,23.35,22.63,22.66
2017-04-19,22.78,22.86,22.42,22.5
2017-04-20,22.45,22.54,21.38,22.11
2017-04-21,22.36,22.87,22.3,22.74
2017-04-24,22.1,22.1,19.91,20.97
2017-04-25,20.98,21.35,20.9,21.05
2017-04-26,21.17,22.52,21.17,22.43
2017-04-27,22.41,22.93,22.06,22.15
2017-04-28,22.25,22.99,21.49,21.57
2017-05-01,22.04,22.56,21.81,22.1
2017-05-02,22.09,22.98,21.47,22.4
2017-05-03,17.21,17.59,16.54,16.81
2017-05-04,16.89,17.14,15.74,15.79
2017-05-05,15.78,16.73,15.57,16.27
2017-05-08,16.71,19.03,16.69,17.8
2017-05-09,18.1,19.75,18.1,18.4
2017-05-10,18.55,19.13,18.23,18.62
2017-05-11,18.76,19.44,18.4,18.7
2017-05-12,18.8,20.69,18.8,19.42
2017-05-15,20.05,20.46,19.97,20.1
2017-05-16,20.21,20.26,19.26,19.84
2017-05-17,20.01,25.5,19.51,24.14
2017-05-18,23.85,24.0,22.32,23.25
2017-05-19,22.69,22.89,20.28,20.93
2017-05-22,20.72,20.87,19.02,19.06
2017-05-23,19.24,19.51,18.96,19.38
2017-05-24,19.55,19.59,18.62,18.62
2017-05-25,18.69,18.72,17.88,18.5
2017-05-26,18.47,18.5,17.36,17.4
2017-05-30,18.27,18.31,17.48,17.87
2017-05-31,17.81,19.3,17.81,18.83
2017-06-01,18.89,18.9,18.05,18.06
2017-06-02,18.12,18.83,17.97,18.33
2017-06-05,19.09,19.63,18.47,18.5
2017-06-06,18.6,18.99,18.29,18.76
2017-06-07,18.89,19.28,18.57,18.89
2017-06-08,19.02,19.39,18.73,18.78
2017-06-09,18.8,28.43,18.28,24.81
2017-06-12,25.24,52.28,22.28,22.42
2017-06-13,21.69,21.69,17.98,18.25
2017-06-14,17.97,21.12,17.85,19.53
2017-06-15,20.08,22.65,20.08,20.65
2017-06-16,21.11,21.25,20.13,20.89
2017-06-19,21.28,21.28,18.98,19.77
2017-06-20,20.2,20.63,18.97,19.45
2017-06-21,19.57,19.75,19.34,19.65
2017-06-22,19.93,20.48,19.59,19.78
2017-06-23,20.0,20.0,19.01,19.02
2017-06-26,20.28,22.0,20.09,21.2
2017-06-27,21.64,23.37,20.55,23.37
2017-06-28,23.75,24.12,22.04,22.24
2017-06-29,22.6,25.88,22.55,24.04
2017-06-30,23.74,24.47,22.54,23.72
2017-07-03,24.92,25.22,24.27,25.09
2017-07-05,25.79,26.22,24.35,24.79
2017-07-06,25.51,26.8,25.32,25.77
2017-07-07,25.98,25.98,24.03,24.23
2017-07-10,25.68,25.77,24.61,24.85
2017-07-11,25.39,25.72,24.29,24.37
2017-07-12,24.51,25.21,24.21,24.36
2017-07-13,24.68,25.38,24.14,24.27
2017-07-14,24.5,24.57,23.72,24.03
2017-07-17,25.41,27.08,24.93,26.05
2017-07-18,26.44,26.99,26.13,26.19
2017-07-19,26.17,26.43,25.17,25.44
2017-07-20,25.51,25.78,25.03,25.35
2017-07-21,25.66,25.82,25.01,25.32
2017-07-24,25.68,26.2,25.16,26.2
2017-07-25,26.25,26.47,25.45,25.75
2017-07-26,25.92,26.07,24.68,25.41
2017-07-27,25.68,29.62,25.38,27.79
2017-07-28,28.01,28.62,27.21,27.42
2017-07-31,28.07,28.15,26.86,26.96
2017-08-01,27.2,27.41,26.0,27.41
2017-08-02,22.22,25.14,20.4,22.93
2017-08-03,23.11,23.27,21.63,22.42
2017-08-04,22.35,22.7,21.25,21.38
2017-08-07,22.22,22.28,21.39,21.54
2017-08-08,21.72,23.0,21.45,22.47
2017-08-09,22.69,23.63,22.47,22.56
2017-08-10,23.1,28.86,23.1,27.62
2017-08-11,26.69,27.48,25.56,26.15
2017-08-14,26.05,26.24,22.89,23.41
2017-08-15,23.58,23.83,23.07,23.07
2017-08-16,23.55,23.75,22.41,22.59
2017-08-17,23.0,26.66,22.59,26.57
2017-08-18,26.45,27.05,24.82,26.1
2017-08-21,26.67,27.58,25.19,25.28
2017-08-22,25.15,25.2,24.25,25.04
2017-08-23,25.84,25.84,24.36,24.74
2017-08-24,24.71,26.22,24.65,25.49
2017-08-25,25.55,25.83,24.05,24.27
2017-08-28,25.15,25.52,24.62,24.65
2017-08-29,25.41,25.71,24.59,25.0
2017-08-30,25.11,25.58,24.66,25.08
2017-08-31,25.04,25.14,24.25,24.25
2017-09-01,24.48,25.08,24.0,24.98
2017-09-05,26.21,27.55,25.24,26.25
2017-09-06,26.36,26.95,25.81,26.1
2017-09-07,26.04,33.22,25.71,25.91
2017-09-08,25.89,26.87,25.58,26.16
2017-09-11,24.54,24.54,22.67,23.39
2017-09-12,23.65,23.99,18.33,21.63
2017-09-13,22.5,22.65,18.85,19.84
2017-09-14,20.16,20.38,19.33,20.33
2017-09-15,20.24,20.68,19.06,20.2
2017-09-18,20.69,21.2,19.95,20.63
2017-09-19,20.82,21.03,19.81,20.36
2017-09-20,21.02,23.67,20.77,21.61
2017-09-21,22.2,24.01,21.49,21.84
2017-09-22,22.9,24.3,22.43,22.72
2017-09-25,25.15,28.15,24.51,25.11
2017-09-26,25.01,25.02,23.61,24.22
2017-09-27,24.23,24.57,23.6,23.84
2017-09-28,24.11,24.64,23.64,23.84
2017-09-29,24.26,26.46,22.24,22.55
2017-10-02,23.88,25.09,23.83,24.46
2017-10-03,24.81,24.97,23.93,24.53
2017-10-04,25.47,25.62,24.53,24.61
2017-10-05,24.94,25.04,24.53,24.65
2017-10-06,25.05,25.15,24.15,24.18
2017-10-09,25.41,25.63,24.21,24.32
2017-10-10,24.77,25.3,24.47,25.09
2017-10-11,25.41,25.59,24.35,24.45
2017-10-12,24.78,25.78,24.39,24.58
2017-10-13,24.9,25.01,24.2,24.6
2017-10-16,25.87,26.04,25.26,25.77
2017-10-17,26.06,26.31,25.29,25.5
2017-10-18,27.85,27.85,24.88,25.13
2017-10-19,26.7,27.99,26.65,27.01
2017-10-20,27.01,27.09,25.23,26.45
2017-10-23,26.84,27.29,25.57,27.16
2017-10-24,27.29,27.29,26.03,26.34
2017-10-25,26.68,27.52,26.19,26.45
2017-10-26,26.58,26.86,25.5,26.36
2017-10-27,26.8,28.2,26.41,28.07
2017-10-30,28.49,30.24,28.49,29.38
2017-10-31,29.82,31.13,29.59,30.38
2017-11-01,30.59,30.97,29.53,30.08
2017-11-02,30.15,30.4,28.11,30.27
2017-11-03,22.97,24.01,21.87,22.49
2017-11-06,23.18,23.21,21.0,21.51
2017-11-07,21.71,21.9,21.24,21.61
2017-11-08,21.74,21.79,20.61,20.71
2017-11-09,21.23,22.32,20.79,20.84
2017-11-10,22.81,22.81,20.43,20.69
2017-11-13,21.5,21.89,20.52,20.98
2017-11-14,21.34,22.22,20.99,21.68
2017-11-15,23.04,24.29,22.15,23.16
2017-11-16,22.49,22.49,20.68,21.06
2017-11-17,21.52,22.17,20.69,21.0
2017-11-20,21.85,21.94,20.26,20.49
2017-11-21,20.69,21.72,19.14,19.43
2017-11-22,19.63,20.53,18.94,19.01
2017-11-24,19.47,19.54,18.84,19.02
2017-11-27,20.1,21.5,19.58,19.64
2017-11-28,19.75,21.76,19.46,20.44
2017-11-29,20.74,26.3,20.62,23.23
2017-11-30,23.05,27.15,21.15,21.35
2017-12-01,22.36,27.75,21.55,22.23
2017-12-04,22.88,25.74,21.9,25.14
2017-12-05,27.18,27.18,21.94,22.89
2017-12-06,24.49,25.42,22.52,22.75
2017-12-07,22.5,24.75,21.35,22.0
2017-12-08,21.41,22.08,20.85,21.75
2017-12-11,19.06,19.49,15.91,15.91
2017-12-12,17.87,18.96,16.4,17.71
2017-12-13,18.0,18.0,16.05,17.3
2017-12-14,17.31,17.74,16.35,17.38
2017-12-15,18.75,18.75,17.07,18.08
2017-12-18,18.67,19.22,18.13,19.07
2017-12-19,20.39,20.48,19.34,20.16
2017-12-20,20.39,20.64,19.5,19.89
2017-12-21,20.28,20.28,18.87,19.03
2017-12-22,19.51,20.05,18.87,19.23
2017-12-26,23.83,27.13,22.8,22.96
2017-12-27,23.56,23.76,22.9,23.08
2017-12-28,23.45,25.54,22.38,22.72
2017-12-29,23.41,23.69,22.79,23.63
2018-01-02,25.51,25.78,24.07,24.25
2018-01-03,24.37,24.57,23.85,24.47
2018-01-04,24.93,25.5,23.86,23.88
2018-01-05,24.4,24.53,23.52,24.46
2018-01-08,26.29,26.41,25.12,25.15
2018-01-09,25.45,25.81,24.97,25.23
2018-01-10,25.9,26.01,25.26,25.52
2018-01-11,26.2,26.2,24.55,24.7
2018-01-12,25.29,28.4,24.67,25.64
2018-01-16,27.55,28.58,27.19,28.38
2018-01-17,29.14,29.97,27.96,29.6
2018-01-18,30.41,30.41,28.55,29.38
2018-01-19,29.41,29.41,27.69,27.98
2018-01-22,28.68,28.68,26.54,27.37
2018-01-23,32.5,34.93,27.44,27.83
2018-01-24,27.82,32.9,27.82,28.98
2018-01-25,29.0,31.24,27.98,29.82
2018-01-26,30.39,32.27,29.47,29.94
2018-01-29,30.96,40.81,30.96,34.39
2018-01-30,38.25,38.25,33.19,33.68
2018-01-31,33.97,36.93,32.61,33.99
2018-02-01,34.94,35.84,29.29,34.01
2018-02-02,25.8,29.66,24.08,28.69
2018-02-05,30.26,46.33,26.38,33.36
2018-02-06,39.23,39.23,29.15,29.89
2018-02-07,29.97,30.61,27.32,29.81
2018-02-08,29.6,36.12,29.03,36.12
2018-02-09,33.59,43.26,31.69,33.75
2018-02-12,32.62,33.64,27.23,27.71
2018-02-13,28.2,28.33,26.61,26.88
2018-02-14,27.58,27.59,24.75,24.78
2018-02-15,24.41,26.4,24.05,25.12
2018-02-16,26.38,26.38,24.09,24.59
2018-02-20,25.6,25.64,24.15,24.49
2018-02-21,24.36,24.47,22.31,23.59
2018-02-22,23.4,23.53,22.38,23.01
2018-02-23,22.68,22.71,21.06,21.06
2018-02-26,21.58,22.46,21.06,21.39
2018-02-27,21.61,23.36,21.21,23.14
2018-02-28,22.78,24.62,22.61,24.55
2018-03-01,24.41,31.32,24.18,26.81
2018-03-02,29.27,29.27,22.53,24.89
2018-03-05,25.93,26.27,23.77,23.79
2018-03-06,23.42,24.5,23.25,23.59
2018-03-07,24.65,25.0,23.33,23.68
2018-03-08,23.93,24.12,22.01,22.33
2018-03-09,21.89,22.07,19.3,20.28
2018-03-12,17.74,18.87,17.58,18.43
2018-03-13,18.45,20.97,18.26,20.03
2018-03-14,20.55,23.31,19.06,20.9
2018-03-15,21.24,21.58,18.33,19.42
2018-03-16,19.79,20.18,18.41,19.03
2018-03-19,19.83,30.21,19.6,22.59
2018-03-20,23.3,23.3,21.57,22.22
2018-03-21,23.12,24.81,22.64,24.34
2018-03-22,25.51,28.1,24.18,27.68
2018-03-23,27.95,32.8,26.99,31.56
2018-03-26,31.32,31.55,27.33,27.43
2018-03-27,27.78,32.65,25.56,31.61
2018-03-28,32.72,36.02,31.93,33.07
2018-03-29,32.58,33.69,28.58,30.36
2018-04-02,33.21,41.61,31.86,34.48
2018-04-03,34.31,43.83,27.15,32.15
2018-04-04,35.3,40.46,29.43,29.66
2018-04-05,29.34,29.49,28.13,28.32
2018-04-06,31.58,32.36,28.77,31.98
2018-04-09,33.19,33.19,30.22,31.7
2018-04-10,30.89,31.24,28.98,29.41
2018-04-11,30.3,30.38,29.14,29.94
2018-04-12,29.85,29.85,27.81,27.81
2018-04-13,28.4,31.69,27.12,27.54
2018-04-16,28.99,28.99,26.99,27.43
2018-04-17,28.06,28.35,26.11,27.1
2018-04-18,27.56,27.58,26.21,27.33
2018-04-19,29.24,31.04,28.66,30.51
2018-04-20,31.55,38.82,31.55,34.01
2018-04-23,33.63,35.16,31.58,31.6
2018-04-24,31.59,37.1,30.69,32.58
2018-04-25,32.81,32.89,29.79,31.87
2018-04-26,31.61,31.66,30.35,30.52
2018-04-27,30.86,33.33,29.75,30.7
2018-04-30,31.52,34.15,29.3,30.07
2018-05-01,30.0,30.45,27.95,28.98
2018-05-02,22.94,22.94,20.84,21.1
2018-05-03,21.5,24.21,21.23,21.94
2018-05-04,21.83,22.75,20.98,21.35
2018-05-07,21.61,23.24,21.35,22.38
2018-05-08,22.64,22.64,21.74,21.81
2018-05-09,21.84,21.9,21.44,21.68
2018-05-10,21.87,22.6,21.27,21.98
2018-05-11,21.41,21.81,20.26,20.4
2018-05-14,20.67,21.14,19.83,20.01
2018-05-15,20.66,23.16,19.74,20.31
2018-05-16,20.51,20.6,19.59,19.59
2018-05-17,19.9,20.0,19.27,19.6
2018-05-18,19.51,19.66,18.73,19.03
2018-05-21,18.82,20.21,18.2,18.63
2018-05-22,18.64,20.66,18.04,18.31
2018-05-23,18.55,18.91,17.28,17.71
2018-05-24,17.8,21.05,17.8,18.33
2018-05-25,18.7,19.6,17.67,17.7
2018-05-29,19.19,20.09,18.73,19.55
2018-05-30,19.69,22.75,19.32,19.41
2018-05-31,19.59,23.29,18.84,19.63
2018-06-01,19.47,19.57,18.53,18.57
2018-06-04,20.8,20.8,18.85,18.9
2018-06-05,19.4,19.4,18.63,18.64
2018-06-06,18.58,18.68,18.12,18.12
2018-06-07,18.67,18.97,18.4,18.63
2018-06-08,19.54,20.31,18.72,19.11
2018-06-11,16.81,28.41,16.04,16.68
2018-06-12,17.39,34.5,16.23,16.25
2018-06-13,16.73,35.19,16.24,16.91
2018-06-14,17.27,20.41,16.87,16.99
2018-06-15,17.76,18.48,16.59,18.09
2018-06-18,19.53,24.73,17.5,18.45
2018-06-19,20.13,29.26,18.46,20.29
2018-06-20,20.04,22.05,18.41,20.11
2018-06-21,20.12,22.37,20.09,21.57
2018-06-22,21.47,21.89,18.85,20.84
2018-06-25,22.95,25.93,21.78,24.34
2018-06-26,24.42,27.13,23.21,23.5
2018-06-27,23.38,34.41,22.8,25.48
2018-06-28,25.78,25.84,24.0,24.31
2018-06-29,23.99,32.04,23.53,24.13
2018-07-02,25.95,26.06,22.55,24.49
2018-07-03,24.21,29.41,24.18,26.39
2018-07-05,26.53,27.04,25.64,25.75
2018-07-06,25.9,25.9,24.54,25.0
2018-07-09,25.2,25.21,24.37,24.63
2018-07-10,24.67,24.73,23.68,23.97
2018-07-11,24.85,27.4,24.42,25.01
2018-07-12,24.47,24.47,23.76,24.38
2018-07-13,24.46,24.51,23.77,23.82
2018-07-16,25.19,25.2,24.31,24.98
2018-07-17,25.24,25.71,24.47,24.48
2018-07-18,24.66,25.5,24.66,25.03
2018-07-19,25.26,25.82,24.83,25.64
2018-07-20,25.6,26.07,23.81,24.73
2018-07-23,25.03,25.43,23.53,23.81
2018-07-24,23.52,23.66,23.05,23.45
2018-07-25,23.35,23.59,22.2,22.56
2018-07-26,23.1,24.25,22.82,24.23
2018-07-27,24.06,26.71,23.76,26.21
2018-07-30,26.26,30.55,26.24,27.93
2018-07-31,27.94,32.19,27.43,29.64
2018-08-01,21.49,21.49,18.95,20.25
2018-08-02,20.68,23.82,20.14,20.33
2018-08-03,20.45,21.04,19.71,19.89
2018-08-06,20.48,20.66,18.98,18.98
2018-08-07,19.0,19.87,19.0,19.32
2018-08-08,18.68,22.08,18.68,19.0
2018-08-09,19.0,20.17,19.0,19.12
2018-08-10,19.65,21.48,19.27,19.52
2018-08-13,19.47,23.49,18.35,19.52
2018-08-14,19.13,20.27,17.89,18.44
2018-08-15,19.14,27.51,18.74,20.72
2018-08-16,19.97,20.92,19.68,20.52
2018-08-17,20.71,22.75,20.48,21.05
2018-08-20,21.46,21.98,20.42,20.51
2018-08-21,20.34,21.65,20.11,20.33
2018-08-22,20.64,20.85,19.32,19.32
2018-08-23,19.48,20.15,19.48,20.0
2018-08-24,19.88,19.97,18.71,18.75
2018-08-27,19.45,19.9,19.2,19.52
2018-08-28,19.49,20.87,19.49,20.46
2018-08-29,20.52,21.24,20.41,20.83
2018-08-30,20.98,24.62,20.59,23.85
2018-08-31,24.03,34.88,23.84,25.5
2018-09-04,26.73,29.93,25.74,26.39
2018-09-05,26.45,28.18,25.8,26.8
2018-09-06,29.87,35.78,25.95,26.65
2018-09-07,27.0,37.75,26.27,28.23
2018-09-10,28.52,36.83,27.66,28.19
2018-09-11,28.16,34.73,26.94,27.74
2018-09-12,27.83,33.7,25.1,25.8
2018-09-13,25.36,27.0,22.81,24.68
2018-09-14,25.54,26.18,21.93,23.97
2018-09-17,24.45,33.0,24.42,27.05
2018-09-18,27.03,27.16,24.97,27.13
2018-09-19,27.19,28.72,24.88,25.98
2018-09-20,25.62,25.73,24.26,24.64
2018-09-21,24.68,33.1,23.46,23.46
2018-09-24,26.33,27.29,24.45,24.45
2018-09-25,24.98,25.13,24.27,24.45
2018-09-26,24.85,27.07,22.04,25.36
2018-09-27,24.97,28.05,24.34,24.82
2018-09-28,25.29,25.53,23.9,23.93
2018-10-01,25.03,25.83,24.55,24.95
2018-10-02,25.12,26.18,24.55,26.18
2018-10-03,26.27,26.9,25.52,26.9
2018-10-04,27.16,30.16,27.08,28.81
2018-10-05,28.89,37.4,27.83,32.22
2018-10-08,32.18,35.72,29.06,30.88
2018-10-09,31.11,35.83,29.47,30.16
2018-10-10,30.95,43.78,27.0,37.62
2018-10-11,42.96,57.96,28.06,40.39
2018-10-12,36.07,37.76,33.42,33.56
2018-10-15,37.7,43.23,24.9,35.98
2018-10-16,35.33,40.04,33.0,33.79
2018-10-17,33.12,37.09,27.67,33.12
2018-10-18,34.33,49.95,31.97,36.63
2018-10-19,41.06,42.75,31.26,36.85
2018-10-22,35.13,39.12,31.77,34.63
2018-10-23,38.47,47.21,30.49,35.57
2018-10-24,35.47,52.13,31.44,50.03
2018-10-25,39.92,51.89,36.14,37.39
2018-10-26,41.95,46.55,37.89,42.52
2018-10-29,39.18,59.33,29.9,46.26
2018-10-30,50.47,54.97,37.83,42.87
2018-10-31,43.56,55.88,31.23,41.65
2018-11-01,40.77,48.85,33.52,46.86
2018-11-02,31.75,51.87,26.61,33.77
2018-11-05,33.35,43.67,31.95,32.1
2018-11-06,33.0,33.38,30.2,30.28
2018-11-07,29.03,34.79,26.96,26.97
2018-11-08,27.14,28.62,25.77,26.61
2018-11-09,27.43,29.19,26.49,27.78
2018-11-12,30.38,38.16,25.27,33.93
2018-11-13,33.91,41.26,22.86,32.5
2018-11-14,31.67,40.48,18.37,34.8
2018-11-15,34.6,43.77,30.29,32.66
2018-11-16,33.28,33.9,31.16,32.19
2018-11-19,33.18,37.85,32.99,36.27
2018-11-20,27.89,45.89,27.89,41.13
2018-11-21,38.76,49.74,35.35,36.37
2018-11-23,38.07,38.43,36.08,37.74
2018-11-26,37.21,37.72,34.46,35.52
2018-11-27,37.26,42.97,27.88,34.17
2018-11-28,33.34,33.92,31.71,31.93
2018-11-29,31.98,38.69,25.93,32.19
2018-11-30,32.44,34.14,32.13,32.97
2018-12-03,30.35,30.9,26.6,26.99
2018-12-04,28.28,39.03,26.48,32.56
2018-12-06,32.16,41.84,32.16,35.64
2018-12-07,34.31,47.76,33.24,39.99
2018-12-10,39.36,47.58,35.76,35.92
2018-12-11,35.29,37.8,33.69,35.36
2018-12-12,34.87,35.23,32.43,33.71
2018-12-13,33.42,38.23,27.17,32.44
2018-12-14,33.81,44.53,32.83,35.47
2018-12-17,35.81,39.81,33.82,38.3
2018-12-18,37.58,47.51,34.89,36.96
2018-12-19,37.35,48.51,34.62,37.66
2018-12-20,38.63,50.34,37.72,42.55
2018-12-21,46.28,50.32,40.45,45.85
2018-12-24,64.59,64.59,46.23,52.58
2018-12-26,48.18,52.09,43.18,43.31
2018-12-27,52.53,52.53,44.15,45.49
2018-12-28,43.96,51.82,40.39,44.11
2018-12-31,43.14,46.2,41.14,41.61
2019-01-02,43.61,46.15,39.78,40.21
2019-01-03,49.99,49.99,42.4,44.12
2019-01-04,42.81,43.56,36.88,37.55
2019-01-07,39.1,40.3,37.78,37.92
2019-01-08,37.22,38.65,35.0,36.38
2019-01-09,36.57,39.19,35.19,35.6
2019-01-10,35.88,38.06,33.73,35.47
2019-01-11,35.9,36.03,34.42,34.8
2019-01-14,35.41,37.34,35.15,35.42
2019-01-15,35.34,37.4,32.44,33.54
2019-01-16,33.2,33.74,32.48,33.07
2019-01-17,33.3,35.55,26.56,32.85
2019-01-18,32.32,37.91,30.98,32.77
2019-01-22,33.44,36.45,33.44,35.72
2019-01-23,34.78,37.04,34.54,35.32
2019-01-24,35.28,35.64,34.48,34.48
2019-01-25,33.82,33.82,32.54,32.83
2019-01-28,34.78,36.25,34.78,35.39
2019-01-29,35.56,36.83,34.89,36.28
2019-01-30,27.43,28.01,25.85,26.42
2019-01-31,26.26,27.3,25.78,25.97
2019-02-01,25.98,26.16,23.89,25.21
2019-02-04,25.74,26.01,23.78,25.01
2019-02-05,25.0,25.54,24.12,24.33
2019-02-06,24.15,24.72,23.85,24.2
2019-02-07,25.15,26.27,24.5,24.88
2019-02-08,26.11,26.46,24.58,25.04
2019-02-11,25.79,26.35,24.86,25.14
2019-02-12,24.99,25.03,23.94,24.37
2019-02-13,24.44,26.63,23.9,24.47
2019-02-14,24.79,25.33,22.73,24.12
2019-02-15,24.24,24.3,22.69,23.05
2019-02-19,22.95,24.02,22.04,22.31
2019-02-20,21.66,22.5,21.66,21.99
2019-02-21,22.24,22.8,21.54,22.24
2019-02-22,22.07,22.24,21.27,21.38
2019-02-25,21.87,22.08,21.38,21.6
2019-02-26,21.65,21.89,20.87,21.38
2019-02-27,21.77,22.27,20.67,21.13
2019-02-28,21.77,22.27,20.67,21.62
2019-03-01,21.77,22.27,20.04,20.31
2019-03-04,21.77,23.28,19.61,21.66
2019-03-05,21.89,22.18,19.64,20.96
2019-03-06,21.48,22.11,21.45,21.98
2019-03-07,22.27,24.01,20.8,23.34
2019-03-08,24.49,25.23,21.03,22.91
2019-03-11,20.43,20.5,18.13,19.52
2019-03-12,19.78,20.75,17.45,19.64
2019-03-13,19.85,20.17,18.86,19.48
2019-03-14,19.41,19.85,19.23,19.64
2019-03-15,19.75,20.78,19.32,20.18
2019-03-18,21.51,22.19,21.4,22.07
2019-03-19,22.43,22.97,21.57,22.82
2019-03-20,23.15,23.6,22.71,23.38
2019-03-21,23.62,26.0,23.62,25.95
2019-03-22,26.41,27.5,26.19,27.46
2019-03-25,28.75,29.4,26.94,26.99
2019-03-26,26.97,28.42,26.12,27.07
2019-03-27,26.87,27.75,26.39,26.97
2019-03-28,27.16,27.58,26.1,26.2
2019-03-29,26.28,26.35,25.54,25.67
2019-04-01,26.88,27.42,26.13,26.5
2019-04-02,26.8,26.86,26.2,26.35
2019-04-03,26.82,27.0,26.25,26.38
2019-04-04,26.63,26.85,26.5,26.78
2019-04-05,26.97,27.11,26.72,27.03
2019-04-08,28.37,28.82,28.26,28.78
2019-04-09,29.15,30.47,29.15,30.32
2019-04-10,30.51,30.52,29.85,30.3
2019-04-11,30.5,30.68,30.24,30.33
2019-04-12,30.51,30.65,29.57,29.58
2019-04-15,31.13,31.33,29.56,29.76
2019-04-16,29.77,31.14,28.88,29.78
2019-04-17,29.87,29.92,28.97,29.75
2019-04-18,29.72,29.72,28.68,28.82
2019-04-22,29.48,30.02,28.9,28.9
2019-04-23,28.97,29.08,28.6,28.61
2019-04-24,28.68,29.34,28.68,29.23
2019-04-25,29.29,29.82,29.01,29.41
2019-04-26,29.55,29.65,28.62,28.89
2019-04-29,29.44,30.16,29.01,29.25
2019-04-30,29.68,31.42,29.32,30.35
2019-05-01,21.47,22.03,20.01,21.44
2019-05-02,21.78,23.5,21.43,22.3
2019-05-03,21.75,21.79,20.27,20.44
2019-05-06,23.64,24.63,23.1,23.19
2019-05-07,24.31,29.91,24.15,28.56
2019-05-08,28.46,29.41,27.01,28.31
2019-05-09,30.34,33.54,28.11,30.05
2019-05-10,30.03,33.12,26.74,27.56
2019-05-13,33.89,36.04,32.89,35.16
2019-05-14,34.36,34.75,29.62,30.38
2019-05-15,31.64,31.64,27.07,27.45
2019-05-16,27.83,28.96,26.52,28.71
2019-05-17,29.8,31.17,28.72,30.68
2019-05-20,33.59,35.16,31.9,32.84
2019-05-21,31.72,31.72,29.61,30.28
2019-05-22,30.82,33.07,30.56,33.04
2019-05-23,34.67,36.04,33.71,34.35
2019-05-24,33.83,33.83,31.52,31.74
2019-05-28,32.45,32.53,31.02,32.25
2019-05-29,33.6,33.72,31.26,31.29
2019-05-30,30.9,33.11,30.58,32.43
2019-05-31,33.77,34.21,32.05,32.91
2019-06-03,32.85,44.95,30.25,33.35
2019-06-04,32.0,32.51,30.34,30.65
2019-06-05,29.61,31.74,29.61,31.15
2019-06-06,31.0,31.08,28.97,29.59
2019-06-07,29.49,29.79,28.52,29.06
2019-06-10,29.39,29.79,29.16,29.4
2019-06-11,29.15,30.14,28.75,29.71
2019-06-12,29.99,30.12,29.48,29.64
2019-06-13,29.65,29.7,28.45,28.92
2019-06-14,29.6,30.04,28.65,28.75
2019-06-17,29.46,29.48,27.13,27.74
2019-06-18,27.53,27.65,26.39,26.79
2019-06-19,26.9,27.54,25.6,26.53
2019-06-20,26.3,27.37,25.96,26.55
2019-06-21,27.1,27.2,26.26,26.62
2019-06-24,27.73,27.76,26.83,27.15
2019-06-25,27.38,28.67,27.14,28.67
2019-06-26,28.12,28.61,27.61,28.56
2019-06-27,28.7,29.05,28.37,28.98
2019-06-28,27.14,32.99,27.14,30.09
2019-07-01,26.41,28.31,24.18,27.27
2019-07-02,27.39,27.44,26.15,26.47
2019-07-03,26.64,26.65,25.91,25.93
2019-07-05,27.18,27.43,26.25,26.52
2019-07-08,29.05,30.24,28.9,29.49
2019-07-09,30.2,30.2,29.15,29.24
2019-07-10,29.4,29.4,27.41,27.52
2019-07-11,27.61,28.27,26.9,28.27
2019-07-12,28.14,28.19,27.11,27.16
2019-07-15,28.57,28.57,27.79,28.07
2019-07-16,28.05,28.3,27.09,27.97
2019-07-17,28.18,28.65,27.64,28.65
2019-07-18,28.65,28.99,27.69,27.82
2019-07-19,27.55,28.98,27.24,28.97
2019-07-22,29.0,29.0,27.81,28.59
2019-07-23,28.36,29.58,28.31,28.37
2019-07-24,28.79,28.82,28.09,28.09
2019-07-25,28.17,29.1,27.86,27.99
2019-07-26,29.01,29.01,26.85,27.7
2019-07-29,28.52,29.5,28.46,29.17
2019-07-30,29.61,30.49,27.74,28.64
2019-07-31,22.2,27.24,21.52,24.95
2019-08-01,24.27,48.11,20.0,30.16
2019-08-02,30.07,33.1,29.05,29.77
2019-08-05,35.31,38.55,33.72,36.71
2019-08-06,34.28,35.92,32.93,33.5
2019-08-07,34.61,36.24,32.7,32.76
2019-08-08,31.97,32.39,29.56,29.6
2019-08-09,30.33,31.79,29.6,31.09
2019-08-12,32.57,33.62,30.94,32.51
2019-08-13,32.27,43.12,18.09,27.43
2019-08-14,31.87,35.5,30.07,34.52
2019-08-15,34.11,36.4,33.67,34.06
2019-08-16,31.92,33.22,19.74,29.87
2019-08-19,24.16,35.44,24.16,28.17
2019-08-20,28.13,29.91,26.16,27.13
2019-08-21,27.6,27.92,26.0,27.36
2019-08-22,27.28,28.98,26.74,27.81
2019-08-23,29.72,37.98,22.51,36.54
2019-08-26,34.16,35.67,33.15,33.41
2019-08-27,32.45,35.22,32.34,34.32
2019-08-28,34.69,35.79,32.91,33.16
2019-08-29,31.18,38.32,30.0,31.04
2019-08-30,30.53,32.29,30.29,30.91
2019-09-03,33.13,34.05,31.07,32.77
2019-09-04,31.1,31.45,29.58,29.81
2019-09-05,28.79,28.82,27.08,27.44
2019-09-06,27.28,27.9,26.33,27.09
2019-09-09,27.37,28.56,26.43,27.39
2019-09-10,27.64,30.32,25.24,26.37
2019-09-11,26.18,26.37,25.04,25.74
2019-09-12,25.59,35.93,24.55,25.66
2019-09-13,26.84,26.97,25.65,26.35
2019-09-16,27.06,27.37,26.14,26.27
2019-09-17,26.75,26.97,25.29,26.22
2019-09-18,26.55,27.81,24.88,25.73
2019-09-19,26.14,26.37,25.18,25.77
2019-09-20,25.75,27.37,23.72,26.87
2019-09-23,28.37,28.37,26.61,27.09
2019-09-24,26.9,34.38,26.64,29.43
2019-09-25,29.33,31.1,27.76,28.09
2019-09-26,28.56,41.73,25.83,28.24
2019-09-27,28.05,31.62,22.96,29.07
2019-09-30,29.15,30.04,28.47,28.85
2019-10-01,28.74,31.93,27.04,30.45
2019-10-02,31.35,34.11,31.29,33.37
2019-10-03,33.52,43.49,31.84,31.87
2019-10-04,31.19,31.6,29.49,29.49
2019-10-07,31.75,34.37,25.31,31.37
2019-10-08,32.42,35.48,19.14,33.4
2019-10-09,32.43,34.33,31.06,32.14
2019-10-10,32.13,34.03,31.41,32.1
2019-10-11,30.78,34.68,30.03,31.3
2019-10-14,32.6,32.7,30.62,31.52
2019-10-15,31.18,31.53,29.64,30.21
2019-10-16,30.43,30.91,28.45,29.41
2019-10-17,28.85,29.43,27.29,28.96
2019-10-18,28.89,29.98,28.12,29.75
2019-10-21,29.37,30.23,24.95,28.77
2019-10-22,28.51,29.61,28.37,29.52
2019-10-23,28.98,29.57,28.42,28.93
2019-10-24,28.75,30.03,27.83,28.2
2019-10-25,28.32,28.63,27.72,27.82
2019-10-28,28.42,28.89,27.39,28.65
2019-10-29,28.78,31.6,27.84,31.46
2019-10-30,30.78,42.22,30.5,35.14
2019-10-31,24.3,25.32,23.65,23.7
2019-11-01,23.42,24.29,20.56,23.42
2019-11-04,23.94,27.88,22.68,25.4
2019-11-05,24.15,24.74,22.4,22.4
2019-11-06,23.34,23.56,21.45,21.81
2019-11-07,21.87,24.2,19.71,21.73
2019-11-08,21.83,26.64,19.57,21.54
2019-11-11,21.97,22.21,20.41,21.03
2019-11-12,21.42,21.66,19.02,21.36
2019-11-13,21.66,25.58,20.5,21.77
2019-11-14,22.07,22.93,21.74,22.14
2019-11-15,22.01,23.02,19.83,21.54
2019-11-18,22.64,23.46,21.44,22.32
2019-11-19,22.64,24.14,22.35,23.39
2019-11-20,24.07,29.08,23.06,24.85
2019-11-21,25.09,26.89,23.66,26.26
2019-11-22,25.88,26.1,24.09,24.17
2019-11-25,24.57,24.62,22.91,23.08
2019-11-26,23.16,23.72,21.52,22.92
2019-11-27,22.97,23.02,21.63,22.35
2019-11-29,23.38,23.8,22.91,23.68
2019-12-02,24.89,41.06,19.6,25.5
2019-12-03,30.6,30.6,26.44,27.33
2019-12-04,26.59,26.82,25.26,26.22
2019-12-05,25.73,28.4,24.06,25.87
2019-12-06,24.7,25.17,22.06,23.52
2019-12-09,24.93,26.61,24.16,24.75
2019-12-10,24.61,25.47,21.82,23.58
2019-12-11,23.57,24.08,23.32,23.86
2019-12-12,24.82,27.58,22.49,23.42
2019-12-13,23.46,26.03,21.22,21.45
2019-12-16,20.95,22.63,19.45,21.47
2019-12-17,21.9,22.34,20.1,21.36
2019-12-18,21.6,21.94,19.37,21.02
2019-12-19,21.71,22.66,21.39,21.88
2019-12-20,22.97,23.07,20.89,21.55
2019-12-23,22.59,22.99,21.1,22.28
2019-12-24,22.46,23.43,22.42,23.4
2019-12-26,23.94,25.39,23.47,25.25
2019-12-27,25.47,32.47,25.46,27.81
2019-12-30,28.38,29.08,27.69,28.82
2019-12-31,28.66,29.91,27.79,28.13
2020-01-02,28.45,29.86,28.36,29.29
2020-01-03,30.61,34.84,24.71,29.29
2020-01-06,30.87,36.12,29.16,29.32
2020-01-07,29.64,30.49,28.71,29.54
2020-01-08,29.86,31.13,26.55,28.8
2020-01-09,28.73,31.49,28.7,30.58
2020-01-10,30.63,31.98,30.51,31.67
2020-01-13,34.33,35.14,33.97,34.47
2020-01-14,34.38,37.35,25.94,34.83
2020-01-15,34.72,35.5,33.88,34.88
2020-01-16,34.62,34.63,32.8,33.05
2020-01-17,32.98,32.99,30.83,31.54
2020-01-21,32.2,32.93,31.61,31.97
2020-01-22,31.89,32.01,30.98,31.44
2020-01-23,31.48,32.31,30.44,31.72
2020-01-24,31.63,35.26,31.21,35.01
2020-01-27,39.89,39.89,36.49,38.0
2020-01-28,37.23,37.64,34.34,34.34
2020-01-29,28.78,29.84,26.72,28.23
2020-01-30,28.82,30.45,27.0,27.73
2020-01-31,28.58,35.98,27.49,35.24
2020-02-03,35.68,40.45,31.2,31.94
2020-02-04,30.41,31.67,27.03,28.74
2020-02-05,28.14,29.64,27.03,28.75
2020-02-06,28.76,29.04,26.75,26.99
