Trade Date,Open,High,Low,Close
2004-12-31,,,,250.0
2005-01-03,,,,253.52
2005-01-04,,,,256.04
2005-01-05,,,,255.77
2005-01-06,,,,246.99
2005-01-07,,,,244.4
2005-01-10,,,,237.9
2005-01-11,,,,236.82
2005-01-12,,,,232.0
2005-01-13,,,,234.54
2005-01-14,,,,229.18
2005-01-18,,,,220.75
2005-01-19,,,,228.34
2005-01-20,,,,232.54
2005-01-21,,,,236.75
2005-01-24,,,,234.43
2005-01-25,,,,228.47
2005-01-26,,,,224.91
2005-01-27,,,,219.06
2005-01-28,,,,220.18
2005-01-31,,,,213.53
2005-02-01,,,,208.45
2005-02-02,,,,202.42
2005-02-03,,,,201.4
2005-02-04,,,,194.59
2005-02-07,,,,196.63
2005-02-08,,,,189.89
2005-02-09,,,,197.04
2005-02-10,,,,190.29
2005-02-11,,,,187.18
2005-02-14,,,,186.99
2005-02-15,,,,182.73
2005-02-16,,,,182.33
2005-02-17,,,,190.75
2005-02-18,,,,187.12
2005-02-22,,,,201.2
2005-02-23,,,,203.73
2005-02-24,,,,199.48
2005-02-25,,,,193.72
2005-02-28,,,,196.77
2005-03-01,,,,199.27
2005-03-02,,,,204.85
2005-03-03,,,,206.31
2005-03-04,,,,199.59
2005-03-07,,,,191.77
2005-03-08,,,,191.31
2005-03-09,,,,201.79
2005-03-10,,,,202.82
2005-03-11,,,,204.77
2005-03-14,,,,205.58
2005-03-15,,,,204.35
2005-03-16,,,,212.88
2005-03-17,,,,213.0
2005-03-18,,,,215.37
2005-03-21,,,,216.69
2005-03-22,,,,225.39
2005-03-23,,,,225.03
2005-03-24,,,,214.21
2005-03-28,,,,218.49
2005-03-29,,,,224.18
2005-03-30,,,,219.8
2005-03-31,,,,220.46
2005-04-01,,,,217.11
2005-04-04,,,,217.91
2005-04-05,,,,217.09
2005-04-06,,,,212.45
2005-04-07,,,,209.48
2005-04-08,,,,213.85
2005-04-11,,,,215.64
2005-04-12,,,,208.31
2005-04-13,,,,214.19
2005-04-14,,,,228.89
2005-04-15,,,,240.71
2005-04-18,,,,242.54
2005-04-19,,,,232.02
2005-04-20,,,,241.02
2005-04-21,,,,232.29
2005-04-22,,,,242.18
2005-04-25,,,,234.82
2005-04-26,,,,237.19
2005-04-27,,,,235.74
2005-04-28,,,,246.52
2005-04-29,,,,237.62
2005-05-02,,,,235.47
2005-05-03,,,,236.26
2005-05-04,,,,230.93
2005-05-05,,,,223.37
2005-05-06,,,,223.69
2005-05-09,,,,215.18
2005-05-10,,,,228.22
2005-05-11,,,,232.09
2005-05-12,,,,240.23
2005-05-13,,,,248.6
2005-05-16,,,,238.94
2005-05-17,,,,238.66
2005-05-18,,,,225.39
2005-05-19,,,,218.32
2005-05-20,,,,218.14
2005-05-23,,,,210.07
2005-05-24,,,,209.38
2005-05-25,,,,210.83
2005-05-26,,,,211.22
2005-05-27,,,,209.91
2005-05-31,,,,209.23
2005-06-01,,,,209.16
2005-06-02,,,,208.35
2005-06-03,,,,209.42
2005-06-06,,,,212.9
2005-06-07,,,,212.95
2005-06-08,,,,213.78
2005-06-09,,,,209.05
2005-06-10,,,,213.2
2005-06-13,,,,208.14
2005-06-14,,,,210.54
2005-06-15,,,,207.17
2005-06-16,,,,201.86
2005-06-17,,,,202.04
2005-06-20,,,,201.27
2005-06-21,,,,196.65
2005-06-22,,,,192.49
2005-06-23,,,,200.15
2005-06-24,,,,207.17
2005-06-27,,,,205.4
2005-06-28,,,,199.91
2005-06-29,,,,199.97
2005-06-30,,,,201.94
2005-07-01,,,,200.49
2005-07-05,,,,193.25
2005-07-06,,,,197.87
2005-07-07,,,,198.32
2005-07-08,,,,189.14
2005-07-11,,,,188.07
2005-07-12,,,,187.66
2005-07-13,,,,185.12
2005-07-14,,,,182.15
2005-07-15,,,,184.21
2005-07-18,,,,188.81
2005-07-19,,,,183.8
2005-07-20,,,,181.18
2005-07-21,,,,187.71
2005-07-22,,,,182.65
2005-07-25,,,,184.73
2005-07-26,,,,183.76
2005-07-27,,,,182.08
2005-07-28,,,,180.1
2005-07-29,,,,189.05
2005-08-01,,,,191.86
2005-08-02,,,,189.33
2005-08-03,,,,186.75
2005-08-04,,,,190.49
2005-08-05,,,,195.89
2005-08-08,,,,197.36
2005-08-09,,,,190.08
2005-08-10,,,,188.97
2005-08-11,,,,188.9
2005-08-12,,,,191.94
2005-08-15,,,,188.18
2005-08-16,,,,195.82
2005-08-17,,,,194.35
2005-08-18,,,,194.14
2005-08-19,,,,190.81
2005-08-22,,,,189.97
2005-08-23,,,,191.58
2005-08-24,,,,195.54
2005-08-25,,,,196.6
2005-08-26,,,,199.51
2005-08-29,,,,197.29
2005-08-30,,,,199.57
2005-08-31,,,,195.28
2005-09-01,,,,197.06
2005-09-02,,,,201.08
2005-09-06,,,,197.04
2005-09-07,,,,194.0
2005-09-08,,,,195.24
2005-09-09,,,,190.51
2005-09-12,,,,189.5
2005-09-13,,,,192.82
2005-09-14,,,,196.17
2005-09-15,,,,197.76
2005-09-16,,,,188.69
2005-09-19,,,,193.56
2005-09-20,,,,196.41
2005-09-21,,,,203.05
2005-09-22,,,,199.34
2005-09-23,,,,198.56
2005-09-26,,,,195.39
2005-09-27,,,,192.58
2005-09-28,,,,190.94
2005-09-29,,,,189.01
2005-09-30,,,,187.82
2005-10-03,,,,189.73
2005-10-04,,,,193.1
2005-10-05,,,,201.27
2005-10-06,,,,203.11
2005-10-07,,,,199.08
2005-10-10,,,,203.18
2005-10-11,,,,203.97
2005-10-12,,,,208.35
2005-10-13,,,,208.79
2005-10-14,,,,202.28
2005-10-17,,,,199.8
2005-10-18,,,,203.88
2005-10-19,,,,197.58
2005-10-20,,,,212.65
2005-10-21,,,,206.17
2005-10-24,,,,198.51
2005-10-25,,,,198.06
2005-10-26,,,,197.09
2005-10-27,,,,204.49
2005-10-28,,,,196.71
2005-10-31,,,,194.13
2005-11-01,,,,193.61
2005-11-02,,,,189.42
2005-11-03,,,,182.49
2005-11-04,,,,184.98
2005-11-07,,,,182.68
2005-11-08,,,,180.51
2005-11-09,,,,180.28
2005-11-10,,,,176.29
2005-11-11,,,,174.13
2005-11-14,,,,172.6
2005-11-15,,,,174.47
2005-11-16,,,,172.09
2005-11-17,,,,168.66
2005-11-18,,,,168.01
2005-11-21,,,,166.85
2005-11-22,,,,168.1
2005-11-23,,,,162.9
2005-11-25,,,,169.23
2005-11-28,,,,169.43
2005-11-29,,,,174.29
2005-11-30,,,,176.02
2005-12-01,,,,172.38
2005-12-02,,,,168.69
2005-12-05,,,,168.6
2005-12-06,,,,167.43
2005-12-07,,,,170.44
2005-12-08,,,,169.78
2005-12-09,,,,169.69
2005-12-12,,,,169.47
2005-12-13,,,,166.91
2005-12-14,,,,163.42
2005-12-15,,,,166.29
2005-12-16,,,,167.16
2005-12-19,,,,170.34
2005-12-20,,,,169.04
2005-12-21,,,,167.93
2005-12-22,,,,164.7
2005-12-23,,,,163.46
2005-12-27,,,,168.24
2005-12-28,,,,165.85
2005-12-29,,,,167.23
2005-12-30,,,,168.29
2006-01-03,,,,161.06
2006-01-04,,,,160.42
2006-01-05,,,,159.91
2006-01-06,,,,156.35
2006-01-09,,,,155.45
2006-01-10,,,,154.35
2006-01-11,,,,153.57
2006-01-12,,,,155.79
2006-01-13,,,,156.34
2006-01-17,,,,157.95
2006-01-18,,,,160.18
2006-01-19,,,,157.96
2006-01-20,,,,169.87
2006-01-23,,,,165.73
2006-01-24,,,,161.5
2006-01-25,,,,158.91
2006-01-26,,,,155.94
2006-01-27,,,,150.05
2006-01-30,,,,151.1
2006-01-31,,,,153.77
2006-02-01,,,,152.22
2006-02-02,,,,156.41
2006-02-03,,,,155.58
2006-02-06,,,,153.66
2006-02-07,,,,159.71
2006-02-08,,,,155.3
2006-02-09,,,,155.67
2006-02-10,,,,153.87
2006-02-13,,,,154.82
2006-02-14,,,,151.07
2006-02-15,,,,150.0
2006-02-16,,,,144.42
2006-02-17,,,,144.31
2006-02-21,,,,145.51
2006-02-22,,,,140.87
2006-02-23,,,,140.63
2006-02-24,,,,140.85
2006-02-27,,,,138.93
2006-02-28,,,,146.71
2006-03-01,,,,141.54
2006-03-02,,,,142.49
2006-03-03,,,,146.6
2006-03-06,,,,148.11
2006-03-07,,,,150.92
2006-03-08,,,,150.13
2006-03-09,,,,151.36
2006-03-10,,,,148.39
2006-03-13,,,,145.88
2006-03-14,,,,142.32
2006-03-15,,,,140.28
2006-03-16,,,,139.13
2006-03-17,,,,139.18
2006-03-20,,,,140.39
2006-03-21,,,,140.23
2006-03-22,,,,136.61
2006-03-23,,,,136.42
2006-03-24,,,,135.94
2006-03-27,,,,134.55
2006-03-28,,,,136.81
2006-03-29,,,,131.64
2006-03-30,,,,134.38
2006-03-31,,,,133.46
2006-04-03,,,,134.21
2006-04-04,,,,130.52
2006-04-05,,,,129.38
2006-04-06,,,,127.02
2006-04-07,,,,130.67
2006-04-10,,,,131.36
2006-04-11,,,,136.3
2006-04-12,,,,134.15
2006-04-13,,,,134.8
2006-04-17,,,,134.93
2006-04-18,,,,130.99
2006-04-19,,,,129.29
2006-04-20,,,,129.16
2006-04-21,,,,130.44
2006-04-24,,,,130.81
2006-04-25,,,,131.81
2006-04-26,,,,132.09
2006-04-27,,,,131.26
2006-04-28,,,,133.3
2006-05-01,,,,134.81
2006-05-02,,,,133.42
2006-05-03,,,,133.37
2006-05-04,,,,130.64
2006-05-05,,,,131.03
2006-05-08,,,,129.06
2006-05-09,,,,128.39
2006-05-10,,,,129.33
2006-05-11,,,,129.62
2006-05-12,,,,133.85
2006-05-15,,,,131.46
2006-05-16,,,,130.46
2006-05-17,,,,140.54
2006-05-18,,,,144.83
2006-05-19,,,,142.71
2006-05-22,,,,145.87
2006-05-23,,,,146.37
2006-05-24,,,,147.56
2006-05-25,,,,147.83
2006-05-26,,,,144.86
2006-05-30,,,,157.19
2006-05-31,,,,153.33
2006-06-01,,,,145.79
2006-06-02,,,,149.07
2006-06-05,,,,156.63
2006-06-06,,,,157.08
2006-06-07,,,,168.55
2006-06-08,,,,166.23
2006-06-09,,,,167.89
2006-06-12,,,,174.56
2006-06-13,,,,172.46
2006-06-14,,,,174.87
2006-06-15,,,,157.41
2006-06-16,,,,161.49
2006-06-19,,,,163.01
2006-06-20,,,,161.54
2006-06-21,,,,154.31
2006-06-22,,,,156.19
2006-06-23,,,,155.34
2006-06-26,,,,154.11
2006-06-27,,,,156.94
2006-06-28,,,,156.72
2006-06-29,,,,148.7
2006-06-30,,,,150.98
2006-07-03,,,,146.71
2006-07-05,,,,153.59
2006-07-06,,,,153.21
2006-07-07,,,,157.54
2006-07-10,,,,156.3
2006-07-11,,,,154.77
2006-07-12,,,,160.01
2006-07-13,,,,170.39
2006-07-14,,,,172.83
2006-07-17,,,,170.66
2006-07-18,,,,165.91
2006-07-19,,,,156.34
2006-07-20,,,,159.91
2006-07-21,,,,161.99
2006-07-24,,,,154.02
2006-07-25,,,,151.61
2006-07-26,,,,151.63
2006-07-27,,,,155.08
2006-07-28,,,,153.62
2006-07-31,,,,156.36
2006-08-01,,,,157.2
2006-08-02,,,,156.31
2006-08-03,,,,155.13
2006-08-04,,,,154.79
2006-08-07,,,,159.16
2006-08-08,,,,158.04
2006-08-09,,,,159.48
2006-08-10,,,,156.81
2006-08-11,,,,158.75
2006-08-14,,,,160.12
2006-08-15,,,,158.74
2006-08-16,,,,149.47
2006-08-17,,,,149.67
2006-08-18,,,,147.92
2006-08-21,,,,150.27
2006-08-22,,,,149.28
2006-08-23,,,,150.88
2006-08-24,,,,149.19
2006-08-25,,,,145.95
2006-08-28,,,,144.49
2006-08-29,,,,138.01
2006-08-30,,,,144.54
2006-08-31,,,,144.3
2006-09-01,,,,142.23
2006-09-05,,,,141.66
2006-09-06,,,,147.27
2006-09-07,,,,148.67
2006-09-08,,,,146.94
2006-09-11,,,,146.76
2006-09-12,,,,142.87
2006-09-13,,,,141.57
2006-09-14,,,,142.47
2006-09-15,,,,140.96
2006-09-18,,,,141.04
2006-09-19,,,,143.98
2006-09-20,,,,143.64
2006-09-21,,,,147.42
2006-09-22,,,,146.51
2006-09-25,,,,145.62
2006-09-26,,,,142.33
2006-09-27,,,,143.69
2006-09-28,,,,145.31
2006-09-29,,,,146.11
2006-10-02,,,,147.35
2006-10-03,,,,146.14
2006-10-04,,,,143.76
2006-10-05,,,,142.55
2006-10-06,,,,141.62
2006-10-09,,,,140.95
2006-10-10,,,,140.79
2006-10-11,,,,141.91
2006-10-12,,,,137.25
2006-10-13,,,,137.14
2006-10-16,,,,135.92
2006-10-17,,,,137.36
2006-10-18,,,,137.09
2006-10-19,,,,135.85
2006-10-20,,,,132.26
2006-10-23,,,,131.04
2006-10-24,,,,129.3
2006-10-25,,,,124.73
2006-10-26,,,,122.65
2006-10-27,,,,124.14
2006-10-30,,,,124.31
2006-10-31,,,,124.54
2006-11-01,,,,126.77
2006-11-02,,,,123.36
2006-11-03,,,,126.36
2006-11-06,,,,123.85
2006-11-07,,,,121.33
2006-11-08,,,,119.89
2006-11-09,,,,121.08
2006-11-10,,,,120.44
2006-11-13,,,,120.06
2006-11-14,,,,118.04
2006-11-15,,,,115.62
2006-11-16,,,,116.61
2006-11-17,,,,118.0
2006-11-20,,,,115.78
2006-11-21,,,,117.46
2006-11-22,,,,120.07
2006-11-24,,,,124.14
2006-11-27,,,,129.74
2006-11-28,,,,130.49
2006-11-29,,,,123.99
2006-11-30,,,,124.51
2006-12-01,,,,127.01
2006-12-04,,,,125.02
2006-12-05,,,,124.77
2006-12-06,,,,125.04
2006-12-07,,,,128.62
2006-12-08,,,,127.98
2006-12-11,,,,126.99
2006-12-12,,,,128.43
2006-12-13,,,,128.4
2006-12-14,,,,123.77
2006-12-15,,,,127.37
2006-12-18,,,,130.88
2006-12-19,,,,132.39
2006-12-20,,,,132.4
2006-12-21,,,,134.38
2006-12-22,,,,136.67
2006-12-26,,,,135.51
2006-12-27,,,,133.81
2006-12-28,,,,134.93
2006-12-29,,,,137.63
2007-01-03,,,,136.48
2007-01-04,,,,134.66
2007-01-05,,,,135.93
2007-01-08,,,,134.75
2007-01-09,,,,135.95
2007-01-10,,,,132.0
2007-01-11,,,,130.58
2007-01-12,,,,126.7
2007-01-16,,,,127.22
2007-01-17,,,,124.96
2007-01-18,,,,125.78
2007-01-19,,,,123.22
2007-01-22,,,,124.24
2007-01-23,,,,121.46
2007-01-24,,,,119.05
2007-01-25,,,,122.27
2007-01-26,,,,120.39
2007-01-29,,,,120.78
2007-01-30,,,,118.88
2007-01-31,,,,117.73
2007-02-01,,,,116.47
2007-02-02,,,,117.73
2007-02-05,,,,119.02
2007-02-06,,,,117.66
2007-02-07,,,,116.73
2007-02-08,,,,117.53
2007-02-09,,,,120.37
2007-02-12,,,,121.67
2007-02-13,,,,116.28
2007-02-14,,,,114.31
2007-02-15,,,,114.9
2007-02-16,,,,113.73
2007-02-20,,,,112.94
2007-02-21,,,,113.81
2007-02-22,,,,113.48
2007-02-23,,,,114.46
2007-02-26,,,,114.8
2007-02-27,,,,132.72
2007-02-28,,,,128.34
2007-03-01,,,,122.04
2007-03-02,,,,135.71
2007-03-05,,,,134.55
2007-03-06,,,,126.78
2007-03-07,,,,123.03
2007-03-08,,,,120.95
2007-03-09,,,,121.79
2007-03-12,,,,121.64
2007-03-13,,,,134.72
2007-03-14,,,,129.0
2007-03-15,,,,128.09
2007-03-16,,,,126.69
2007-03-19,,,,126.2
2007-03-20,,,,123.45
2007-03-21,,,,116.53
2007-03-22,,,,118.42
2007-03-23,,,,119.44
2007-03-26,,,,119.7
2007-03-27,,,,121.38
2007-03-28,,,,125.26
2007-03-29,,,,124.36
2007-03-30,,,,124.37
2007-04-02,,,,124.25
2007-04-03,,,,122.46
2007-04-04,,,,122.57
2007-04-05,,,,122.02
2007-04-09,,,,121.51
2007-04-10,,,,120.81
2007-04-11,,,,122.8
2007-04-12,,,,121.29
2007-04-13,,,,120.28
2007-04-16,,,,118.47
2007-04-17,,,,117.24
2007-04-18,,,,118.55
2007-04-19,,,,118.29
2007-04-20,,,,116.25
2007-04-23,,,,118.28
2007-04-24,,,,117.08
2007-04-25,,,,116.44
2007-04-26,,,,116.23
2007-04-27,,,,116.89
2007-04-30,,,,120.9
2007-05-01,,,,120.15
2007-05-02,,,,118.36
2007-05-03,,,,116.71
2007-05-04,,,,120.65
2007-05-07,,,,117.84
2007-05-08,,,,118.65
2007-05-09,,,,118.83
2007-05-10,,,,122.29
2007-05-11,,,,120.56
2007-05-14,,,,122.78
2007-05-15,,,,123.23
2007-05-16,,,,120.25
2007-05-17,,,,122.58
2007-05-18,,,,120.21
2007-05-21,,,,123.52
2007-05-22,,,,120.99
2007-05-23,,,,122.24
2007-05-24,,,,125.06
2007-05-25,,,,123.69
2007-05-29,,,,122.63
2007-05-30,,,,121.25
2007-05-31,,,,122.13
2007-06-01,,,,125.45
2007-06-04,,,,124.47
2007-06-05,,,,126.06
2007-06-06,,,,129.02
2007-06-07,,,,134.26
2007-06-08,,,,125.79
2007-06-11,,,,125.95
2007-06-12,,,,130.78
2007-06-13,,,,127.49
2007-06-14,,,,122.6
2007-06-15,,,,125.36
2007-06-18,,,,126.16
2007-06-19,,,,126.62
2007-06-20,,,,133.92
2007-06-21,,,,131.93
2007-06-22,,,,136.81
2007-06-25,,,,137.36
2007-06-26,,,,143.16
2007-06-27,,,,131.52
2007-06-28,,,,133.4
2007-06-29,,,,136.63
2007-07-02,,,,133.6
2007-07-03,,,,133.42
2007-07-05,,,,136.13
2007-07-06,,,,133.06
2007-07-09,,,,137.78
2007-07-10,,,,144.96
2007-07-11,,,,144.19
2007-07-12,,,,141.77
2007-07-13,,,,141.21
2007-07-16,,,,143.45
2007-07-17,,,,145.0
2007-07-18,,,,147.97
2007-07-19,,,,144.63
2007-07-20,,,,151.65
2007-07-23,,,,150.65
2007-07-24,,,,158.5
2007-07-25,,,,156.04
2007-07-26,,,,155.48
2007-07-27,,,,165.66
2007-07-30,,,,157.72
2007-07-31,,,,172.57
2007-08-01,,,,177.02
2007-08-02,,,,175.77
2007-08-03,,,,189.63
2007-08-06,,,,183.81
2007-08-07,,,,177.37
2007-08-08,,,,173.55
2007-08-09,,,,187.61
2007-08-10,,,,190.18
2007-08-13,,,,185.64
2007-08-14,,,,187.92
2007-08-15,,,,192.13
2007-08-16,,,,189.42
2007-08-17,,,,199.98
2007-08-20,,,,197.4
2007-08-21,,,,193.42
2007-08-22,,,,176.84
2007-08-23,,,,178.19
2007-08-24,,,,168.53
2007-08-27,,,,180.84
2007-08-28,,,,196.27
2007-08-29,,,,187.19
2007-08-30,,,,192.17
2007-08-31,,,,188.18
2007-09-04,,,,183.75
2007-09-05,,,,185.95
2007-09-06,,,,187.95
2007-09-07,,,,196.14
2007-09-10,,,,197.94
2007-09-11,,,,192.38
2007-09-12,,,,193.05
2007-09-13,,,,191.88
2007-09-14,,,,191.9
2007-09-17,,,,196.9
2007-09-18,,,,184.27
2007-09-19,,,,176.88
2007-09-20,,,,182.54
2007-09-21,,,,180.79
2007-09-24,,,,181.57
2007-09-25,,,,182.99
2007-09-26,,,,177.06
2007-09-27,,,,172.78
2007-09-28,,,,175.5
2007-10-01,,,,174.36
2007-10-02,,,,178.13
2007-10-03,,,,182.77
2007-10-04,,,,184.83
2007-10-05,,,,179.27
2007-10-08,,,,180.05
2007-10-09,,,,175.7
2007-10-10,,,,178.27
2007-10-11,,,,185.71
2007-10-12,,,,186.66
2007-10-15,,,,195.09
2007-10-16,,,,199.9
2007-10-17,,,,196.37
2007-10-18,,,,201.51
2007-10-19,,,,218.41
2007-10-22,,,,215.04
2007-10-23,,,,211.84
2007-10-24,,,,214.24
2007-10-25,,,,214.3
2007-10-26,,,,212.04
2007-10-29,,,,210.68
2007-10-30,,,,215.37
2007-10-31,,,,209.46
2007-11-01,,,,226.22
2007-11-02,,,,227.65
2007-11-05,,,,231.53
2007-11-06,,,,225.83
2007-11-07,,,,240.0
2007-11-08,,,,241.25
2007-11-09,,,,247.87
2007-11-12,,,,248.33
2007-11-13,,,,237.87
2007-11-14,,,,242.92
2007-11-15,,,,250.59
2007-11-16,,,,251.88
2007-11-19,,,,261.77
2007-11-20,,,,256.73
2007-11-21,,,,262.53
2007-11-23,,,,253.99
2007-11-26,,,,266.09
2007-11-27,,,,252.37
2007-11-28,,,,241.74
2007-11-29,,,,243.57
2007-11-30,,,,244.97
2007-12-03,,,,243.81
2007-12-04,,,,242.3
2007-12-05,,,,234.86
2007-12-06,,,,229.29
2007-12-07,,,,228.92
2007-12-10,,,,225.67
2007-12-11,,,,231.81
2007-12-12,,,,228.65
2007-12-13,,,,231.31
2007-12-14,,,,230.17
2007-12-17,,,,237.53
2007-12-18,,,,236.95
2007-12-19,,,,232.65
2007-12-20,,,,227.84
2007-12-21,,,,221.25
2007-12-24,,,,221.15
2007-12-26,,,,219.73
2007-12-27,,,,225.43
2007-12-28,,,,231.24
2007-12-31,,,,235.72
2008-01-02,,,,235.93
2008-01-03,,,,232.01
2008-01-04,,,,235.04
2008-01-07,,,,233.64
2008-01-08,,,,239.29
2008-01-09,,,,235.7
2008-01-10,,,,250.91
2008-01-11,,,,255.86
2008-01-14,,,,252.11
2008-01-15,,,,256.0
2008-01-16,,,,249.2
2008-01-17,,,,265.63
2008-01-18,,,,260.64
2008-01-22,,,,262.33
2008-01-23,,,,249.55
2008-01-24,,,,254.3
2008-01-25,,,,259.95
2008-01-28,,,,253.53
2008-01-29,,,,251.39
2008-01-30,,,,253.76
2008-01-31,,,,246.77
2008-02-01,,,,241.74
2008-02-04,,,,249.69
2008-02-05,,,,261.58
2008-02-06,,,,269.77
2008-02-07,,,,262.72
2008-02-08,,,,265.59
2008-02-11,,,,263.25
2008-02-12,,,,262.73
2008-02-13,,,,259.52
2008-02-14,,,,259.71
2008-02-15,,,,260.2
2008-02-19,,,,255.88
2008-02-20,,,,253.34
2008-02-21,,,,259.39
2008-02-22,,,,255.53
2008-02-25,,,,250.36
2008-02-26,,,,245.87
2008-02-27,,,,248.34
2008-02-28,,,,251.49
2008-02-29,,,,263.62
2008-03-03,,,,259.74
2008-03-04,,,,253.58
2008-03-05,,,,247.03
2008-03-06,,,,260.5
2008-03-07,,,,261.71
2008-03-10,,,,271.78
2008-03-11,,,,257.9
2008-03-12,,,,268.63
2008-03-13,,,,275.19
2008-03-14,,,,282.63
2008-03-17,,,,279.08
2008-03-18,,,,255.99
2008-03-19,,,,274.79
2008-03-20,,,,263.82
2008-03-24,,,,261.45
2008-03-25,,,,264.94
2008-03-26,,,,268.54
2008-03-27,,,,267.15
2008-03-28,,,,265.94
2008-03-31,,,,261.86
2008-04-01,,,,247.18
2008-04-02,,,,249.89
2008-04-03,,,,251.26
2008-04-04,,,,245.21
2008-04-07,,,,239.79
2008-04-08,,,,240.74
2008-04-09,,,,245.02
2008-04-10,,,,240.98
2008-04-11,,,,247.65
2008-04-14,,,,248.77
2008-04-15,,,,246.42
2008-04-16,,,,231.01
2008-04-17,,,,231.17
2008-04-18,,,,225.68
2008-04-21,,,,223.04
2008-04-22,,,,228.58
2008-04-23,,,,230.26
2008-04-24,,,,226.12
2008-04-25,,,,218.01
2008-04-28,,,,214.67
2008-04-29,,,,216.16
2008-04-30,,,,215.98
2008-05-01,,,,206.88
2008-05-02,,,,204.94
2008-05-05,,,,209.23
2008-05-06,,,,209.33
2008-05-07,,,,216.97
2008-05-08,,,,215.72
2008-05-09,,,,215.93
2008-05-12,,,,211.45
2008-05-13,,,,211.11
2008-05-14,,,,210.11
2008-05-15,,,,207.92
2008-05-16,,,,213.67
2008-05-19,,,,213.42
2008-05-20,,,,220.96
2008-05-21,,,,234.7
2008-05-22,,,,232.6
2008-05-23,,,,236.36
2008-05-27,,,,232.45
2008-05-28,,,,230.99
2008-05-29,,,,228.3
2008-05-30,,,,224.44
2008-06-02,,,,232.21
2008-06-03,,,,236.33
2008-06-04,,,,239.44
2008-06-05,,,,227.71
2008-06-06,,,,245.36
2008-06-09,,,,242.63
2008-06-10,,,,240.78
2008-06-11,,,,244.14
2008-06-12,,,,239.45
2008-06-13,,,,229.42
2008-06-16,,,,223.32
2008-06-17,,,,225.09
2008-06-18,,,,231.99
2008-06-19,,,,226.94
2008-06-20,,,,229.05
2008-06-23,,,,229.13
2008-06-24,,,,228.89
2008-06-25,,,,222.69
2008-06-26,,,,233.07
2008-06-27,,,,233.79
2008-06-30,,,,231.95
2008-07-01,,,,230.97
2008-07-02,,,,236.31
2008-07-03,,,,234.27
2008-07-07,,,,236.24
2008-07-08,,,,227.32
2008-07-09,,,,234.25
2008-07-10,,,,234.3
2008-07-11,,,,238.26
2008-07-14,,,,240.83
2008-07-15,,,,242.66
2008-07-16,,,,233.2
2008-07-17,,,,231.63
2008-07-18,,,,230.37
2008-07-21,,,,228.52
2008-07-22,,,,221.0
2008-07-23,,,,224.21
2008-07-24,,,,231.65
2008-07-25,,,,233.11
2008-07-28,,,,236.91
2008-07-29,,,,229.08
2008-07-30,,,,222.68
2008-07-31,,,,228.07
2008-08-01,,,,230.37
2008-08-04,,,,231.03
2008-08-05,,,,223.33
2008-08-06,,,,221.49
2008-08-07,,,,226.8
2008-08-08,,,,225.39
2008-08-11,,,,224.22
2008-08-12,,,,227.7
2008-08-13,,,,231.33
2008-08-14,,,,228.27
2008-08-15,,,,226.3
2008-08-18,,,,230.4
2008-08-19,,,,232.31
2008-08-20,,,,230.18
2008-08-21,,,,231.29
2008-08-22,,,,230.44
2008-08-25,,,,235.19
2008-08-26,,,,234.82
2008-08-27,,,,232.51
2008-08-28,,,,228.13
2008-08-29,,,,233.16
2008-09-02,,,,234.7
2008-09-03,,,,233.44
2008-09-04,,,,237.1
2008-09-05,,,,237.92
2008-09-08,,,,231.72
2008-09-09,,,,239.12
2008-09-10,,,,235.64
2008-09-11,,,,232.64
2008-09-12,,,,236.29
2008-09-15,,,,247.07
2008-09-16,,,,237.87
2008-09-17,,,,250.65
2008-09-18,,,,231.37
2008-09-19,,,,235.43
2008-09-22,,,,244.46
2008-09-23,,,,251.79
2008-09-24,,,,253.81
2008-09-25,,,,246.12
2008-09-26,,,,247.16
2008-09-29,,,,295.46
2008-09-30,,,,271.33
2008-10-01,,,,280.91
2008-10-02,,,,293.26
2008-10-03,,,,302.5
2008-10-06,,,,308.87
2008-10-07,,,,318.01
2008-10-08,,,,317.93
2008-10-09,,,,338.56
2008-10-10,,,,332.69
2008-10-13,,,,319.76
2008-10-14,,,,325.79
2008-10-15,,,,360.4
2008-10-16,,,,343.34
2008-10-17,,,,365.41
2008-10-20,,,,361.23
2008-10-21,,,,377.35
2008-10-22,,,,379.93
2008-10-23,,,,388.82
2008-10-24,,,,415.45
2008-10-27,,,,467.74
2008-10-28,,,,423.76
2008-10-29,,,,451.53
2008-10-30,,,,427.04
2008-10-31,,,,449.5
2008-11-03,,,,453.98
2008-11-04,,,,424.95
2008-11-05,,,,446.48
2008-11-06,,,,468.28
2008-11-07,,,,441.47
2008-11-10,,,,476.25
2008-11-11,,,,494.48
2008-11-12,,,,510.9
2008-11-13,,,,491.85
2008-11-14,,,,550.63
2008-11-17,,,,558.36
2008-11-18,,,,550.47
2008-11-19,,,,599.89
2008-11-20,,,,613.43
2008-11-21,,,,570.17
2008-11-24,,,,525.26
2008-11-25,,,,514.84
2008-11-26,,,,510.73
2008-11-28,,,,513.8
2008-12-01,,,,576.23
2008-12-02,,,,557.7
2008-12-03,,,,550.57
2008-12-04,,,,611.22
2008-12-05,,,,604.47
2008-12-08,,,,586.18
2008-12-09,,,,611.82
2008-12-10,,,,609.18
2008-12-11,,,,608.11
2008-12-12,,,,605.47
2008-12-15,,,,583.12
2008-12-16,,,,564.5
2008-12-17,,,,575.85
2008-12-18,,,,569.81
2008-12-19,,,,561.14
2008-12-22,,,,557.68
2008-12-23,,,,556.31
2008-12-24,,,,552.92
2008-12-26,,,,536.43
2008-12-29,,,,525.31
2008-12-30,,,,513.62
2008-12-31,,,,504.21
2009-01-02,,,,463.89
2009-01-05,,,,459.65
2009-01-06,,,,459.47
2009-01-07,,,,482.37
2009-01-08,,,,489.74
2009-01-09,,,,488.48
2009-01-12,,,,509.82
2009-01-13,,,,510.89
2009-01-14,,,,552.82
2009-01-15,,,,559.67
2009-01-16,,,,555.53
2009-01-20,,,,585.54
2009-01-21,,,,556.78
2009-01-22,,,,566.86
2009-01-23,,,,562.06
2009-01-26,,,,552.74
2009-01-27,,,,543.09
2009-01-28,,,,521.84
2009-01-29,,,,534.54
2009-01-30,,,,546.59
2009-02-02,,,,529.56
2009-02-03,,,,517.57
2009-02-04,,,,514.73
2009-02-05,,,,515.7
2009-02-06,,,,510.25
2009-02-09,,,,499.15
2009-02-10,,,,530.91
2009-02-11,,,,518.5
2009-02-12,,,,515.48
2009-02-13,,,,511.26
2009-02-17,,,,530.26
2009-02-18,,,,536.74
2009-02-19,,,,531.07
2009-02-20,,,,540.21
2009-02-23,,,,557.76
2009-02-24,,,,530.86
2009-02-25,,,,550.93
2009-02-26,,,,550.33
2009-02-27,,,,539.33
2009-03-02,,,,581.5
2009-03-03,,,,554.91
2009-03-04,,,,533.57
2009-03-05,,,,541.76
2009-03-06,,,,526.44
2009-03-09,,,,520.5
2009-03-10,,,,489.52
2009-03-11,,,,495.33
2009-03-12,,,,482.81
2009-03-13,,,,498.58
2009-03-16,,,,501.62
2009-03-17,,,,491.0
2009-03-18,,,,497.19
2009-03-19,,,,519.12
2009-03-20,,,,535.32
2009-03-23,,,,508.54
2009-03-24,,,,498.95
2009-03-25,,,,498.1
2009-03-26,,,,500.88
2009-03-27,,,,515.27
2009-03-30,,,,540.11
2009-03-31,,,,531.2
2009-04-01,,,,530.09
2009-04-02,,,,522.63
2009-04-03,,,,524.65
2009-04-06,,,,533.63
2009-04-07,,,,532.49
2009-04-08,,,,533.78
2009-04-09,,,,527.07
2009-04-13,,,,518.4
2009-04-14,,,,524.67
2009-04-15,,,,516.6
2009-04-16,,,,503.72
2009-04-17,,,,483.67
2009-04-20,,,,507.35
2009-04-21,,,,494.64
2009-04-22,,,,502.83
2009-04-23,,,,498.82
2009-04-24,,,,495.25
2009-04-27,,,,499.03
2009-04-28,,,,495.69
2009-04-29,,,,480.32
2009-04-30,,,,474.58
2009-05-01,,,,470.96
2009-05-04,,,,456.52
2009-05-05,,,,457.95
2009-05-06,,,,444.62
2009-05-07,,,,447.32
2009-05-08,,,,431.3
2009-05-11,,,,434.47
2009-05-12,,,,434.82
2009-05-13,,,,435.76
2009-05-14,,,,419.58
2009-05-15,,,,427.98
2009-05-18,,,,408.1
2009-05-19,,,,395.52
2009-05-20,,,,402.05
2009-05-21,,,,408.2
2009-05-22,,,,420.7
2009-05-26,,,,398.25
2009-05-27,,,,408.51
2009-05-28,,,,411.36
2009-05-29,,,,393.79
2009-06-01,,,,399.81
2009-06-02,,,,397.95
2009-06-03,,,,408.42
2009-06-04,,,,407.29
2009-06-05,,,,409.01
2009-06-08,,,,408.98
2009-06-09,,,,407.25
2009-06-10,,,,406.19
2009-06-11,,,,395.75
2009-06-12,,,,391.72
2009-06-15,,,,406.28
2009-06-16,,,,407.97
2009-06-17,,,,410.82
2009-06-18,,,,404.34
2009-06-19,,,,410.55
2009-06-22,,,,413.67
2009-06-23,,,,408.79
2009-06-24,,,,403.38
2009-06-25,,,,392.67
2009-06-26,,,,390.37
2009-06-29,,,,377.63
2009-06-30,,,,382.62
2009-07-01,,,,377.7
2009-07-02,,,,391.23
2009-07-06,,,,392.33
2009-07-07,,,,399.03
2009-07-08,,,,415.48
2009-07-09,,,,399.54
2009-07-10,,,,402.56
2009-07-13,,,,391.12
2009-07-14,,,,386.93
2009-07-15,,,,377.81
2009-07-16,,,,372.87
2009-07-17,,,,372.79
2009-07-20,,,,369.43
2009-07-21,,,,365.17
2009-07-22,,,,361.88
2009-07-23,,,,362.78
2009-07-24,,,,353.51
2009-07-27,,,,355.32
2009-07-28,,,,364.08
2009-07-29,,,,367.88
2009-07-30,,,,365.4
2009-07-31,,,,367.8
2009-08-03,,,,360.09
2009-08-04,,,,358.17
2009-08-05,,,,361.6
2009-08-06,,,,359.56
2009-08-07,,,,351.3
2009-08-10,,,,347.58
2009-08-11,,,,360.34
2009-08-12,,,,356.71
2009-08-13,,,,359.64
2009-08-14,,,,358.91
2009-08-17,,,,381.91
2009-08-18,,,,378.48
2009-08-19,,,,378.29
2009-08-20,,,,376.3
2009-08-21,,,,374.85
2009-08-24,,,,378.76
2009-08-25,,,,377.95
2009-08-26,,,,380.4
2009-08-27,,,,379.27
2009-08-28,,,,369.07
2009-08-31,,,,382.73
2009-09-01,,,,397.48
2009-09-02,,,,397.18
2009-09-03,,,,383.88
2009-09-04,,,,377.36
2009-09-08,,,,371.91
2009-09-09,,,,363.67
2009-09-10,,,,352.36
2009-09-11,,,,353.0
2009-09-14,,,,347.05
2009-09-15,,,,346.73
2009-09-16,,,,344.16
2009-09-17,,,,341.36
2009-09-18,,,,345.14
2009-09-21,,,,344.31
2009-09-22,,,,345.28
2009-09-23,,,,346.41
2009-09-24,,,,357.31
2009-09-25,,,,354.79
2009-09-28,,,,348.77
2009-09-29,,,,349.7
2009-09-30,,,,342.96
2009-10-01,,,,359.79
2009-10-02,,,,363.33
2009-10-05,,,,353.13
2009-10-06,,,,345.21
2009-10-07,,,,341.04
2009-10-08,,,,337.86
2009-10-09,,,,333.59
2009-10-12,,,,330.45
2009-10-13,,,,330.06
2009-10-14,,,,326.95
2009-10-15,,,,322.58
2009-10-16,,,,324.32
2009-10-19,,,,316.37
2009-10-20,,,,316.11
2009-10-21,,,,322.67
2009-10-22,,,,311.27
2009-10-23,,,,320.01
2009-10-26,,,,327.24
2009-10-27,,,,325.67
2009-10-28,,,,333.2
2009-10-29,,,,322.27
2009-10-30,,,,340.81
2009-11-02,,,,341.11
2009-11-03,,,,346.4
2009-11-04,,,,342.96
2009-11-05,,,,332.81
2009-11-06,,,,329.2
2009-11-09,,,,321.05
2009-11-10,,,,322.45
2009-11-11,,,,325.2
2009-11-12,,,,337.68
2009-11-13,,,,333.94
2009-11-16,,,,329.52
2009-11-17,,,,331.03
2009-11-18,,,,333.07
2009-11-19,,,,336.32
2009-11-20,,,,328.91
2009-11-23,,,,319.77
2009-11-24,,,,322.21
2009-11-25,,,,312.94
2009-11-27,,,,331.12
2009-11-30,,,,331.93
2009-12-01,,,,324.55
2009-12-02,,,,330.29
2009-12-03,,,,326.04
2009-12-04,,,,322.4
2009-12-07,,,,319.87
2009-12-08,,,,325.69
2009-12-09,,,,323.84
2009-12-10,,,,321.54
2009-12-11,,,,317.71
2009-12-14,,,,318.65
2009-12-15,,,,316.19
2009-12-16,,,,306.29
2009-12-17,,,,313.25
2009-12-18,,,,305.6
2009-12-21,,,,298.8
2009-12-22,,,,290.85
2009-12-23,,,,290.27
2009-12-24,,,,287.5
2009-12-28,,,,284.49
2009-12-29,,,,283.63
2009-12-30,,,,285.27
2009-12-31,,,,291.81
2010-01-04,,,,281.74
2010-01-05,,,,277.12
2010-01-06,,,,270.94
2010-01-07,,,,267.67
2010-01-08,,,,260.1
2010-01-11,,,,257.23
2010-01-12,,,,257.14
2010-01-13,,,,251.95
2010-01-14,,,,248.22
2010-01-15,,,,255.72
2010-01-19,,,,249.84
2010-01-20,,,,248.19
2010-01-21,,,,262.24
2010-01-22,,,,276.04
2010-01-25,,,,272.95
2010-01-26,,,,274.58
2010-01-27,,,,265.27
2010-01-28,,,,273.77
2010-01-29,,,,275.8
2010-02-01,,,,267.26
2010-02-02,,,,262.66
2010-02-03,,,,261.7
2010-02-04,,,,281.71
2010-02-05,,,,286.63
2010-02-08,,,,287.53
2010-02-09,,,,284.05
2010-02-10,,,,284.36
2010-02-11,,,,277.92
2010-02-12,,,,278.07
2010-02-16,,,,270.32
2010-02-17,,,,268.61
2010-02-18,,,,261.82
2010-02-19,,,,257.86
2010-02-22,,,,248.45
2010-02-23,,,,253.97
2010-02-24,,,,249.95
2010-02-25,,,,253.71
2010-02-26,,,,249.26
2010-03-01,,,,240.64
2010-03-02,,,,237.68
2010-03-03,,,,237.71
2010-03-04,,,,236.48
2010-03-05,,,,239.5
2010-03-08,,,,242.98
2010-03-09,,,,235.01
2010-03-10,,,,239.06
2010-03-11,,,,244.29
2010-03-12,,,,241.34
2010-03-15,,,,238.7
2010-03-16,,,,237.47
2010-03-17,,,,231.4
2010-03-18,,,,232.3
2010-03-19,,,,237.24
2010-03-22,,,,230.8
2010-03-23,,,,230.17
2010-03-24,,,,237.0
2010-03-25,,,,237.22
2010-03-26,,,,234.1
2010-03-29,,,,233.1
2010-03-30,,,,231.63
2010-03-31,,,,231.24
2010-04-01,,,,234.84
2010-04-05,,,,228.97
2010-04-06,,,,227.1
2010-04-07,,,,230.57
2010-04-08,,,,230.2
2010-04-09,,,,227.6
2010-04-12,,,,225.43
2010-04-13,,,,227.96
2010-04-14,,,,223.85
2010-04-15,,,,229.44
2010-04-16,,,,238.73
2010-04-19,,,,235.93
2010-04-20,,,,233.74
2010-04-21,,,,236.73
2010-04-22,,,,235.9
2010-04-23,,,,233.97
2010-04-26,,,,236.65
2010-04-27,,,,252.16
2010-04-28,,,,247.75
2010-04-29,,,,247.08
2010-04-30,,,,263.9
2010-05-03,,,,257.91
2010-05-04,,,,279.5
2010-05-05,,,,290.9
2010-05-06,,,,306.29
2010-05-07,,,,352.84
2010-05-10,,,,308.25
2010-05-11,,,,309.1
2010-05-12,,,,285.99
2010-05-13,,,,284.81
2010-05-14,,,,312.44
2010-05-17,,,,318.48
2010-05-18,,,,333.63
2010-05-18,,,,350.26
2010-05-19,,,,351.44
2010-05-20,,,,398.59
2010-05-21,,,,388.03
2010-05-24,,,,380.12
2010-05-25,,,,373.28
2010-05-26,,,,370.88
2010-05-27,,,,344.24
2010-06-01,,,,353.84
2010-06-02,,,,341.86
2010-06-03,,,,328.04
2010-06-04,,,,347.33
2010-06-07,,,,354.49
2010-06-08,,,,358.15
2010-06-09,,,,357.63
2010-06-10,,,,347.1
2010-06-11,,,,338.21
2010-06-14,,,,337.03
2010-06-15,,,,320.16
2010-06-16,,,,323.06
2010-06-17,,,,317.34
2010-06-18,,,,302.63
2010-06-21,,,,304.34
2010-06-22,,,,318.58
2010-06-23,,,,324.6
2010-06-24,,,,349.42
2010-06-25,,,,350.06
2010-06-28,346.53,353.21,343.23,346.78
2010-06-29,358.58,378.75,357.53,369.21
2010-06-30,375.33,391.23,366.44,386.06
2010-07-01,385.18,399.81,380.51,385.09
2010-07-02,377.9,384.17,371.53,383.76
2010-07-06,366.45,381.73,359.54,372.24
2010-07-07,368.75,368.82,350.75,350.84
2010-07-08,346.95,369.78,344.82,345.13
2010-07-09,345.26,363.74,335.66,337.13
2010-07-12,350.57,350.57,334.88,339.78
2010-07-13,331.38,345.21,325.46,327.77
2010-07-14,320.74,339.42,320.74,337.38
2010-07-15,338.3,356.93,337.88,343.54
2010-07-16,347.6,369.53,347.55,352.85
2010-07-19,347.6,373.39,343.46,356.39
2010-07-20,352.13,352.21,323.66,323.67
2010-07-21,322.11,334.98,322.11,331.85
2010-07-22,327.81,327.81,319.96,324.32
2010-07-23,325.57,327.36,319.07,319.16
2010-07-26,316.11,316.85,310.21,310.38
2010-07-27,307.56,310.29,304.79,305.83
2010-07-28,305.69,306.42,288.73,298.77
2010-07-29,292.67,303.81,289.91,299.67
2010-07-30,303.93,305.21,262.91,299.06
2010-08-02,289.81,291.57,282.05,282.63
2010-08-03,283.27,289.3,282.38,287.74
2010-08-04,285.37,290.39,282.37,285.47
2010-08-05,289.04,291.09,271.95,287.83
2010-08-06,293.95,298.14,279.53,286.21
2010-08-09,286.59,291.13,275.63,286.86
2010-08-10,293.6,296.58,282.72,291.8
2010-08-11,304.26,312.79,302.33,310.75
2010-08-12,315.51,316.5,311.73,315.79
2010-08-13,315.1,323.66,313.39,323.49
2010-08-16,327.87,327.87,302.07,318.8
2010-08-17,313.9,314.79,305.16,314.29
2010-08-18,314.33,316.41,306.86,311.75
2010-08-19,313.74,324.58,271.63,317.31
2010-08-20,319.41,327.55,318.22,320.34
2010-08-23,321.79,322.14,317.75,322.08
2010-08-24,326.8,332.7,322.73,327.83
2010-08-25,326.87,336.39,319.11,322.03
2010-08-26,324.52,330.65,322.35,330.51
2010-08-27,327.74,334.85,316.57,316.78
2010-08-30,319.48,328.99,313.57,328.55
2010-08-31,330.1,331.46,319.84,322.4
2010-09-01,316.79,322.11,297.54,311.59
2010-09-02,307.65,308.43,303.71,305.53
2010-09-03,294.92,298.84,291.17,291.17
2010-09-07,293.47,299.55,292.94,299.47
2010-09-08,296.37,296.47,291.68,294.72
2010-09-09,287.18,288.61,282.68,286.22
2010-09-10,286.63,287.99,278.72,278.99
2010-09-13,273.91,276.0,270.4,270.4
2010-09-14,271.54,273.0,267.23,268.92
2010-09-15,274.46,276.66,270.41,270.55
2010-09-16,270.67,273.69,269.64,269.64
2010-09-17,268.73,274.41,268.73,274.04
2010-09-20,278.53,278.54,266.53,270.67
2010-09-21,264.24,276.09,264.19,273.55
2010-09-22,267.42,280.33,265.47,279.33
2010-09-23,282.95,287.28,278.36,287.28
2010-09-24,273.27,279.0,258.53,277.47
2010-09-27,272.92,280.29,272.92,278.45
2010-09-28,280.43,289.62,280.04,280.52
2010-09-29,281.19,285.21,280.53,284.71
2010-09-30,275.77,294.86,273.56,289.28
2010-10-01,276.86,290.66,276.86,285.0
2010-10-04,277.93,289.42,277.81,287.52
2010-10-05,282.49,283.78,272.99,278.65
2010-10-06,277.44,279.03,275.08,279.03
2010-10-07,268.64,280.93,268.51,277.8
2010-10-08,276.82,278.64,265.75,271.81
2010-10-11,270.43,270.67,264.33,266.51
2010-10-12,266.49,271.36,259.15,260.38
2010-10-13,256.6,259.01,251.64,254.75
2010-10-14,260.06,264.73,258.22,263.0
2010-10-15,251.14,266.64,251.14,259.48
2010-10-18,259.13,261.12,254.36,254.88
2010-10-19,255.72,260.29,254.82,256.9
2010-10-20,251.52,254.29,248.14,249.01
2010-10-21,247.04,252.63,234.34,245.41
2010-10-22,243.63,244.83,240.82,240.84
2010-10-25,237.0,239.75,232.88,238.53
2010-10-26,240.99,241.3,236.71,238.12
2010-10-27,239.31,243.48,239.02,240.18
2010-10-28,234.38,293.64,234.29,238.67
2010-10-29,237.23,239.05,235.61,237.73
2010-11-01,233.2,238.55,229.37,236.85
2010-11-02,230.93,234.83,230.76,234.8
2010-11-03,232.78,234.59,224.13,224.39
2010-11-04,218.66,283.3,211.72,212.23
2010-11-05,213.7,279.59,210.33,214.61
2010-11-08,216.99,219.42,214.58,216.24
2010-11-09,217.91,221.38,213.66,219.28
2010-11-10,222.35,279.59,219.27,221.59
2010-11-11,223.77,226.59,221.57,222.28
2010-11-12,223.02,233.75,222.29,230.71
2010-11-15,239.02,239.02,222.96,225.84
2010-11-16,221.11,237.5,221.11,233.61
2010-11-17,241.61,241.61,228.24,232.52
2010-11-18,227.82,227.86,224.81,225.06
2010-11-19,229.28,229.83,222.48,222.61
2010-11-22,218.63,227.66,214.7,217.07
2010-11-23,219.06,225.5,218.65,222.05
2010-11-24,215.35,222.56,213.36,217.12
2010-11-26,216.6,224.6,216.6,224.46
2010-11-29,222.38,230.35,222.12,225.13
2010-11-30,227.06,238.28,226.82,233.56
2010-12-01,221.35,233.47,219.29,224.91
2010-12-02,222.54,224.09,214.02,214.14
2010-12-03,213.75,212.89,165.02,207.39
2010-12-06,207.75,207.75,203.49,203.49
2010-12-07,199.14,204.32,197.2,201.8
2010-12-08,200.9,204.23,197.47,197.61
2010-12-09,192.33,196.67,192.33,194.03
2010-12-10,194.28,198.73,190.54,190.54
2010-12-13,190.61,193.89,189.36,192.98
2010-12-14,189.65,198.12,189.65,192.4
2010-12-15,193.5,199.52,191.95,194.47
2010-12-16,193.63,200.81,191.38,192.74
2010-12-17,193.54,209.02,192.1,194.86
2010-12-20,191.47,195.02,190.98,192.69
2010-12-21,189.8,195.99,189.32,192.51
2010-12-22,190.89,195.76,190.35,191.14
2010-12-23,193.97,197.96,190.07,196.38
2010-12-27,195.38,197.88,194.3,195.28
2010-12-28,195.76,199.02,194.69,198.6
2010-12-29,197.36,199.68,195.64,199.67
2010-12-30,196.72,203.44,195.24,201.15
2010-12-31,197.64,204.64,197.37,200.7
2011-01-03,195.06,200.0,191.86,196.99
2011-01-04,192.94,200.95,192.76,194.83
2011-01-05,190.98,195.5,189.25,191.05
2011-01-06,185.9,191.89,185.44,189.78
2011-01-07,187.74,190.62,186.46,189.99
2011-01-10,188.06,189.8,187.56,188.18
2011-01-11,184.73,187.24,184.34,185.8
2011-01-12,182.93,182.96,178.59,179.2
2011-01-13,178.24,179.99,176.26,177.56
2011-01-14,177.26,177.78,172.46,173.85
2011-01-18,173.72,174.38,169.74,170.12
2011-01-19,164.77,175.05,164.77,174.29
2011-01-20,174.3,176.65,172.94,173.84
2011-01-21,165.7,174.48,165.58,174.35
2011-01-24,173.21,174.08,170.08,171.0
2011-01-25,169.78,171.2,168.58,169.11
2011-01-26,165.07,166.69,163.99,164.39
2011-01-27,162.59,162.84,160.82,160.82
2011-01-28,156.3,178.62,155.24,168.04
2011-01-31,162.09,185.42,161.88,165.71
2011-02-01,163.07,163.07,158.03,158.54
2011-02-02,156.98,159.93,156.64,159.11
2011-02-03,156.19,161.88,147.72,157.38
2011-02-04,154.15,157.34,153.97,154.77
2011-02-07,153.99,155.01,150.61,151.17
2011-02-08,152.45,152.6,148.68,149.44
2011-02-09,147.61,152.86,144.11,147.91
2011-02-10,150.21,150.37,146.43,147.67
2011-02-11,148.41,148.42,144.35,145.17
2011-02-14,145.72,149.24,143.12,144.23
2011-02-15,143.8,146.3,143.57,145.66
2011-02-16,139.86,147.17,138.95,146.05
2011-02-17,151.32,151.32,145.42,149.27
2011-02-18,150.62,154.48,140.26,151.31
2011-02-22,159.89,164.96,156.04,163.06
2011-02-23,158.73,171.0,158.73,168.3
2011-02-24,169.16,172.14,167.07,168.39
2011-02-25,164.72,164.72,160.6,161.51
2011-02-28,159.6,159.6,156.0,156.18
2011-03-01,157.86,164.43,157.59,163.84
2011-03-02,163.56,164.67,160.19,164.08
2011-03-03,159.53,160.08,157.01,157.54
2011-03-04,159.66,164.41,158.49,160.22
2011-03-07,160.96,167.7,159.04,164.56
2011-03-08,163.02,164.87,161.61,162.35
2011-03-09,163.39,166.36,162.63,164.18
2011-03-10,168.14,180.34,167.03,170.35
2011-03-11,169.5,169.78,164.39,166.78
2011-03-14,167.77,172.07,167.44,169.56
2011-03-15,178.8,181.62,173.42,175.03
2011-03-16,175.59,190.44,171.36,184.18
2011-03-17,177.68,180.29,173.71,177.62
2011-03-18,173.55,174.38,171.18,172.88
2011-03-21,164.92,171.59,160.98,161.15
2011-03-22,160.53,162.0,159.23,160.84
2011-03-23,161.83,166.08,157.54,157.96
2011-03-24,157.65,158.49,153.43,154.43
2011-03-25,153.85,162.99,152.24,154.49
2011-03-28,152.37,157.82,152.37,155.72
2011-03-29,153.98,187.69,152.11,152.4
2011-03-30,150.03,156.18,148.9,149.45
2011-03-31,149.68,153.17,149.26,150.75
2011-04-01,148.9,156.3,146.92,150.05
2011-04-04,148.46,150.08,147.78,148.41
2011-04-05,148.32,153.72,145.92,148.34
2011-04-06,148.24,149.06,147.37,147.89
2011-04-07,149.46,152.17,147.68,149.9
2011-04-08,149.07,154.07,149.04,153.04
2011-04-11,151.7,152.7,150.84,152.27
2011-04-12,154.13,157.5,152.53,153.87
2011-04-13,151.75,153.7,151.02,152.02
2011-04-14,154.73,155.24,151.84,152.66
2011-04-15,152.01,153.36,149.8,150.41
2011-04-18,155.29,157.63,152.67,153.11
2011-04-19,151.9,152.34,149.36,150.15
2011-04-20,145.76,150.46,144.61,145.72
2011-04-21,145.81,150.81,143.67,143.94
2011-04-25,145.19,145.37,143.11,144.04
2011-04-26,142.77,144.24,139.0,140.75
2011-04-27,140.25,143.98,138.19,138.88
2011-04-28,139.16,139.85,136.42,136.57
2011-04-29,136.75,138.06,135.25,136.28
2011-05-02,135.35,141.13,134.84,139.75
2011-05-03,140.08,143.04,139.7,141.48
2011-05-04,141.53,150.15,141.24,143.57
2011-05-05,144.91,148.74,142.2,144.91
2011-05-06,140.3,147.61,138.84,142.84
2011-05-09,142.19,144.2,139.75,140.02
2011-05-10,139.56,140.12,136.36,137.1
2011-05-11,137.48,142.52,137.48,139.01
2011-05-12,140.34,140.86,136.22,137.1
2011-05-13,136.83,139.95,136.23,138.17
2011-05-16,139.95,139.95,136.97,139.2
2011-05-17,141.46,141.71,137.44,138.54
2011-05-18,139.28,139.94,133.96,135.03
2011-05-19,134.52,144.33,132.64,133.44
2011-05-20,135.35,139.56,134.1,135.77
2011-05-23,141.7,141.7,137.48,137.9
2011-05-24,139.76,146.23,135.64,136.37
2011-05-25,139.2,139.24,134.0,136.1
2011-05-26,138.08,138.08,131.47,132.34
2011-05-27,131.07,131.15,123.83,128.56
2011-05-31,124.63,131.61,115.67,125.1
2011-06-01,124.61,132.59,116.92,131.45
2011-06-02,128.21,137.29,116.54,129.38
2011-06-03,132.65,135.85,128.47,130.98
2011-06-06,131.48,144.59,129.95,131.67
2011-06-07,131.31,137.52,127.73,132.1
2011-06-08,131.91,141.14,131.08,132.4
2011-06-09,130.89,131.79,129.18,129.52
2011-06-10,129.1,136.39,128.53,132.74
2011-06-13,130.07,132.87,129.82,131.81
2011-06-14,127.23,128.5,126.84,128.01
2011-06-15,127.78,138.58,127.28,135.21
2011-06-16,135.84,150.98,132.27,141.46
2011-06-17,140.96,147.65,136.73,139.99
2011-06-20,142.67,142.67,136.52,136.88
2011-06-21,136.25,137.07,131.36,133.44
2011-06-22,135.37,135.37,129.11,134.92
2011-06-23,139.47,142.34,134.65,135.92
2011-06-24,135.64,140.79,133.75,139.97
2011-06-27,139.58,139.68,136.2,137.43
2011-06-28,136.04,136.33,133.84,134.94
2011-06-29,132.26,139.96,123.21,131.55
2011-06-30,131.81,141.86,126.7,127.33
2011-07-01,125.4,127.44,120.52,120.59
2011-07-05,119.73,122.45,118.81,120.73
2011-07-06,118.13,122.34,118.13,119.69
2011-07-07,115.31,118.2,115.31,116.73
2011-07-08,119.51,120.19,117.23,117.66
2011-07-11,120.38,124.75,120.15,124.36
2011-07-12,125.42,127.24,123.35,126.8
2011-07-13,125.68,127.61,123.13,127.14
2011-07-14,128.2,131.5,124.78,130.04
2011-07-15,128.62,133.85,127.55,128.41
2011-07-18,130.13,133.6,130.12,130.82
2011-07-19,128.93,131.94,121.95,126.48
2011-07-20,126.43,127.45,125.9,126.16
2011-07-21,123.44,123.97,120.4,121.96
2011-07-22,120.77,122.31,120.24,120.57
2011-07-25,122.48,125.13,120.91,122.73
2011-07-26,121.0,128.85,121.0,123.69
2011-07-27,124.74,130.53,124.69,128.04
2011-07-28,127.65,129.27,124.22,128.26
2011-07-29,130.36,132.99,124.96,124.96
2011-08-01,122.63,132.3,120.7,122.32
2011-08-02,124.88,128.41,121.93,127.05
2011-08-03,127.66,132.05,127.25,128.8
2011-08-04,131.94,145.66,131.45,145.06
2011-08-05,139.82,159.15,139.65,150.9
2011-08-08,159.35,170.58,157.31,169.03
2011-08-09,160.98,167.54,130.96,154.53
2011-08-10,160.29,172.9,152.59,169.78
2011-08-11,170.4,174.25,162.7,164.08
2011-08-12,163.51,165.12,156.3,163.06
2011-08-15,160.77,161.88,155.04,155.91
2011-08-16,162.49,162.49,153.01,158.21
2011-08-17,153.77,161.38,152.47,157.34
2011-08-18,163.74,183.51,163.72,170.25
2011-08-19,169.09,187.55,164.4,178.17
2011-08-22,168.71,183.01,167.92,179.36
2011-08-23,178.85,180.8,172.07,174.27
2011-08-24,178.32,181.26,173.01,176.14
2011-08-25,180.77,185.32,176.68,181.64
2011-08-26,185.9,193.12,172.25,178.99
2011-08-29,177.85,177.85,170.42,175.37
2011-08-30,177.39,178.56,173.21,176.96
2011-08-31,171.93,207.28,169.77,175.41
2011-09-01,175.9,176.89,171.7,176.89
2011-09-02,181.96,184.04,175.95,179.22
2011-09-06,187.72,189.47,182.71,185.13
2011-09-07,179.52,180.34,175.97,179.35
2011-09-08,181.07,182.43,176.79,182.15
2011-09-09,187.47,194.35,185.58,190.52
2011-09-12,195.72,202.18,190.89,194.12
2011-09-13,194.23,196.15,190.93,194.26
2011-09-14,189.3,195.04,186.99,190.54
2011-09-15,183.81,191.91,183.28,185.21
2011-09-16,182.6,224.02,180.12,184.12
2011-09-19,185.78,191.31,184.79,188.3
2011-09-20,182.64,186.89,181.75,186.63
2011-09-21,185.1,198.04,182.88,196.94
2011-09-22,199.47,212.06,199.1,205.58
2011-09-23,202.53,209.02,202.0,208.66
2011-09-26,203.68,211.2,203.53,204.83
2011-09-27,203.09,206.03,197.44,203.52
2011-09-28,203.02,213.02,201.14,210.97
2011-09-29,206.99,213.13,204.67,207.59
2011-09-30,213.23,224.11,207.15,217.63
2011-10-03,214.9,229.32,212.52,225.91
2011-10-04,240.07,242.7,218.11,218.11
2011-10-05,220.75,222.18,213.47,214.66
2011-10-06,215.88,218.7,210.59,211.29
2011-10-07,207.34,216.31,206.7,213.53
2011-10-10,202.51,208.05,202.2,202.31
2011-10-11,204.48,205.17,200.24,202.15
2011-10-12,199.72,199.78,187.75,190.15
2011-10-13,194.01,195.2,189.42,190.39
2011-10-14,186.78,187.29,181.16,181.72
2011-10-17,185.45,191.85,183.86,189.24
2011-10-18,191.63,193.2,184.1,186.6
2011-10-19,189.12,196.27,186.1,194.35
2011-10-20,189.08,205.35,189.06,194.47
2011-10-21,187.0,192.59,186.75,187.05
2011-10-24,181.97,187.69,179.22,180.3
2011-10-25,183.62,190.25,180.8,185.06
2011-10-26,180.81,186.35,177.84,179.09
2011-10-27,172.38,173.83,160.21,162.62
2011-10-28,161.72,162.39,158.7,159.55
2011-10-31,160.87,173.7,160.74,169.68
2011-11-01,182.93,196.31,174.99,190.3
2011-11-02,185.26,190.43,182.2,186.27
2011-11-03,180.64,190.44,178.56,181.06
2011-11-04,181.94,186.18,181.11,181.94
2011-11-07,181.48,188.67,178.73,181.48
2011-11-08,176.58,183.72,176.11,177.23
2011-11-09,185.57,200.49,184.28,194.43
2011-11-10,187.05,204.8,187.01,193.5
2011-11-11,180.93,196.09,180.57,188.51
2011-11-14,185.68,195.08,184.92,190.67
2011-11-15,189.18,196.51,186.84,190.66
2011-11-16,194.11,197.21,185.44,197.13
2011-11-17,191.87,203.98,191.38,203.6
2011-11-18,197.11,205.27,197.11,203.44
2011-11-21,204.17,215.15,201.25,206.06
2011-11-22,202.78,211.82,197.46,203.03
2011-11-23,201.85,212.17,199.73,210.68
2011-11-25,204.37,216.65,200.43,215.12
2011-11-28,203.57,230.11,195.91,199.29
2011-11-29,195.39,199.15,183.73,197.36
2011-11-30,187.85,223.43,182.68,183.14
2011-12-01,186.4,186.67,178.42,182.43
2011-12-02,185.41,193.47,177.94,179.5
2011-12-05,178.78,190.15,169.95,177.76
2011-12-06,177.89,181.08,174.27,178.38
2011-12-07,176.59,184.77,176.54,180.39
2011-12-08,182.91,198.54,182.0,186.93
2011-12-09,180.62,185.38,177.62,177.64
2011-12-12,180.46,184.92,178.85,180.93
2011-12-13,177.76,183.58,175.18,183.08
2011-12-14,184.96,188.37,182.34,184.85
2011-12-15,180.6,186.26,179.74,184.56
2011-12-16,181.47,183.64,177.4,183.08
2011-12-19,172.98,185.04,171.73,182.45
2011-12-20,170.28,175.3,168.66,170.6
2011-12-21,164.15,176.54,161.82,164.14
2011-12-22,158.33,167.68,156.02,161.85
2011-12-23,156.41,166.66,156.37,160.93
2011-12-27,158.6,161.37,157.62,160.03
2011-12-28,157.36,163.92,157.36,163.92
2011-12-29,160.26,163.27,158.85,161.12
2011-12-30,158.47,164.71,142.05,163.24
2012-01-03,154.39,160.07,154.34,158.09
2012-01-04,156.77,160.73,152.94,154.75
2012-01-05,154.66,158.01,150.5,152.91
2012-01-06,148.21,153.45,148.21,150.28
2012-01-09,146.19,149.39,146.19,147.85
2012-01-10,141.58,146.27,141.55,143.92
2012-01-11,144.25,146.62,142.45,146.54
2012-01-12,142.66,148.12,142.56,146.05
2012-01-13,149.73,154.06,149.68,152.06
2012-01-17,144.11,153.55,144.07,151.15
2012-01-18,146.31,150.12,144.78,146.04
2012-01-19,142.35,145.44,141.2,142.84
2012-01-20,140.02,144.31,139.6,140.05
2012-01-23,138.83,139.2,135.02,137.29
2012-01-24,137.45,138.19,135.16,135.76
2012-01-25,135.7,137.57,124.1,131.02
2012-01-26,129.13,133.24,121.66,131.41
2012-01-27,137.51,137.51,130.24,130.75
2012-01-30,135.14,135.19,131.61,131.73
2012-01-31,131.51,142.32,117.66,133.82
2012-02-01,131.99,133.33,122.32,131.67
2012-02-02,132.63,132.97,127.74,128.88
2012-02-03,124.12,125.42,114.6,124.06
2012-02-06,126.31,133.48,118.43,123.59
2012-02-07,122.62,123.8,119.7,121.05
2012-02-08,120.35,122.1,120.09,122.08
2012-02-09,120.44,126.4,120.28,124.87
2012-02-10,129.6,132.98,119.84,131.3
2012-02-13,125.87,131.62,125.85,127.1
2012-02-14,127.72,133.44,118.7,131.33
2012-02-15,133.62,137.28,131.3,136.05
2012-02-16,136.53,139.11,132.09,132.09
2012-02-17,131.48,134.08,127.68,131.37
2012-02-21,130.62,134.23,129.81,131.11
2012-02-22,134.98,135.28,129.92,131.58
2012-02-23,131.42,132.95,127.08,127.95
2012-02-24,123.34,131.85,123.34,128.28
2012-02-27,136.33,136.33,126.5,128.86
2012-02-28,129.74,131.28,128.46,129.14
2012-02-29,133.31,133.31,122.66,128.48
2012-03-01,127.73,131.62,124.74,125.51
2012-03-02,128.5,129.27,121.77,126.03
2012-03-05,128.37,132.37,125.12,127.52
2012-03-06,133.0,138.8,131.23,133.77
2012-03-07,131.9,133.53,129.12,131.71
2012-03-08,127.56,132.19,124.84,127.7
2012-03-09,127.32,130.88,123.2,124.43
2012-03-12,125.87,129.12,119.86,122.68
2012-03-13,119.54,124.09,115.97,116.93
2012-03-14,115.58,120.81,113.84,119.46
2012-03-15,120.47,121.31,115.99,118.11
2012-03-16,120.5,120.5,115.51,117.38
2012-03-19,118.06,118.18,113.68,113.76
2012-03-20,115.82,116.72,113.92,114.04
2012-03-21,115.34,115.52,110.19,110.67
2012-03-22,113.88,113.99,110.83,110.86
2012-03-23,112.29,113.01,107.92,108.52
2012-03-26,108.11,108.11,102.19,102.19
2012-03-27,104.92,105.03,100.86,103.95
2012-03-28,104.61,108.09,104.07,104.21
2012-03-29,107.33,107.74,104.51,105.43
2012-03-30,102.91,105.36,101.86,103.96
2012-04-02,103.05,107.01,101.44,102.83
2012-04-03,102.07,104.7,101.73,104.2
2012-04-04,105.82,108.53,105.82,107.16
2012-04-05,106.83,108.59,105.11,108.55
2012-04-09,110.28,112.15,109.03,111.14
2012-04-10,111.13,119.01,110.41,119.01
2012-04-11,114.37,118.6,113.92,118.55
2012-04-12,118.1,118.1,112.08,112.12
2012-04-13,112.56,117.16,112.56,117.16
2012-04-16,114.48,117.73,114.47,116.38
2012-04-17,113.43,113.44,109.9,110.98
2012-04-18,111.32,112.03,109.83,111.88
2012-04-19,111.02,114.3,108.97,112.77
2012-04-20,110.36,110.77,108.58,110.52
2012-04-23,114.64,115.89,112.37,112.9
2012-04-24,112.04,112.09,110.02,110.22
2012-04-25,105.9,106.81,104.45,104.51
2012-04-26,105.1,105.1,100.53,101.62
2012-04-27,99.5,101.54,99.5,100.74
2012-04-30,101.14,102.1,100.78,102.02
2012-05-01,100.89,101.07,96.86,100.57
2012-05-02,101.86,102.97,98.93,100.21
2012-05-03,99.8,101.29,97.72,101.22
2012-05-04,101.79,104.85,101.73,104.82
2012-05-07,104.33,105.13,101.89,103.81
2012-05-08,104.02,111.13,103.93,105.32
2012-05-09,107.3,108.84,104.55,107.58
2012-05-10,104.03,105.64,103.37,105.21
2012-05-11,105.76,107.07,103.81,106.98
2012-05-14,108.11,111.14,107.86,111.14
2012-05-15,110.72,114.64,109.39,114.64
2012-05-16,113.2,118.7,112.01,117.76
2012-05-17,118.16,122.9,116.24,122.47
2012-05-18,122.27,127.65,120.17,126.56
2012-05-21,126.68,126.68,120.15,121.36
2012-05-22,120.1,123.58,114.96,122.26
2012-05-23,122.46,127.35,112.67,123.25
2012-05-24,121.82,124.64,119.61,122.64
2012-05-25,116.75,123.62,115.75,123.57
2012-05-29,115.91,123.82,115.74,118.28
2012-05-30,119.96,122.01,119.09,121.44
2012-05-31,122.6,124.88,117.49,122.52
2012-06-01,126.24,130.04,112.33,128.94
2012-06-04,128.38,130.72,123.65,128.16
2012-06-05,129.35,129.35,124.58,126.74
2012-06-06,122.48,122.92,118.33,120.06
2012-06-07,117.11,120.76,115.29,120.08
2012-06-08,121.65,122.44,117.94,118.68
2012-06-11,115.4,122.16,72.1,122.16
2012-06-12,120.33,124.17,119.9,121.63
2012-06-13,123.24,125.99,120.48,125.26
2012-06-14,125.86,126.41,119.39,120.17
2012-06-15,121.61,125.02,117.91,118.07
2012-06-18,119.01,120.04,113.07,113.1
2012-06-19,111.86,111.91,108.05,108.62
2012-06-20,109.12,112.19,105.42,107.87
2012-06-21,105.85,115.41,104.98,112.48
2012-06-22,109.92,111.59,108.64,108.73
2012-06-25,111.46,115.03,107.92,111.64
2012-06-26,110.65,111.13,105.73,110.05
2012-06-27,107.86,110.78,106.83,107.6
2012-06-28,108.72,112.67,106.02,107.09
2012-06-29,101.7,107.04,98.48,99.86
2012-07-02,98.53,103.26,96.84,97.01
2012-07-03,97.69,98.31,96.3,96.46
2012-07-05,97.97,99.92,97.24,98.58
2012-07-06,99.98,100.46,98.23,98.28
2012-07-09,99.14,99.81,97.55,97.56
2012-07-10,96.89,99.68,96.27,98.39
2012-07-11,96.22,103.92,92.81,96.56
2012-07-12,99.47,100.28,96.68,96.68
2012-07-13,96.6,96.67,92.51,93.08
2012-07-16,92.82,93.87,91.96,93.26
2012-07-17,91.22,92.0,89.63,89.99
2012-07-18,89.84,90.56,88.61,88.88
2012-07-19,88.91,89.66,87.94,89.01
2012-07-20,90.51,92.75,90.16,91.48
2012-07-23,97.99,99.11,90.83,96.05
2012-07-24,96.13,105.32,90.13,98.94
2012-07-25,98.38,99.74,92.47,99.04
2012-07-26,94.24,95.72,87.86,94.82
2012-07-27,92.14,93.02,85.96,92.07
2012-07-30,91.93,93.27,86.1,92.37
2012-07-31,94.16,95.67,93.07,93.64
2012-08-01,92.86,93.9,92.17,92.76
2012-08-02,94.52,95.59,92.38,93.13
2012-08-03,89.53,90.68,88.66,88.66
2012-08-06,88.12,88.82,87.66,88.78
2012-08-07,86.99,89.11,86.65,87.86
2012-08-08,88.18,88.59,85.94,87.16
2012-08-09,86.32,86.35,85.31,86.19
2012-08-10,87.09,87.45,84.98,85.22
2012-08-13,84.95,86.97,84.5,85.18
2012-08-14,84.41,86.72,84.33,85.8
2012-08-15,85.95,86.51,85.09,85.86
2012-08-16,86.28,87.93,86.06,86.06
2012-08-17,85.88,89.31,85.47,85.59
2012-08-20,84.01,86.92,84.01,86.08
2012-08-21,85.43,88.87,85.42,88.15
2012-08-22,89.53,91.82,88.42,89.15
2012-08-23,90.71,93.37,90.37,90.42
2012-08-24,89.35,90.34,87.49,88.31
2012-08-27,88.77,89.39,88.19,88.83
2012-08-28,87.49,89.28,87.32,88.31
2012-08-29,87.3,90.36,87.09,89.83
2012-08-30,91.16,91.72,89.77,90.78
2012-08-31,89.06,91.71,81.51,90.44
2012-09-04,90.25,91.02,89.25,89.25
2012-09-05,86.21,87.22,85.22,85.9
2012-09-06,86.65,86.8,83.98,83.98
2012-09-07,84.06,84.1,81.58,81.65
2012-09-10,78.24,81.92,77.68,81.9
2012-09-11,80.64,80.85,79.33,80.37
2012-09-12,79.14,79.14,77.86,78.29
2012-09-13,77.07,77.99,73.81,74.46
2012-09-14,73.54,74.75,71.99,74.3
2012-09-17,74.2,74.57,73.72,73.86
2012-09-18,73.96,74.32,72.78,72.82
2012-09-19,72.34,72.44,71.17,71.82
2012-09-20,73.28,73.8,71.72,72.37
2012-09-21,72.39,74.17,72.3,72.77
2012-09-24,73.75,73.84,71.62,71.79
2012-09-25,71.41,73.78,70.9,73.41
2012-09-26,73.73,76.6,73.68,75.63
2012-09-27,75.12,75.13,71.64,71.95
2012-09-28,72.28,75.09,71.36,73.12
2012-10-01,71.53,72.59,70.24,72.19
2012-10-02,71.17,72.97,71.11,71.82
2012-10-03,71.65,72.37,70.88,71.28
2012-10-04,70.83,71.28,69.74,70.23
2012-10-05,68.47,68.95,68.0,68.37
2012-10-08,69.24,70.08,68.21,68.65
2012-10-09,70.65,70.69,68.45,69.57
2012-10-10,69.45,70.36,68.99,68.99
2012-10-11,68.05,68.37,67.21,67.75
2012-10-12,67.63,67.8,66.49,67.16
2012-10-15,67.04,67.51,64.99,64.99
2012-10-16,64.99,65.02,63.11,63.79
2012-10-17,63.84,64.26,62.79,63.07
2012-10-18,63.6,64.51,62.63,62.97
2012-10-19,63.41,66.64,63.41,65.86
2012-10-22,65.55,66.59,65.17,65.17
2012-10-23,66.82,73.02,66.49,68.12
2012-10-24,67.36,69.11,67.23,68.23
2012-10-25,66.96,69.21,66.74,67.03
2012-10-26,66.46,68.59,65.96,67.39
2012-10-31,66.31,67.38,65.97,67.05
2012-11-01,65.53,65.62,63.09,63.09
2012-11-02,62.14,65.91,62.09,64.26
2012-11-05,63.64,64.75,63.57,64.74
2012-11-06,63.7,63.75,61.7,62.81
2012-11-07,63.89,66.22,63.52,66.22
2012-11-08,65.45,67.5,64.98,66.99
2012-11-09,67.02,67.99,65.47,67.33
2012-11-12,66.56,66.59,65.23,65.33
2012-11-13,65.76,65.81,63.42,65.0
2012-11-14,64.17,67.98,63.79,66.84
2012-11-15,66.02,67.42,65.26,66.83
2012-11-16,65.54,67.07,64.61,65.27
2012-11-19,62.34,62.44,60.99,61.08
2012-11-20,60.7,61.27,59.78,59.78
2012-11-21,59.41,59.94,59.27,59.66
2012-11-23,58.99,59.48,58.49,58.49
2012-11-26,59.05,60.01,58.55,59.03
2012-11-27,58.25,60.63,58.2,59.54
2012-11-28,60.05,61.04,58.42,58.97
2012-11-29,57.49,60.01,57.24,58.38
2012-11-30,57.57,59.6,56.96,59.0
2012-12-03,56.83,60.41,56.71,59.63
2012-12-04,58.7,59.97,57.98,58.85
2012-12-05,58.57,60.49,57.23,57.9
2012-12-06,56.74,57.59,56.45,56.45
2012-12-07,55.91,57.07,55.82,55.93
2012-12-10,55.75,56.54,55.39,55.88
2012-12-11,54.6,56.79,54.45,55.65
2012-12-12,54.88,56.36,54.79,56.15
2012-12-13,55.75,56.94,55.58,56.42
2012-12-14,57.47,58.0,56.45,56.99
2012-12-17,56.68,56.68,54.85,55.29
2012-12-18,54.86,54.93,52.26,53.1
2012-12-19,52.63,54.24,52.63,54.14
2012-12-20,53.95,54.51,53.62,54.08
2012-12-21,56.8,57.82,55.8,57.77
2012-12-24,56.46,58.64,56.46,57.36
2012-12-26,57.28,58.74,57.18,58.23
2012-12-27,57.92,59.53,57.45,57.93
2012-12-28,58.89,60.14,57.49,60.14
2012-12-31,59.13,59.26,55.13,55.27
2013-01-02,52.27,53.4,51.75,52.78
2013-01-03,51.57,53.07,50.75,53.07
2013-01-04,50.8,51.76,50.27,51.0
2013-01-07,51.6,51.8,50.42,50.43
2013-01-08,50.86,51.38,50.66,50.68
2013-01-09,50.46,50.67,50.09,50.61
2013-01-10,49.82,50.36,49.41,49.43
2013-01-11,49.37,49.76,49.2,49.24
2013-01-14,49.39,49.56,48.91,48.99
2013-01-15,49.47,49.48,48.44,48.68
2013-01-16,48.89,49.44,48.06,48.35
2013-01-17,47.94,48.2,47.23,47.69
2013-01-18,47.41,47.62,46.13,46.4
2013-01-22,46.3,46.34,44.05,44.05
2013-01-23,44.07,44.09,42.69,42.7
2013-01-24,42.63,43.65,42.06,43.24
2013-01-25,42.92,43.08,42.43,42.57
2013-01-28,42.41,42.79,42.21,42.29
2013-01-29,42.5,42.63,41.65,41.68
2013-01-30,42.07,42.82,41.98,42.81
2013-01-31,42.94,43.62,42.68,43.43
2013-02-01,42.76,42.82,41.97,42.33
2013-02-04,43.11,43.83,42.68,43.59
2013-02-05,43.27,43.29,42.36,42.72
2013-02-06,43.09,43.27,42.46,42.48
2013-02-07,42.59,43.65,42.55,42.67
2013-02-08,42.46,42.47,41.74,41.74
2013-02-11,41.66,41.84,41.27,41.27
2013-02-12,41.52,41.84,40.72,40.73
2013-02-13,40.97,41.14,40.77,40.92
2013-02-14,41.42,41.47,40.65,40.67
2013-02-15,40.51,41.02,40.49,40.61
2013-02-19,40.53,40.53,39.62,39.65
2013-02-20,39.59,41.45,39.52,41.45
2013-02-21,41.26,43.0,41.26,41.76
2013-02-22,41.29,41.47,40.69,40.7
2013-02-25,40.08,44.56,39.78,44.38
2013-02-26,43.31,44.62,42.93,43.41
2013-02-27,43.44,43.45,41.07,41.31
2013-02-28,41.5,42.04,40.7,41.79
2013-03-01,42.77,43.35,42.1,42.2
2013-03-04,42.6,42.65,41.13,41.17
2013-03-05,40.54,40.91,40.14,40.31
2013-03-06,39.73,40.78,39.63,40.01
2013-03-07,39.65,39.88,39.4,39.82
2013-03-08,38.96,39.72,38.93,39.5
2013-03-11,39.25,39.87,38.39,38.4
2013-03-12,38.4,39.73,38.38,38.64
2013-03-13,39.02,39.62,39.02,39.19
2013-03-14,38.93,38.97,38.11,38.13
2013-03-15,38.47,39.56,38.44,39.16
2013-03-18,40.85,41.02,39.8,40.38
2013-03-19,40.19,42.41,40.08,40.99
2013-03-20,40.27,40.27,39.58,40.0
2013-03-21,40.88,41.12,40.27,40.86
2013-03-22,40.61,40.91,40.49,40.57
2013-03-25,39.84,41.57,39.57,40.55
2013-03-26,39.73,39.94,39.57,39.63
2013-03-27,40.76,40.83,39.75,39.94
2013-03-28,39.56,40.1,39.34,39.83
2013-04-01,39.45,40.03,39.29,39.78
2013-04-02,39.38,39.38,38.91,39.06
2013-04-03,38.94,40.03,38.86,39.9
2013-04-04,39.81,40.56,39.58,39.7
2013-04-05,41.27,41.29,40.01,40.04
2013-04-08,39.88,40.03,38.89,38.92
2013-04-09,38.55,39.54,38.1,38.43
2013-04-10,37.75,37.75,37.06,37.17
2013-04-11,37.15,37.22,36.8,37.14
2013-04-12,37.46,37.68,36.8,37.21
2013-04-15,37.4,39.9,37.17,39.56
2013-04-16,38.27,38.29,37.11,37.31
2013-04-17,38.53,40.3,38.4,39.89
2013-04-18,39.67,41.52,39.65,40.85
2013-04-19,40.4,40.55,39.84,40.08
2013-04-22,39.32,40.14,38.64,38.74
2013-04-23,37.71,38.21,36.88,37.14
2013-04-24,36.77,37.03,36.54,36.92
2013-04-25,36.92,36.92,36.04,36.41
2013-04-26,36.36,36.78,35.99,36.2
2013-04-29,35.71,36.07,35.43,36.0
2013-04-30,35.83,36.23,35.15,35.48
2013-05-01,35.49,36.64,35.49,36.41
2013-05-02,35.89,35.89,35.32,35.71
2013-05-03,34.37,34.99,34.26,34.99
2013-05-06,34.57,34.7,34.06,34.41
2013-05-07,33.78,34.41,33.67,34.32
2013-05-08,33.96,34.44,33.91,34.31
2013-05-09,34.15,35.17,34.0,34.97
2013-05-10,34.77,35.89,34.54,35.35
2013-05-13,35.4,35.89,34.88,35.88
2013-05-14,35.48,35.96,35.2,35.56
2013-05-15,35.52,36.23,35.5,36.0
2013-05-16,35.83,36.72,35.83,36.72
2013-05-17,36.23,36.76,35.99,36.4
2013-05-20,36.12,36.82,36.02,36.63
2013-05-21,36.36,37.4,35.92,37.32
2013-05-22,36.92,37.79,36.45,37.11
2013-05-23,37.85,38.26,37.38,37.48
2013-05-24,38.05,38.12,37.4,37.46
2013-05-28,36.68,36.95,36.36,36.74
2013-05-29,37.37,37.49,36.77,37.03
2013-05-30,36.87,36.91,36.29,36.77
2013-05-31,37.15,38.44,36.71,38.38
2013-06-03,38.08,38.88,37.72,37.91
2013-06-04,37.87,38.45,37.64,38.3
2013-06-05,38.39,39.31,38.15,39.02
2013-06-06,39.06,39.84,38.29,38.51
2013-06-07,37.9,38.07,37.38,37.97
2013-06-10,37.47,37.61,37.13,37.38
2013-06-11,38.27,39.04,37.93,39.0
2013-06-12,38.63,40.27,38.41,40.27
2013-06-13,40.33,40.38,38.88,39.06
2013-06-14,39.04,39.44,38.1,39.44
2013-06-17,38.9,38.92,38.49,38.82
2013-06-18,38.61,38.64,37.87,38.3
2013-06-19,38.47,38.85,36.01,38.31
2013-06-20,39.22,41.03,38.62,40.38
2013-06-21,36.81,41.07,36.81,40.36
2013-06-24,41.29,42.27,41.01,42.22
2013-06-25,41.42,42.16,41.36,41.8
2013-06-26,40.82,41.37,40.62,40.92
2013-06-27,40.1,40.92,39.92,40.61
2013-06-28,40.72,41.03,39.51,40.25
2013-07-01,39.59,39.6,38.91,39.37
2013-07-02,39.55,39.66,38.53,39.07
2013-07-03,39.67,39.74,38.65,38.67
2013-07-05,37.97,38.53,37.6,37.65
2013-07-08,37.29,37.41,36.41,36.55
2013-07-09,36.42,36.43,35.22,35.36
2013-07-10,35.62,35.8,35.21,35.41
2013-07-11,34.56,34.88,34.29,34.71
2013-07-12,34.78,34.95,34.57,34.73
2013-07-15,34.46,34.91,34.05,34.26
2013-07-16,34.51,34.8,34.15,34.61
2013-07-17,34.91,34.94,34.22,34.24
2013-07-18,34.13,34.34,33.47,34.26
2013-07-19,34.15,34.43,33.7,33.99
2013-07-22,34.12,34.64,33.32,33.32
2013-07-23,33.21,33.56,33.11,33.42
2013-07-24,33.4,34.28,33.38,33.99
2013-07-25,34.2,34.24,33.58,33.59
2013-07-26,33.87,34.17,33.15,33.18
2013-07-29,33.44,34.22,33.21,33.75
2013-07-30,33.52,34.05,33.32,33.38
2013-07-31,33.11,33.53,32.49,32.97
2013-08-01,32.33,32.54,31.77,31.82
2013-08-02,31.74,32.19,31.22,31.24
2013-08-05,31.16,31.23,30.75,30.75
2013-08-06,30.85,31.44,30.82,31.35
2013-08-07,31.65,32.55,31.6,31.98
2013-08-08,31.16,31.51,30.97,31.37
2013-08-09,31.4,31.77,31.17,31.54
2013-08-12,31.97,32.01,31.54,31.75
2013-08-13,31.5,31.8,31.11,31.21
2013-08-14,31.16,31.7,31.15,31.62
2013-08-15,32.53,32.95,32.26,32.74
2013-08-16,32.71,32.77,31.69,32.35
2013-08-19,32.4,32.79,32.09,32.64
2013-08-20,32.68,32.8,31.99,32.34
2013-08-21,33.27,33.4,31.83,32.68
2013-08-22,32.39,32.39,31.34,31.71
2013-08-23,31.43,32.09,31.29,31.51
2013-08-26,31.32,32.09,31.0,32.04
2013-08-27,33.04,33.92,32.06,33.84
2013-08-28,33.81,34.12,33.28,34.1
2013-08-29,34.07,34.75,33.67,34.49
2013-08-30,34.36,35.39,34.0,34.63
2013-09-03,33.44,34.47,33.32,34.05
2013-09-04,34.16,34.3,33.19,33.21
2013-09-05,33.32,33.44,32.62,33.37
2013-09-06,33.0,34.17,32.59,33.2
2013-09-09,32.77,32.77,32.11,32.18
2013-09-10,31.76,31.88,31.39,31.39
2013-09-11,31.73,31.84,30.32,30.32
2013-09-12,30.43,30.79,30.24,30.72
2013-09-13,30.85,31.23,30.59,30.85
2013-09-16,30.46,30.91,25.88,30.38
2013-09-17,30.33,30.41,30.11,30.35
2013-09-18,30.42,30.49,29.36,29.63
2013-09-19,29.39,29.84,29.19,29.8
2013-09-20,25.65,31.0,25.62,30.9
2013-09-23,30.59,30.87,30.29,30.5
2013-09-24,30.55,30.67,30.04,30.34
2013-09-25,30.42,30.62,29.83,30.04
2013-09-26,30.1,30.1,29.27,29.71
2013-09-27,29.98,30.46,29.78,30.02
2013-09-30,30.87,31.04,30.53,30.54
2013-10-01,30.31,30.52,29.78,29.82
2013-10-02,30.52,30.73,30.06,30.2
2013-10-03,30.37,31.56,30.36,30.93
2013-10-04,31.25,31.26,30.4,30.51
2013-10-07,31.55,31.91,31.18,31.85
2013-10-08,31.91,33.2,31.84,33.08
2013-10-09,32.77,33.42,32.16,32.64
2013-10-10,31.63,31.63,30.56,30.62
2013-10-11,30.69,30.74,30.01,30.08
2013-10-14,30.58,30.67,29.74,29.95
2013-10-15,30.25,31.28,29.99,31.0
2013-10-16,30.36,30.54,29.54,29.99
2013-10-17,30.11,30.11,28.44,28.65
2013-10-18,28.29,28.5,27.63,27.63
2013-10-21,27.55,27.97,27.43,27.69
2013-10-22,27.49,27.93,27.11,27.9
2013-10-23,28.29,28.62,27.9,27.93
2013-10-24,27.93,28.1,27.63,27.66
2013-10-25,27.68,27.78,27.45,27.58
2013-10-28,27.62,27.77,27.44,27.6
2013-10-29,27.48,27.75,27.42,27.69
2013-10-30,27.41,28.44,25.57,27.95
2013-10-31,28.03,28.22,27.31,27.83
2013-11-01,27.88,28.57,27.86,28.32
2013-11-04,28.19,28.35,27.88,27.91
2013-11-05,28.13,28.36,27.84,28.08
2013-11-06,28.0,28.14,27.24,27.91
2013-11-07,27.77,28.68,27.74,28.51
2013-11-08,28.47,28.52,27.61,27.67
2013-11-11,27.73,27.75,27.51,27.63
2013-11-12,27.9,28.09,27.29,27.79
2013-11-13,28.18,28.46,27.9,27.95
2013-11-14,28.04,28.11,27.6,27.82
2013-11-15,27.69,27.94,27.38,27.48
2013-11-18,27.5,27.77,27.28,27.65
2013-11-19,27.86,28.04,27.66,28.02
2013-11-20,28.03,28.22,27.52,27.9
2013-11-21,27.72,27.76,26.92,27.14
2013-11-22,27.06,27.1,26.55,26.58
2013-11-25,26.49,26.73,26.44,26.71
2013-11-26,26.66,26.77,26.29,26.68
2013-11-27,26.61,26.92,26.38,26.5
2013-11-29,26.39,26.51,25.46,26.5
2013-12-02,26.65,26.82,26.38,26.62
2013-12-03,26.94,27.24,26.71,26.81
2013-12-04,26.94,27.51,26.37,26.8
2013-12-05,26.83,26.85,26.17,26.49
2013-12-06,25.77,26.27,25.4,25.51
2013-12-09,25.39,25.54,25.29,25.34
2013-12-10,25.35,25.87,25.22,25.44
2013-12-11,25.5,26.28,25.47,25.99
2013-12-12,26.06,26.24,25.78,26.0
2013-12-13,25.84,26.18,25.78,26.16
2013-12-16,25.69,27.47,25.53,26.48
2013-12-17,26.33,26.61,26.25,26.46
2013-12-18,25.99,26.86,25.23,25.33
2013-12-19,25.32,25.66,24.85,25.54
2013-12-20,25.11,25.48,25.06,25.17
2013-12-23,24.82,24.89,24.6,24.8
2013-12-24,24.6,24.6,24.03,24.35
2013-12-26,24.12,24.23,23.91,24.22
2013-12-27,23.91,24.23,23.9,24.15
2013-12-30,23.84,24.2,23.73,24.19
2013-12-31,23.99,24.4,23.82,23.82
2014-01-02,24.24,24.4,24.09,24.22
2014-01-03,24.13,24.25,24.05,24.21
2014-01-06,23.76,23.93,23.65,23.79
2014-01-07,23.53,23.53,22.92,23.13
2014-01-08,23.03,23.54,22.88,23.02
2014-01-09,23.12,23.29,23.05,23.15
2014-01-10,22.81,23.11,22.63,22.65
2014-01-13,22.73,23.76,22.66,23.4
2014-01-14,23.17,23.29,22.91,23.09
2014-01-15,22.93,23.09,22.87,22.97
2014-01-16,22.98,23.59,22.98,23.34
2014-01-17,23.27,23.47,23.1,23.29
2014-01-21,22.86,23.22,22.75,22.78
2014-01-22,22.74,22.77,22.53,22.72
2014-01-23,23.12,23.55,22.64,22.75
2014-01-24,23.26,24.37,23.26,24.37
2014-01-27,24.02,24.8,23.85,24.21
2014-01-28,24.2,24.58,23.75,23.75
2014-01-29,24.26,25.31,23.88,24.26
2014-01-30,23.9,24.76,23.51,24.52
2014-01-31,24.73,25.19,24.27,24.79
2014-02-03,24.87,26.47,24.81,26.4
2014-02-04,25.84,25.94,25.48,25.88
2014-02-05,26.05,26.62,25.96,26.58
2014-02-06,26.14,26.42,25.4,25.42
2014-02-07,24.72,25.49,23.82,24.04
2014-02-10,24.11,24.9,23.69,23.74
2014-02-11,23.77,23.77,23.01,23.23
2014-02-12,23.07,23.37,22.59,23.04
2014-02-13,23.47,23.95,22.85,22.94
2014-02-14,22.98,23.49,22.12,23.08
2014-02-18,22.32,22.84,22.19,22.21
2014-02-19,22.69,22.92,22.0,22.89
2014-02-20,22.43,22.78,21.96,22.61
2014-02-21,22.36,22.56,21.4,22.56
2014-02-24,22.26,22.56,21.79,22.24
2014-02-25,21.91,22.31,21.66,22.28
2014-02-26,22.01,22.64,21.85,22.6
2014-02-27,22.38,22.55,21.95,22.17
2014-02-28,22.1,22.74,21.71,22.51
2014-03-03,23.12,23.5,22.87,23.12
2014-03-04,22.45,23.37,22.26,22.43
2014-03-05,22.49,22.72,22.14,22.69
2014-03-06,22.39,22.94,21.35,22.87
2014-03-07,22.97,23.47,22.68,23.07
2014-03-10,23.02,24.3,22.8,22.81
2014-03-11,22.7,23.74,22.27,23.11
2014-03-12,23.3,23.51,22.94,23.05
2014-03-13,22.79,24.72,22.24,24.03
2014-03-14,23.76,24.68,23.23,24.47
2014-03-17,23.75,23.75,23.15,23.4
2014-03-18,23.14,23.54,22.76,23.07
2014-03-19,22.97,23.74,22.35,23.26
2014-03-20,23.25,23.26,22.59,22.6
2014-03-21,22.26,23.44,22.21,22.95
2014-03-24,22.47,23.43,22.47,22.93
2014-03-25,22.41,22.81,22.41,22.61
2014-03-26,22.17,23.12,22.02,23.08
2014-03-27,22.91,23.17,22.62,22.93
2014-03-28,22.59,22.78,22.26,22.55
2014-03-31,22.08,22.4,21.82,22.02
2014-04-01,21.72,21.83,21.46,21.48
2014-04-02,21.47,21.63,21.37,21.45
2014-04-03,21.28,21.6,21.0,21.35
2014-04-04,21.06,21.96,21.04,21.75
2014-04-07,21.93,22.43,21.7,22.27
2014-04-08,22.16,22.37,21.8,21.95
2014-04-09,21.66,21.93,21.12,21.31
2014-04-10,20.79,22.12,20.67,22.12
2014-04-11,22.39,22.88,21.97,22.54
2014-04-14,21.99,22.69,21.97,22.2
2014-04-15,22.06,22.84,21.81,21.95
2014-04-16,21.69,21.94,21.47,21.53
2014-04-17,21.5,21.6,21.08,21.55
2014-04-21,21.41,21.58,21.1,21.14
2014-04-22,21.03,21.03,20.78,20.95
2014-04-23,20.99,21.15,20.92,20.93
2014-04-24,20.85,21.14,20.49,20.88
2014-04-25,21.06,22.2,21.05,21.11
2014-04-28,20.88,21.31,20.63,20.68
2014-04-29,20.42,20.66,20.39,20.44
2014-04-30,20.45,20.53,20.25,20.28
2014-05-01,20.27,20.64,20.07,20.4
2014-05-02,20.41,21.88,20.23,20.66
2014-05-05,20.95,21.29,20.52,20.65
2014-05-06,20.69,20.83,20.56,20.7
2014-05-07,20.53,20.91,20.24,20.29
2014-05-08,20.28,20.35,19.43,19.96
2014-05-09,20.1,20.26,19.82,19.92
2014-05-12,19.57,19.67,19.21,19.35
2014-05-13,19.1,19.5,19.04,19.37
2014-05-14,19.36,19.82,19.35,19.7
2014-05-15,19.82,20.41,19.74,20.06
2014-05-16,20.0,20.24,19.56,19.56
2014-05-19,19.63,19.63,19.23,19.29
2014-05-20,19.1,19.72,19.07,19.24
2014-05-21,19.01,19.05,18.84,19.02
2014-05-22,18.96,19.15,18.7,19.05
2014-05-23,19.02,19.2,18.84,19.18
2014-05-27,19.0,19.21,18.88,19.05
2014-05-28,19.12,19.41,19.05,19.39
2014-05-29,19.34,19.47,19.03,19.29
2014-05-30,19.39,19.71,19.25,19.45
2014-06-02,19.46,19.63,19.09,19.29
2014-06-03,19.52,19.62,19.11,19.11
2014-06-04,19.17,19.29,18.95,18.99
2014-06-05,18.89,18.98,18.46,18.68
2014-06-06,18.37,18.4,17.83,18.16
2014-06-09,18.24,18.36,17.98,18.29
2014-06-10,18.2,18.27,17.98,18.09
2014-06-11,18.32,18.62,18.16,18.32
2014-06-12,18.47,19.15,18.39,18.68
2014-06-13,18.66,19.16,18.51,18.66
2014-06-16,18.62,18.74,18.42,18.73
2014-06-17,18.65,18.71,18.39,18.53
2014-06-18,18.37,18.83,17.8,17.8
2014-06-19,17.84,18.1,17.57,17.57
2014-06-20,17.66,17.84,17.59,17.75
2014-06-23,17.71,17.96,17.55,17.75
2014-06-24,17.79,18.12,17.6,18.06
2014-06-25,17.95,18.18,17.67,17.67
2014-06-26,17.58,17.92,17.4,17.54
2014-06-27,17.39,17.76,17.35,17.54
2014-06-30,17.2,17.38,17.11,17.21
2014-07-01,16.99,17.08,16.76,16.92
2014-07-02,16.82,16.82,16.43,16.49
2014-07-03,16.26,16.39,16.08,16.23
2014-07-07,16.26,16.53,16.26,16.53
2014-07-08,16.69,17.08,16.67,16.81
2014-07-09,16.74,16.87,16.48,16.62
2014-07-10,17.14,17.15,16.67,17.09
2014-07-11,16.95,17.05,16.72,16.72
2014-07-14,16.47,16.5,16.24,16.28
2014-07-15,16.21,16.58,16.14,16.5
2014-07-16,16.23,16.39,16.17,16.24
2014-07-17,16.37,17.32,16.25,16.96
2014-07-18,16.67,16.67,16.22,16.36
2014-07-21,16.41,16.65,16.37,16.42
2014-07-22,16.14,16.23,15.99,16.23
2014-07-23,16.06,16.57,16.06,16.37
2014-07-24,16.54,16.89,16.54,16.71
2014-07-25,16.86,17.01,16.8,16.95
2014-07-28,16.97,17.16,16.83,16.92
2014-07-29,16.81,17.1,16.65,17.03
2014-07-30,16.81,17.15,16.71,16.88
2014-07-31,17.3,18.04,17.17,17.97
2014-08-01,18.13,18.42,17.48,18.4
2014-08-04,18.46,18.47,17.8,17.97
2014-08-05,18.44,19.02,18.31,18.92
2014-08-06,19.29,19.56,18.44,19.03
2014-08-07,18.99,19.49,18.81,19.15
2014-08-08,19.3,19.73,18.65,18.74
2014-08-11,18.47,18.48,17.99,18.05
2014-08-12,18.23,18.52,17.9,18.2
2014-08-13,17.89,18.88,17.62,17.73
2014-08-14,17.52,17.68,17.14,17.17
2014-08-15,17.0,17.79,16.9,17.17
2014-08-18,16.77,16.85,16.66,16.76
2014-08-19,16.49,16.61,16.44,16.57
2014-08-20,16.61,16.66,16.32,16.37
2014-08-21,16.31,16.38,15.39,16.19
2014-08-22,16.16,16.34,15.89,16.19
2014-08-25,15.95,16.09,15.75,16.06
2014-08-26,16.14,16.42,16.12,16.36
2014-08-27,16.31,16.5,16.25,16.32
2014-08-28,16.73,16.77,16.48,16.55
2014-08-29,16.86,17.09,16.66,16.66
2014-09-02,16.84,17.02,16.64,16.64
2014-09-03,16.73,16.99,16.56,16.59
2014-09-04,16.77,16.93,16.42,16.63
2014-09-05,16.79,17.22,16.45,16.51
2014-09-08,16.69,17.06,16.67,16.78
2014-09-09,16.88,17.0,16.51,16.79
2014-09-10,16.74,17.35,16.55,16.55
2014-09-11,16.97,17.03,16.6,16.65
2014-09-12,16.82,17.07,16.7,16.81
2014-09-15,16.95,17.22,16.78,16.86
2014-09-16,17.11,17.13,16.39,16.39
2014-09-17,16.56,16.88,16.11,16.34
2014-09-18,16.37,16.45,16.16,16.16
2014-09-19,16.18,16.51,16.16,16.3
2014-09-22,16.44,16.92,16.43,16.85
2014-09-23,17.04,17.1,16.65,17.1
2014-09-24,17.03,17.13,16.61,16.61
2014-09-25,16.88,17.54,16.85,17.34
2014-09-26,17.32,17.36,16.83,17.18
2014-09-29,17.69,17.69,17.16,17.51
2014-09-30,17.44,17.83,17.39,17.81
2014-10-01,17.71,18.31,17.68,18.13
2014-10-02,18.09,18.54,17.83,17.86
2014-10-03,17.65,17.79,17.23,17.27
2014-10-06,17.09,17.47,17.02,17.39
2014-10-07,17.72,18.1,17.52,17.91
2014-10-08,18.1,18.28,17.15,17.15
2014-10-09,17.25,18.59,17.22,18.19
2014-10-10,18.17,20.34,17.93,19.28
2014-10-13,19.04,21.33,18.96,20.5
2014-10-14,19.84,20.81,19.31,20.1
2014-10-15,20.47,28.05,18.8,21.56
2014-10-16,22.42,29.24,20.19,21.23
2014-10-17,20.17,20.68,19.78,19.95
2014-10-20,20.35,20.58,19.52,19.52
2014-10-21,19.26,19.46,18.36,18.45
2014-10-22,18.29,19.43,18.29,19.04
2014-10-23,18.54,18.94,18.31,18.55
2014-10-24,18.48,18.99,18.22,18.23
2014-10-27,18.44,18.85,18.16,18.23
2014-10-28,17.89,18.1,17.41,17.46
2014-10-29,17.37,18.13,16.84,17.81
2014-10-30,17.79,17.87,17.31,17.56
2014-10-31,17.28,17.49,16.92,17.33
2014-11-03,17.17,18.32,16.96,17.21
2014-11-04,17.26,18.22,17.24,17.72
2014-11-05,17.27,17.92,17.15,17.38
2014-11-06,17.31,17.58,17.14,17.22
2014-11-07,17.16,17.44,16.92,17.0
2014-11-10,16.86,16.87,15.19,16.41
2014-11-11,16.31,16.5,16.2,16.2
2014-11-12,16.54,16.67,16.42,16.42
2014-11-13,16.65,18.05,16.5,16.69
2014-11-14,16.71,16.99,16.29,16.7
2014-11-17,16.76,16.79,16.6,16.62
2014-11-18,16.63,16.63,16.1,16.45
2014-11-19,16.67,16.88,16.51,16.68
2014-11-20,16.84,17.41,16.47,16.84
2014-11-21,16.43,16.91,16.29,16.78
2014-11-24,16.62,16.68,16.37,16.41
2014-11-25,16.39,16.71,16.38,16.63
2014-11-26,16.64,16.71,16.34,16.53
2014-11-28,16.59,16.7,16.3,16.67
2014-12-01,16.81,17.05,16.34,16.67
2014-12-02,16.8,16.8,16.31,16.51
2014-12-03,16.46,16.46,15.97,16.28
2014-12-04,16.31,16.49,16.03,16.41
2014-12-05,16.33,16.44,15.73,16.44
2014-12-08,16.06,17.0,15.97,17.0
2014-12-09,17.25,17.86,16.67,17.0
2014-12-10,16.97,18.14,16.97,17.87
2014-12-11,17.64,18.97,17.27,18.97
2014-12-12,18.93,19.78,17.99,19.19
2014-12-15,18.94,19.97,18.64,19.57
2014-12-16,20.01,20.6,19.18,20.4
2014-12-17,20.36,20.78,18.36,18.36
2014-12-18,18.14,18.33,17.38,18.05
2014-12-19,17.85,18.1,17.41,17.64
2014-12-22,17.52,17.83,17.36,17.43
2014-12-23,17.19,17.41,16.84,17.2
2014-12-24,17.4,17.64,17.17,17.52
2014-12-26,17.46,17.47,16.9,16.9
2014-12-29,17.27,17.27,16.76,16.77
2014-12-30,17.09,17.14,16.76,16.88
2014-12-31,17.15,18.05,16.82,17.75
2015-01-02,17.57,18.06,17.32,17.52
2015-01-05,18.07,18.49,18.03,18.12
2015-01-06,18.43,18.98,18.0,18.62
2015-01-07,18.53,18.55,17.79,17.99
2015-01-08,17.64,17.95,16.84,17.05
2015-01-09,17.17,17.51,17.0,17.51
2015-01-12,17.52,18.0,17.49,17.85
2015-01-13,17.37,18.31,17.15,17.97
2015-01-14,18.75,19.14,18.13,18.17
2015-01-15,18.27,18.79,18.06,18.46
2015-01-16,18.98,19.25,18.08,18.23
2015-01-20,18.02,18.67,17.58,17.77
2015-01-21,18.14,18.32,17.52,17.63
2015-01-22,17.47,17.89,16.7,16.86
2015-01-23,16.97,17.15,16.64,17.05
2015-01-26,17.14,17.25,16.82,16.93
2015-01-27,17.49,17.65,17.19,17.37
2015-01-28,17.19,18.53,16.78,18.53
2015-01-29,18.36,18.64,17.63,17.65
2015-01-30,18.09,18.92,17.79,18.44
2015-02-02,18.27,19.09,17.96,18.5
2015-02-03,17.54,17.73,17.36,17.43
2015-02-04,17.57,17.91,17.31,17.91
2015-02-05,17.5,17.59,17.38,17.48
2015-02-06,17.21,18.09,17.04,17.94
2015-02-09,18.1,18.47,17.88,18.27
2015-02-10,18.02,18.27,17.82,17.86
2015-02-11,17.78,17.92,17.6,17.68
2015-02-12,17.31,17.37,16.8,17.02
2015-02-13,16.79,16.87,16.59,16.74
2015-02-17,16.75,16.81,16.63,16.75
2015-02-18,16.83,16.9,16.56,16.72
2015-02-19,16.85,17.07,16.7,16.84
2015-02-20,17.0,17.38,16.48,16.52
2015-02-23,16.58,16.74,16.37,16.42
2015-02-24,16.29,16.65,15.59,15.85
2015-02-25,15.67,15.9,15.16,15.63
2015-02-26,15.67,15.78,15.35,15.69
2015-02-27,15.58,15.84,15.45,15.84
2015-03-02,15.51,15.55,15.03,15.37
2015-03-03,15.29,15.65,15.04,15.29
2015-03-04,15.56,15.84,15.48,15.55
2015-03-05,15.44,15.58,15.28,15.31
2015-03-06,15.53,15.74,15.39,15.6
2015-03-09,15.49,15.71,15.29,15.71
2015-03-10,15.93,16.26,15.85,16.26
2015-03-11,16.13,16.39,15.96,16.36
2015-03-12,16.08,16.08,15.66,15.72
2015-03-13,15.8,16.12,15.65,15.8
2015-03-16,15.54,15.6,15.15,15.46
2015-03-17,15.41,15.74,15.38,15.57
2015-03-18,15.38,15.97,14.83,15.11
2015-03-19,15.21,15.71,15.19,15.42
2015-03-20,15.24,15.9,15.17,15.22
2015-03-23,15.29,15.43,15.02,15.25
2015-03-24,15.3,15.48,15.24,15.39
2015-03-25,15.41,15.98,15.36,15.89
2015-03-26,16.11,16.25,15.68,15.72
2015-03-27,15.68,15.77,15.56,15.76
2015-03-30,15.3,15.39,15.09,15.23
2015-03-31,15.48,15.98,15.42,15.77
2015-04-01,15.91,16.55,15.89,15.99
2015-04-02,15.87,15.95,15.64,15.78
2015-04-06,15.88,15.9,15.33,15.37
2015-04-07,15.47,15.52,15.31,15.41
2015-04-08,15.34,15.53,15.21,15.27
2015-04-09,15.23,15.57,14.89,14.89
2015-04-10,14.88,14.93,14.52,14.56
2015-04-13,14.53,14.9,14.46,14.81
2015-04-14,14.76,15.0,14.74,14.81
2015-04-15,14.59,14.7,14.41,14.61
2015-04-16,14.67,14.68,14.42,14.43
2015-04-17,14.81,15.25,14.81,14.83
2015-04-20,14.57,14.64,14.49,14.63
2015-04-21,14.37,14.59,14.37,14.57
2015-04-22,14.46,14.66,14.28,14.32
2015-04-23,14.37,14.41,14.14,14.28
2015-04-24,14.26,14.39,14.26,14.32
2015-04-27,14.24,14.51,14.12,14.42
2015-04-28,14.44,14.7,13.98,14.11
2015-04-29,14.33,14.47,13.82,14.34
2015-04-30,14.45,14.91,14.09,14.57
2015-05-01,14.39,14.54,13.87,14.09
2015-05-04,13.9,14.19,13.49,14.01
2015-05-05,14.08,14.41,14.03,14.29
2015-05-06,14.19,14.77,14.19,14.53
2015-05-07,14.54,14.59,14.24,14.32
2015-05-08,13.93,14.14,13.64,13.84
2015-05-11,13.85,14.04,13.75,14.04
2015-05-12,14.2,14.28,13.91,14.01
2015-05-13,13.84,14.2,13.78,13.92
2015-05-14,13.81,14.07,13.71,13.77
2015-05-15,13.68,13.99,13.58,13.59
2015-05-18,13.66,13.69,13.4,13.46
2015-05-19,13.38,13.44,13.16,13.2
2015-05-20,13.13,13.38,12.99,13.13
2015-05-21,13.18,13.24,12.86,12.96
2015-05-22,12.94,12.99,12.84,12.95
2015-05-26,13.03,13.34,13.01,13.14
2015-05-27,13.16,13.17,12.82,12.89
2015-05-28,12.97,13.2,12.92,12.99
2015-05-29,13.01,13.3,12.98,13.15
2015-06-01,13.12,13.41,12.9,13.06
2015-06-02,13.1,13.59,12.86,13.1
2015-06-03,13.33,13.33,12.86,13.02
2015-06-04,13.19,13.48,13.08,13.36
2015-06-05,13.36,13.43,13.22,13.29
2015-06-08,13.26,13.46,13.23,13.41
2015-06-09,13.35,13.74,13.22,13.31
2015-06-10,13.23,13.27,12.46,12.54
2015-06-11,12.33,12.49,12.26,12.37
2015-06-12,12.75,12.77,12.48,12.51
2015-06-15,12.94,13.18,12.63,13.04
2015-06-16,12.81,13.06,12.65,12.97
2015-06-17,13.93,13.93,12.67,12.87
2015-06-18,12.79,13.08,12.34,12.63
2015-06-19,12.82,12.94,12.6,12.87
2015-06-22,12.59,12.68,12.31,12.42
2015-06-23,12.3,12.49,12.12,12.15
2015-06-24,12.18,12.32,12.04,12.28
2015-06-25,12.2,12.35,12.13,12.16
2015-06-26,12.35,12.37,12.01,12.04
2015-06-29,12.61,12.98,12.47,12.89
2015-06-30,12.72,13.24,12.63,12.83
2015-07-01,12.48,12.65,12.19,12.2
2015-07-02,12.14,12.74,12.1,12.42
2015-07-06,13.04,13.13,12.51,12.68
2015-07-07,12.7,13.12,12.06,12.28
2015-07-08,12.61,13.19,12.55,13.06
2015-07-09,12.45,13.51,12.42,13.37
2015-07-10,12.81,13.18,12.61,12.74
2015-07-13,12.15,12.16,11.86,11.87
2015-07-14,11.87,11.97,11.65,11.91
2015-07-15,11.88,12.11,11.74,11.95
2015-07-16,11.71,11.8,11.42,11.68
2015-07-17,11.6,11.63,11.44,11.56
2015-07-20,11.5,11.58,11.19,11.44
2015-07-21,11.45,11.63,11.43,11.5
2015-07-22,11.62,11.69,11.5,11.51
2015-07-23,11.47,11.77,11.44,11.64
2015-07-24,11.72,12.03,11.65,11.85
2015-07-27,12.16,12.27,11.88,12.05
2015-07-28,11.92,12.29,11.57,11.61
2015-07-29,11.58,11.78,10.94,11.47
2015-07-30,11.48,11.7,11.08,11.38
2015-07-31,11.41,11.54,11.19,11.39
2015-08-03,11.39,11.49,11.18,11.23
2015-08-04,11.16,11.38,10.87,11.38
2015-08-05,11.17,11.27,10.93,11.27
2015-08-06,11.23,11.85,11.22,11.44
2015-08-07,11.52,11.65,10.95,11.28
2015-08-10,11.06,11.38,10.92,11.11
2015-08-11,11.44,11.63,11.1,11.49
2015-08-12,11.95,12.05,11.37,11.45
2015-08-13,11.43,11.61,11.07,11.5
2015-08-14,11.48,11.55,11.34,11.39
2015-08-17,11.6,11.6,11.16,11.22
2015-08-18,11.27,11.42,11.21,11.39
2015-08-19,11.63,11.82,11.22,11.66
2015-08-20,11.91,12.45,11.31,12.21
2015-08-21,12.35,14.29,11.62,13.32
2015-08-24,13.98,20.57,11.92,14.82
2015-08-25,13.93,16.5,9.66,15.27
2015-08-26,14.59,17.38,13.99,14.26
2015-08-27,13.63,15.45,13.14,14.73
2015-08-28,14.46,15.8,14.19,14.53
2015-08-31,15.07,15.9,14.42,15.68
2015-09-01,16.73,17.97,14.65,16.24
2015-09-02,16.59,17.12,14.06,16.01
2015-09-03,15.6,16.11,15.15,15.92
2015-09-04,16.75,17.56,14.5,17.36
2015-09-08,16.04,16.46,14.98,15.6
2015-09-09,15.17,19.7,15.04,16.78
2015-09-10,15.82,16.92,14.48,15.02
2015-09-11,15.73,17.59,15.31,15.78
