"*On April 20, 2011, the calculation of the VXST was based solely on 30-day (5/21/11 exp. date) SPX options since SPXW options were not available on that date.",Unnamed: 1,Unnamed: 2,Unnamed: 3,Unnamed: 4
2011-01-03,,,,16.04
2011-01-04,,,,16.06
2011-01-05,,,,15.57
2011-01-06,,,,15.71
2011-01-07,,,,15.01
2011-01-10,,,,15.81
2011-01-11,,,,14.93
2011-01-12,,,,14.82
2011-01-13,,,,14.92
2011-01-14,,,,14.3
2011-01-18,,,,16.34
2011-01-19,,,,17.74
2011-01-20,,,,16.98
2011-01-21,,,,17.32
2011-01-24,,,,17.38
2011-01-25,,,,17.75
2011-01-26,,,,16.27
2011-01-27,,,,15.07
2011-01-28,,,,21.25
2011-01-31,,,,20.5
2011-02-01,,,,17.21
2011-02-02,,,,16.83
2011-02-03,,,,15.38
2011-02-04,,,,14.19
2011-02-07,,,,15.33
2011-02-08,,,,14.56
2011-02-09,,,,14.3
2011-02-10,,,,14.53
2011-02-11,,,,14.79
2011-02-14,,,,16.16
2011-02-15,,,,16.58
2011-02-16,,,,16.87
2011-02-17,,,,15.81
2011-02-18,,,,14.92
2011-02-22,,,,22.09
2011-02-23,,,,22.77
2011-02-24,,,,21.51
2011-02-25,,,,18.47
2011-02-28,,,,18.3
2011-03-01,,,,21.59
2011-03-02,,,,20.78
2011-03-03,,,,16.85
2011-03-04,,,,17.69
2011-03-07,,,,20.97
2011-03-08,,,,19.34
2011-03-09,,,,19.93
2011-03-10,,,,22.89
2011-03-11,,,,19.4
2011-03-14,,,,21.93
2011-03-15,,,,25.9
2011-03-16,,,,31.04
2011-03-17,,,,28.62
2011-03-18,,,,25.31
2011-03-21,,,,21.02
2011-03-22,,,,20.17
2011-03-23,,,,19.06
2011-03-24,,,,17.42
2011-03-25,,,,17.49
2011-03-28,,,,19.84
2011-03-29,,,,17.46
2011-03-30,,,,16.98
2011-03-31,,,,16.31
2011-04-01,,,,15.15
2011-04-04,,,,16.72
2011-04-05,,,,15.81
2011-04-06,,,,15.21
2011-04-07,,,,15.93
2011-04-08,,,,17.21
2011-04-11,,,,18.39
2011-04-12,,,,18.93
2011-04-13,,,,17.97
2011-04-14,,,,15.99
2011-04-15,,,,14.28
2011-04-18,,,,17.63
2011-04-19,,,,15.91
2011-04-21,,,,13.03
2011-04-25,,,,15.05
2011-04-26,,,,15.16
2011-04-27,,,,14.61
2011-04-28,,,,12.81
2011-04-29,,,,13.09
2011-05-02,,,,15.16
2011-05-03,,,,15.71
2011-05-04,,,,16.37
2011-05-05,,,,18.87
2011-05-06,,,,18.89
2011-05-09,,,,16.56
2011-05-10,,,,14.58
2011-05-11,,,,16.8
2011-05-12,,,,15.1
2011-05-13,,,,17.13
2011-05-16,,,,19.71
2011-05-17,,,,18.33
2011-05-18,,,,16.25
2011-05-19,,,,14.92
2011-05-20,,,,18.1
2011-05-23,,,,18.87
2011-05-24,,,,17.87
2011-05-25,,,,16.83
2011-05-26,,,,14.62
2011-05-27,,,,14.79
2011-05-31,,,,14.89
2011-06-01,,,,19.1
2011-06-02,,,,18.93
2011-06-03,,,,17.99
2011-06-06,,,,19.35
2011-06-07,,,,18.41
2011-06-08,,,,19.02
2011-06-09,,,,18.11
2011-06-10,,,,18.92
2011-06-13,,,,20.28
2011-06-14,,,,18.44
2011-06-15,,,,22.03
2011-06-16,,,,24.63
2011-06-17,,,,23.13
2011-06-20,,,,20.74
2011-06-21,,,,20.18
2011-06-22,,,,18.64
2011-06-23,,,,20.07
2011-06-24,,,,22.47
2011-06-27,,,,21.99
2011-06-28,,,,19.83
2011-06-29,,,,16.96
2011-06-30,,,,15.14
2011-07-01,,,,15.29
2011-07-05,,,,15.85
2011-07-06,,,,15.66
2011-07-07,,,,15.29
2011-07-08,,,,15.56
2011-07-11,,,,20.14
2011-07-12,,,,21.5
2011-07-13,,,,20.65
2011-07-14,,,,22.19
2011-07-15,,,,19.82
2011-07-18,,,,22.13
2011-07-19,,,,19.69
2011-07-20,,,,19.75
2011-07-21,,,,17.54
2011-07-22,,,,16.96
2011-07-25,,,,20.4
2011-07-26,,,,20.83
2011-07-27,,,,24.41
2011-07-28,,,,27.52
2011-07-29,,,,30.35
2011-08-01,,,,26.85
2011-08-02,,,,27.78
2011-08-03,,,,24.7
2011-08-04,,,,39.89
2011-08-05,,,,37.58
2011-08-08,,,,68
2011-08-09,,,,43.38
2011-08-10,,,,56.66
2011-08-11,,,,46.98
2011-08-12,,,,38.41
2011-08-15,,,,32.94
2011-08-16,,,,33.09
2011-08-17,,,,31.22
2011-08-18,,,,46.55
2011-08-19,,,,47.41
2011-08-22,,,,44.57
2011-08-23,,,,37.81
2011-08-24,,,,37.43
2011-08-25,,,,44.08
2011-08-26,,,,36.34
2011-08-29,,,,33.39
2011-08-30,,,,34.67
2011-08-31,,,,32.33
2011-09-01,,,,31.78
2011-09-02,,,,31.94
2011-09-06,,,,39.24
2011-09-07,,,,32.44
2011-09-08,,,,34.41
2011-09-09,,,,40.42
2011-09-12,,,,40.45
2011-09-13,,,,37.63
2011-09-14,,,,35.03
2011-09-15,,,,32.79
2011-09-16,,,,32.52
2011-09-19,,,,34.6
2011-09-20,,,,34.49
2011-09-21,,,,37.76
2011-09-22,,,,43.49
2011-09-23,,,,42.66
2011-09-26,,,,40.17
2011-09-27,,,,38.93
2011-09-28,,,,42.81
2011-09-29,,,,39.79
2011-09-30,,,,43.73
2011-10-03,,,,48.64
2011-10-04,,,,41.47
2011-10-05,,,,37.58
2011-10-06,,,,34.96
2011-10-07,,,,33.62
2011-10-10,,,,31.3
2011-10-11,,,,30.01
2011-10-12,,,,29.02
2011-10-13,,,,27.71
2011-10-14,,,,26.49
2011-10-17,,,,33.95
2011-10-18,,,,32.21
2011-10-19,,,,34.7
2011-10-20,,,,36.7
2011-10-21,,,,32.15
2011-10-24,,,,30.19
2011-10-25,,,,33.57
2011-10-26,,,,30.33
2011-10-27,,,,24.95
2011-10-28,,,,23.03
2011-10-31,,,,30.88
2011-11-01,,,,36.72
2011-11-02,,,,33.06
2011-11-03,,,,29.5
2011-11-04,,,,28.43
2011-11-07,,,,28.39
2011-11-08,,,,24.57
2011-11-09,,,,38.14
2011-11-10,,,,32.13
2011-11-11,,,,28.03
2011-11-14,,,,31.23
2011-11-15,,,,31.57
2011-11-16,,,,34.12
2011-11-17,,,,32.62
2011-11-18,,,,30.26
2011-11-21,,,,33.34
2011-11-22,,,,31.03
2011-11-23,,,,33.6
2011-11-25,,,,33.95
2011-11-28,,,,31.88
2011-11-29,,,,30.4
2011-11-30,,,,27.43
2011-12-01,,,,27
2011-12-02,,,,27.78
2011-12-05,,,,28.84
2011-12-06,,,,28.5
2011-12-07,,,,30.19
2011-12-08,,,,31.62
2011-12-09,,,,24.44
2011-12-12,,,,25.99
2011-12-13,,,,25.63
2011-12-14,,,,25.62
2011-12-15,,,,24.07
2011-12-16,,,,22.76
2011-12-19,,,,23.16
2011-12-20,,,,21.55
2011-12-21,,,,20.62
2011-12-22,,,,19.72
2011-12-23,,,,17.81
2011-12-27,,,,20.6
2011-12-28,,,,22.42
2011-12-29,,,,19.42
2011-12-30,,,,19.36
2012-01-03,,,,20.63
2012-01-04,,,,19.32
2012-01-05,,,,18.25
2012-01-06,,,,17.01
2012-01-09,,,,17.61
2012-01-10,,,,17.48
2012-01-11,,,,17.12
2012-01-12,,,,16.65
2012-01-13,,,,17.69
2012-01-17,,,,22.07
2012-01-18,,,,20.67
2012-01-19,,,,17.41
2012-01-20,,,,16.12
2012-01-23,,,,18.12
2012-01-24,,,,18.08
2012-01-25,,,,17.36
2012-01-26,,,,16.4
2012-01-27,,,,16.63
2012-01-30,,,,18.47
2012-01-31,,,,18.44
2012-02-01,,,,16.87
2012-02-02,,,,15.78
2012-02-03,,,,15.34
2012-02-06,,,,16.64
2012-02-07,,,,16.11
2012-02-08,,,,16.33
2012-02-09,,,,16.56
2012-02-10,,,,19.66
2012-02-13,,,,18.45
2012-02-14,,,,19.23
2012-02-15,,,,21.26
2012-02-16,,,,17.12
2012-02-17,,,,16.23
2012-02-21,,,,17.44
2012-02-22,,,,17.09
2012-02-23,,,,14.83
2012-02-24,,,,15.09
2012-02-27,,,,16.94
2012-02-28,,,,16.57
2012-02-29,,,,16.85
2012-03-01,,,,15.06
2012-03-02,,,,14.44
2012-03-05,,,,15.98
2012-03-06,,,,20.1
2012-03-07,,,,17.37
2012-03-08,,,,16.98
2012-03-09,,,,15.3
2012-03-12,,,,15.54
2012-03-13,,,,16.35
2012-03-14,,,,16.72
2012-03-15,,,,14.29
2012-03-16,,,,13.47
2012-03-19,,,,14.62
2012-03-20,,,,15.31
2012-03-21,,,,15.37
2012-03-22,,,,15.9
2012-03-23,,,,14.33
2012-03-26,,,,14.3
2012-03-27,,,,15.43
2012-03-28,,,,14.93
2012-03-29,,,,14.55
2012-03-30,,,,14.2
2012-04-02,,,,14.77
2012-04-03,,,,14.36
2012-04-04,,,,12.92
2012-04-05,,,,14.7
2012-04-09,,,,17.87
2012-04-10,,,,19.84
2012-04-11,,,,18.69
2012-04-12,,,,15.99
2012-04-13,,,,19.07
2012-04-16,,,,20.13
2012-04-17,,,,18.84
2012-04-18,,,,18.85
2012-04-19,,,,18.09
2012-04-20,,,,16.85
2012-04-23,,,,19.1
2012-04-24,,,,17.87
2012-04-25,,,,16.14
2012-04-26,,,,14.7
2012-04-27,,,,14.65
2012-04-30,,,,16.55
2012-05-01,,,,15.63
2012-05-02,,,,16.23
2012-05-03,,,,16.94
2012-05-04,,,,18.42
2012-05-07,,,,18.46
2012-05-08,,,,19.09
2012-05-09,,,,20.24
2012-05-10,,,,18.64
2012-05-11,,,,20.19
2012-05-14,,,,22.56
2012-05-15,,,,22.63
2012-05-16,,,,22.41
2012-05-17,,,,25.44
2012-05-18,,,,26.6
2012-05-21,,,,21.93
2012-05-22,,,,22.03
2012-05-23,,,,21.75
2012-05-24,,,,19.22
2012-05-25,,,,19.21
2012-05-29,,,,19.48
2012-05-30,,,,23.39
2012-05-31,,,,22.41
2012-06-01,,,,26.2
2012-06-04,,,,24.67
2012-06-05,,,,23.17
2012-06-06,,,,19.31
2012-06-07,,,,19.62
2012-06-08,,,,19.85
2012-06-11,,,,26.39
2012-06-12,,,,24.22
2012-06-13,,,,26.19
2012-06-14,,,,25.22
2012-06-15,,,,24.32
2012-06-18,,,,19.17
2012-06-19,,,,19.53
2012-06-20,,,,17.44
2012-06-21,,,,20.92
2012-06-22,,,,17.94
2012-06-25,,,,20.4
2012-06-26,,,,18.74
2012-06-27,,,,17.12
2012-06-28,,,,18.14
2012-06-29,,,,15.01
2012-07-02,,,,15.11
2012-07-03,,,,14.68
2012-07-05,,,,15.78
2012-07-06,,,,15.01
2012-07-09,,,,17.13
2012-07-10,,,,18.1
2012-07-11,,,,17.26
2012-07-12,,,,18.01
2012-07-13,,,,14.7
2012-07-16,,,,16.53
2012-07-17,,,,15.63
2012-07-18,,,,15
2012-07-19,,,,14.32
2012-07-20,,,,15.61
2012-07-23,,,,19.02
2012-07-24,,,,21.16
2012-07-25,,,,19.31
2012-07-26,,,,17.8
2012-07-27,,,,16.3
2012-07-30,,,,18.86
2012-07-31,,,,19.86
2012-08-01,,,,20.79
2012-08-02,,,,16.64
2012-08-03,,,,14.2
2012-08-06,,,,14.85
2012-08-07,,,,14.68
2012-08-08,,,,13.52
2012-08-09,,,,13
2012-08-10,,,,12.45
2012-08-13,,,,13.15
2012-08-14,,,,13.02
2012-08-15,,,,12.37
2012-08-16,,,,12.35
2012-08-17,,,,11.5
2012-08-20,,,,12.24
2012-08-21,,,,13.21
2012-08-22,,,,13.15
2012-08-23,,,,13.67
2012-08-24,,,,13.1
2012-08-27,,,,14.89
2012-08-28,,,,15.21
2012-08-29,,,,15.29
2012-08-30,,,,16.87
2012-08-31,,,,15.73
2012-09-04,,,,17.43
2012-09-05,,,,17.9
2012-09-06,,,,14.98
2012-09-07,,,,13.25
2012-09-10,,,,16.94
2012-09-11,,,,16.94
2012-09-12,,,,15.95
2012-09-13,,,,14.46
2012-09-14,,,,14.12
2012-09-17,,,,14.1
2012-09-18,,,,13.44
2012-09-19,,,,13.07
2012-09-20,,,,12.89
2012-09-21,,,,13.22
2012-09-24,,,,13.23
2012-09-25,,,,14.8
2012-09-26,,,,16.44
2012-09-27,,,,14.05
2012-09-28,,,,15.24
2012-10-01,,,,15.63
2012-10-02,,,,14.56
2012-10-03,,,,14.11
2012-10-04,,,,13.43
2012-10-05,,,,12.23
2012-10-08,,,,14.17
2012-10-09,,,,15.98
2012-10-10,,,,15.93
2012-10-11,,,,14.47
2012-10-12,,,,15.49
2012-10-15,,,,14.32
2012-10-16,,,,13.57
2012-10-17,,,,13.22
2012-10-18,,,,13.65
2012-10-19,,,,17.64
2012-10-22,,,,16.78
2012-10-23,,,,20.61
2012-10-24,,,,18.94
2012-10-25,,,,18.27
2012-10-26,,,,16.8
2012-10-31,,,,19.15
2012-11-01,,,,17.35
2012-11-02,,,,18.51
2012-11-05,,,,20.45
2012-11-06,,,,19.3
2012-11-07,,,,19.87
2012-11-08,,,,18.18
2012-11-09,,,,18.5
2012-11-12,,,,16.27
2012-11-13,,,,16.25
2012-11-14,,,,18.67
2012-11-15,,,,18.93
2012-11-16,,,,17.06
2012-11-19,,,,15.57
2012-11-20,,,,15.24
2012-11-21,,,,15.33
2012-11-23,,,,15.25
2012-11-26,,,,16.01
2012-11-27,,,,16.12
2012-11-28,,,,15.72
2012-11-29,,,,15.2
2012-11-30,,,,15.81
2012-12-03,,,,17.1
2012-12-04,,,,17.19
2012-12-05,,,,15.98
2012-12-06,,,,15.95
2012-12-07,,,,15.25
2012-12-10,,,,15.16
2012-12-11,,,,15.21
2012-12-12,,,,15.26
2012-12-13,,,,15.77
2012-12-14,,,,16.49
2012-12-17,,,,16.57
2012-12-18,,,,16.22
2012-12-19,,,,18.47
2012-12-20,,,,19.04
2012-12-21,,,,18.2
2012-12-24,,,,20.12
2012-12-26,,,,21.48
2012-12-27,,,,21.68
2012-12-28,,,,26.93
2012-12-31,,,,20.27
2013-01-02,,,,12.94
2013-01-03,,,,13.3
2013-01-04,,,,11.62
2013-01-07,,,,11.99
2013-01-08,,,,11.76
2013-01-09,,,,11.6
2013-01-10,,,,11.17
2013-01-11,,,,11.22
2013-01-14,,,,12.15
2013-01-15,,,,12.05
2013-01-16,,,,11.83
2013-01-17,,,,12.39
2013-01-18,,,,10.9
2013-01-22,,,,11.21
2013-01-23,,,,11.04
2013-01-24,,,,11.12
2013-01-25,,,,11.63
2013-01-28,,,,13.01
2013-01-29,,,,13.16
2013-01-30,,,,14.24
2013-01-31,,,,14.03
2013-02-01,,,,10.85
2013-02-04,,,,14.25
2013-02-05,,,,12.78
2013-02-06,,,,12.04
2013-02-07,,,,12.03
2013-02-08,,,,11.38
2013-02-11,,,,11.86
2013-02-12,,,,11.05
2013-02-13,,,,11.09
2013-02-14,,,,10.81
2013-02-15,,,,10.79
2013-02-19,,,,11.43
2013-02-20,,,,15.36
2013-02-21,,,,16.01
2013-02-22,,,,14.58
2013-02-25,,,,21.87
2013-02-26,,,,18.11
2013-02-27,,,,14.91
2013-02-28,,,,15.99
2013-03-01,,,,14.55
2013-03-04,,,,12.93
2013-03-05,,,,12.54
2013-03-06,,,,12.22
2013-03-07,,,,11.69
2013-03-08,,,,10.77
2013-03-11,,,,11.25
2013-03-12,,,,12.48
2013-03-13,,,,11.42
2013-03-14,,,,11.08
2013-03-15,,,,10.5
2013-03-18,,,,13.46
2013-03-19,,,,14.84
2013-03-20,,,,13.65
2013-03-21,,,,16.01
2013-03-22,,,,15.23
2013-03-25,,,,14.22
2013-03-26,,,,11.75
2013-03-27,,,,12.29
2013-03-28,,,,11.03
2013-04-01,,,,12.97
2013-04-02,,,,11.62
2013-04-03,,,,14.3
2013-04-04,,,,13.62
2013-04-05,,,,13.59
2013-04-08,,,,13.15
2013-04-09,,,,12.42
2013-04-10,,,,11.47
2013-04-11,,,,11.05
2013-04-12,,,,11.37
2013-04-15,,,,20.67
2013-04-16,,,,14.41
2013-04-17,,,,18.77
2013-04-18,,,,19.3
2013-04-19,,,,15.25
2013-04-22,,,,14.85
2013-04-23,,,,13.09
2013-04-24,,,,13.32
2013-04-25,,,,13
2013-04-26,,,,12.85
2013-04-29,,,,13.5
2013-04-30,,,,13.37
2013-05-01,,,,15.03
2013-05-02,,,,13.03
2013-05-03,,,,11.68
2013-05-06,,,,11.64
2013-05-07,,,,11.73
2013-05-08,,,,11.27
2013-05-09,,,,11.97
2013-05-10,,,,11.15
2013-05-13,,,,13.08
2013-05-14,,,,13.33
2013-05-15,,,,13.63
2013-05-16,,,,13.27
2013-05-17,,,,12.6
2013-05-20,,,,13.14
2013-05-21,,,,13.56
2013-05-22,,,,14.05
2013-05-23,,,,14.07
2013-05-24,,,,13.19
2013-05-28,,,,15.6
2013-05-29,,,,15.76
2013-05-30,,,,14.69
2013-05-31,,,,16.7
2013-06-03,,,,17.24
2013-06-04,,,,16.89
2013-06-05,,,,18.54
2013-06-06,,,,17.25
2013-06-07,,,,14.21
2013-06-10,,,,15.16
2013-06-11,,,,17.47
2013-06-12,,,,19.1
2013-06-13,,,,15.62
2013-06-14,,,,16.9
2013-06-17,,,,17.24
2013-06-18,,,,17.62
2013-06-19,,,,17.62
2013-06-20,,,,23.4
2013-06-21,,,,20.56
2013-06-24,,,,22.32
2013-06-25,,,,18.98
2013-06-26,,,,17.02
2013-06-27,,,,16.1
2013-06-28,,,,15.98
2013-07-01,,,,16.07
2013-07-02,,,,15.56
2013-07-03,,,,15.94
2013-07-05,,,,13.08
2013-07-08,,,,14.22
2013-07-09,,,,13.45
2013-07-10,,,,13.51
2013-07-11,,,,13.04
2013-07-12,,,,12.33
2013-07-15,,,,13.05
2013-07-16,,,,13.62
2013-07-17,,,,12.57
2013-07-18,,,,12.48
2013-07-19,,,,11.61
2013-07-22,,,,11.79
2013-07-23,,,,12.58
2013-07-24,,,,13.13
2013-07-25,,,,12.82
2013-07-26,,,,11.97
2013-07-29,,,,13.23
2013-07-30,,,,13.53
2013-07-31,,,,13.33
2013-08-01,,,,12.25
2013-08-02,,,,10.2
2013-08-05,,,,10.61
2013-08-06,,,,11.8
2013-08-07,,,,11.95
2013-08-08,,,,11.52
2013-08-09,,,,13.23
2013-08-12,,,,13.68
2013-08-13,,,,12.67
2013-08-14,,,,13.28
2013-08-15,,,,16.43
2013-08-16,,,,15.71
2013-08-19,,,,15.49
2013-08-20,,,,14.27
2013-08-21,,,,15.21
2013-08-22,,,,12.99
2013-08-23,,,,11.82
2013-08-26,,,,13.93
2013-08-27,,,,16.04
2013-08-28,,,,15.47
2013-08-29,,,,15.41
2013-08-30,,,,15.87
2013-09-03,,,,15.97
2013-09-04,,,,14.28
2013-09-05,,,,14.38
2013-09-06,,,,14.57
2013-09-09,,,,15.01
2013-09-10,,,,13.35
2013-09-11,,,,12.31
2013-09-12,,,,13.03
2013-09-13,,,,12.6
2013-09-16,,,,14.04
2013-09-17,,,,14.49
2013-09-18,,,,13.4
2013-09-19,,,,12.03
2013-09-20,,,,12.42
2013-09-23,,,,13.97
2013-09-24,,,,13.75
2013-09-25,,,,13.79
2013-09-26,,,,14.12
2013-09-27,,,,16.22
2013-09-30,,,,17.73
2013-10-01,,,,14.67
2013-10-02,,,,15.81
2013-10-03,,,,17.58
2013-10-04,,,,16.62
2013-10-07,,,,20.18
2013-10-08,,,,21.87
2013-10-09,,,,20.39
2013-10-10,,,,17.34
2013-10-11,,,,16.8
2013-10-14,,,,19.1
2013-10-15,,,,23.54
2013-10-16,,,,16.18
2013-10-17,,,,12.93
2013-10-18,,,,12.91
2013-10-21,,,,12.79
2013-10-22,,,,12.73
2013-10-23,,,,12.37
2013-10-24,,,,11.95
2013-10-25,,,,11.59
2013-10-28,,,,12.03
2013-10-29,,,,12.57
2013-10-30,,,,12.98
2013-10-31,,,,12.62
2013-11-01,,,,12.1
2013-11-04,,,,11.81
2013-11-05,,,,12.14
2013-11-06,,,,11.61
2013-11-07,,,,13.19
2013-11-08,,,,11.97
2013-11-11,,,,12.63
2013-11-12,,,,13.02
2013-11-13,,,,12.75
2013-11-14,,,,11.69
2013-11-15,,,,11.16
2013-11-18,,,,11.8
2013-11-19, 11.90, 12.65, 11.69, 11.87
2013-11-20, 11.76, 12.35, 9.75, 12.03
2013-11-21, 11.98, 11.98, 10.71, 10.71
2013-11-22, 10.70, 11.00, 10.27, 10.34
2013-11-25, 11.67, 11.97, 11.19, 11.52
2013-11-26, 11.36, 11.94, 11.13, 11.55
2013-11-27, 11.35, 11.92, 11.04, 11.66
2013-11-29, 11.79, 13.59, 11.79, 13.59
2013-12-02, 13.99, 14.65, 13.61, 14.30
2013-12-03, 15.07, 15.68, 14.43, 14.68
2013-12-04, 15.24, 16.72, 13.99, 14.71
2013-12-05, 15.22, 16.07, 14.79, 15.42
2013-12-06, 13.32, 13.33, 12.69, 12.70
2013-12-09, 14.16, 14.26, 13.50, 13.52
2013-12-10, 14.20, 14.87, 14.01, 14.65
2013-12-11, 14.87, 17.37, 14.86, 17.36
2013-12-12, 17.43, 17.81, 16.24, 16.61
2013-12-13, 16.00, 17.26, 15.78, 17.23
2013-12-16, 17.15, 17.33, 16.75, 17.12
2013-12-17, 17.00, 17.65, 16.36, 17.06
2013-12-18, 17.03, 17.94, 12.64, 12.95
2013-12-19, 11.97, 12.89, 11.35, 12.78
2013-12-20, 11.35, 12.91, 11.16, 12.73
2013-12-23, 12.73, 12.96, 11.92, 12.23
2013-12-24, 11.60, 11.78, 11.11, 11.11
2013-12-26, 11.49, 11.67, 10.60, 10.92
2013-12-27, 11.12, 12.20, 11.12, 11.48
2013-12-30, 12.51, 13.23, 12.50, 12.99
2013-12-31, 12.89, 14.67, 12.74, 13.75
2014-01-02, 14.52, 14.87, 13.82, 13.83
2014-01-03, 13.59, 13.63, 12.17, 12.17
2014-01-06, 12.46, 13.53, 12.04, 12.51
2014-01-07, 12.66, 12.71, 11.39, 11.57
2014-01-08, 11.95, 12.08, 11.59, 11.62
2014-01-09, 11.67, 12.27, 11.55, 11.75
2014-01-10, 10.95, 11.55, 9.97, 9.97
2014-01-13, 11.36, 13.76, 10.97, 13.09
2014-01-14, 12.62, 12.62, 11.11, 11.31
2014-01-15, 10.86, 11.16, 10.47, 10.64
2014-01-16, 11.05, 11.49, 10.82, 11.09
2014-01-17, 10.90, 11.76, 10.50, 11.46
2014-01-21, 12.03, 13.54, 12.03, 12.46
2014-01-22, 12.23, 12.96, 12.11, 12.30
2014-01-23, 13.51, 15.67, 13.51, 14.21
2014-01-24, 15.93, 21.17, 15.83, 20.84
2014-01-27, 19.96, 21.85, 18.42, 19.04
2014-01-28, 18.98, 18.98, 17.05, 17.29
2014-01-29, 20.76, 21.06, 17.57, 19.40
2014-01-30, 17.70, 18.37, 16.31, 17.95
2014-01-31, 20.02, 20.11, 17.73, 19.32
2014-02-03, 20.39, 24.23, 18.91, 23.95
2014-02-04, 21.78, 21.91, 19.36, 20.37
2014-02-05, 21.23, 22.97, 20.35, 21.30
2014-02-06, 20.14, 20.14, 18.03, 18.67
2014-02-07, 16.18, 16.54, 14.36, 14.51
2014-02-10, 15.11, 15.31, 13.77, 14.22
2014-02-11, 14.29, 14.29, 12.45, 13.04
2014-02-12, 12.86, 13.38, 12.41, 12.67
2014-02-13, 14.27, 14.27, 11.96, 12.06
2014-02-14, 12.14, 12.14, 10.76, 10.84
2014-02-18, 12.74, 13.30, 12.07, 12.18
2014-02-19, 12.69, 14.07, 12.15, 13.90
2014-02-20, 13.68, 14.36, 13.12, 13.25
2014-02-21, 13.08, 13.39, 12.60, 13.04
2014-02-24, 14.32, 14.32, 13.24, 13.55
2014-02-25, 13.34, 14.44, 12.81, 12.86
2014-02-26, 12.93, 13.84, 12.49, 13.27
2014-02-27, 13.44, 13.76, 12.42, 12.42
2014-02-28, 12.74, 14.21, 12.11, 13.03
2014-03-03, 17.12, 17.74, 15.27, 16.21
2014-03-04, 13.56, 13.69, 12.84, 13.22
2014-03-05, 13.18, 13.52, 12.49, 12.49
2014-03-06, 12.49, 13.32, 12.49, 13.08
2014-03-07, 12.09, 13.72, 12.09, 12.74
2014-03-10, 14.57, 15.03, 13.11, 13.14
2014-03-11, 13.40, 14.57, 12.77, 14.13
2014-03-12, 15.35, 15.76, 13.84, 13.85
2014-03-13, 13.79, 18.16, 13.65, 17.21
2014-03-14, 18.30, 21.44, 17.20, 20.64
2014-03-17, 18.34, 18.34, 15.87, 15.87
2014-03-18, 15.35, 15.54, 13.50, 14.23
2014-03-19, 14.26, 16.36, 11.79, 15.00
2014-03-20, 15.29, 15.64, 14.15, 14.22
2014-03-21, 12.92, 15.12, 12.65, 14.70
2014-03-24, 14.88, 17.44, 14.72, 15.30
2014-03-25, 13.94, 15.40, 13.24, 13.87
2014-03-26, 13.23, 15.76, 13.10, 15.56
2014-03-27, 15.33, 16.46, 14.87, 15.17
2014-03-28, 14.28, 15.31, 13.60, 14.41
2014-03-31, 14.09, 14.33, 13.27, 13.75
2014-04-01, 13.09, 13.34, 12.24, 12.29
2014-04-02, 12.39, 12.63, 11.88, 12.13
2014-04-03, 12.07, 12.78, 11.91, 12.53
2014-04-04, 11.63, 14.33, 11.31, 13.18
2014-04-07, 15.21, 17.12, 14.58, 16.08
2014-04-08, 16.16, 17.03, 14.37, 14.51
2014-04-09, 14.47, 15.07, 12.48, 12.69
2014-04-10, 13.15, 17.36, 12.73, 16.50
2014-04-11, 17.97, 18.74, 16.27, 17.64
2014-04-14, 16.44, 17.91, 15.95, 16.00
2014-04-15, 16.05, 18.31, 15.03, 15.03
2014-04-16, 14.07, 15.20, 13.30, 13.52
2014-04-17, 13.30, 13.55, 11.30, 11.68
2014-04-21, 14.03, 14.14, 12.94, 12.99
2014-04-22, 12.81, 13.11, 12.44, 12.51
2014-04-23, 12.69, 13.41, 12.61, 12.67
2014-04-24, 12.76, 14.16, 12.76, 13.27
2014-04-25, 14.07, 15.44, 13.42, 13.94
2014-04-28, 14.33, 16.48, 13.87, 14.08
2014-04-29, 13.89, 14.64, 13.39, 13.63
2014-04-30, 14.10, 14.37, 12.63, 12.73
2014-05-01, 12.88, 13.08, 11.93, 12.58
2014-05-02, 12.32, 12.66, 11.19, 11.23
2014-05-05, 13.42, 13.78, 11.93, 12.25
2014-05-06, 12.83, 13.23, 12.13, 13.19
2014-05-07, 12.70, 14.39, 12.53, 12.82
2014-05-08, 13.03, 13.26, 12.01, 12.51
2014-05-09, 12.61, 13.34, 11.06, 11.17
2014-05-12, 11.61, 11.87, 10.98, 11.20
2014-05-13, 11.35, 11.41, 10.50, 10.75
2014-05-14, 10.88, 11.51, 10.44, 11.16
2014-05-15, 11.38, 14.09, 11.38, 13.35
2014-05-16, 12.62, 13.78, 10.95, 11.00
2014-05-19, 12.50, 12.61, 10.96, 11.01
2014-05-20, 11.24, 12.73, 10.91, 12.21
2014-05-21, 11.18, 11.42, 10.43, 10.47
2014-05-22, 10.39, 10.86, 9.97, 10.27
2014-05-23, 10.42, 10.55, 9.47, 9.49
2014-05-27, 10.95, 11.43, 10.56, 10.65
2014-05-28, 10.81, 11.20, 10.46, 10.58
2014-05-29, 10.45, 10.90, 10.31, 10.31
2014-05-30, 10.43, 10.58, 9.72, 9.73
2014-06-02, 10.57, 11.34, 9.91, 10.47
2014-06-03, 10.82, 11.13, 10.16, 11.01
2014-06-04, 11.29, 11.74, 11.13, 11.59
2014-06-05, 11.52, 11.85, 10.38, 10.88
2014-06-06, 9.94, 10.15, 9.25, 9.25
2014-06-09, 10.48, 10.54, 9.75, 9.77
2014-06-10, 10.22, 10.45, 9.46, 9.52
2014-06-11, 10.23, 10.60, 9.84, 10.45
2014-06-12, 10.63, 12.51, 10.50, 11.99
2014-06-13, 11.90, 12.23, 11.39, 11.48
2014-06-16, 12.98, 13.15, 12.09, 12.54
2014-06-17, 12.78, 12.93, 12.05, 12.68
2014-06-18, 12.86, 12.90, 10.50, 10.55
2014-06-19, 10.18, 10.41, 9.50, 10.07
2014-06-20, 9.82, 10.53, 9.69, 10.33
2014-06-23, 11.38, 11.62, 9.03, 10.27
2014-06-24, 10.37, 12.63, 9.51, 12.01
2014-06-25, 12.68, 12.70, 10.79, 11.11
2014-06-26, 11.04, 12.79, 11.00, 11.26
2014-06-27, 11.31, 11.67, 10.56, 10.65
2014-06-30, 11.32, 11.67, 10.69, 11.17
2014-07-01, 10.60, 10.70, 9.89, 10.05
2014-07-02, 10.01, 10.17, 9.25, 9.42
2014-07-03, 8.52, 9.40, 8.44, 8.54
2014-07-07, 9.56, 10.64, 9.56, 10.47
2014-07-08, 10.85, 12.63, 10.50, 11.64
2014-07-09, 11.21, 11.64, 10.45, 10.48
2014-07-10, 13.53, 13.58, 11.54, 12.08
2014-07-11, 11.91, 12.39, 11.09, 11.15
2014-07-14, 11.02, 11.26, 10.48, 10.62
2014-07-15, 10.42, 11.96, 10.26, 11.08
2014-07-16, 9.97, 10.79, 9.81, 10.26
2014-07-17, 11.07, 17.47, 9.49, 16.23
2014-07-18, 13.50, 14.12, 11.99, 12.05
2014-07-21, 13.90, 14.65, 12.70, 12.95
2014-07-22, 11.49, 11.79, 11.19, 11.54
2014-07-23, 10.99, 11.73, 10.76, 10.83
2014-07-24, 10.49, 11.28, 10.49, 10.88
2014-07-25, 11.17, 12.31, 11.17, 11.84
2014-07-28, 12.98, 14.22, 11.78, 12.02
2014-07-29, 11.58, 13.65, 10.96, 13.47
2014-07-30, 12.38, 14.97, 12.26, 13.29
2014-07-31, 15.10, 19.99, 14.83, 19.59
2014-08-01, 18.90, 20.06, 16.95, 19.01
2014-08-04, 18.08, 18.40, 14.15, 14.87
2014-08-05, 15.72, 18.00, 14.74, 17.18
2014-08-06, 17.88, 17.94, 15.31, 16.25
2014-08-07, 15.26, 18.18, 14.94, 16.76
2014-08-08, 17.09, 17.57, 15.31, 15.39
2014-08-11, 15.69, 15.71, 13.95, 14.84
2014-08-12, 15.20, 15.44, 14.35, 14.49
2014-08-13, 13.33, 13.84, 12.51, 12.63
2014-08-14, 12.31, 12.74, 11.77, 12.29
2014-08-15, 11.56, 17.06, 11.55, 14.34
2014-08-18, 13.60, 13.69, 11.86, 12.07
2014-08-19, 11.58, 11.97, 10.90, 11.00
2014-08-20, 11.20, 11.31, 10.32, 10.80
2014-08-21, 11.04, 11.40, 10.77, 10.94
2014-08-22, 11.01, 12.20, 10.08, 10.08
2014-08-25, 10.26, 10.74, 10.10, 10.42
2014-08-26, 10.30, 10.51, 9.85, 10.14
2014-08-27, 9.99, 10.45, 9.81, 9.89
2014-08-28, 10.81, 11.46, 10.27, 10.34
2014-08-29, 10.23, 11.11, 9.89, 10.00
2014-09-02, 10.80, 11.43, 10.20, 10.32
2014-09-03, 9.85, 11.03, 9.85, 10.83
2014-09-04, 10.87, 12.31, 10.22, 11.80
2014-09-05, 11.20, 12.20, 10.26, 10.27
2014-09-08, 12.42, 12.55, 11.66, 12.05
2014-09-09, 12.72, 14.08, 12.21, 13.33
2014-09-10, 13.94, 14.64, 12.71, 12.74
2014-09-11, 14.15, 14.16, 12.05, 12.07
2014-09-12, 12.15, 15.09, 12.15, 13.28
2014-09-15, 14.58, 15.71, 14.56, 15.27
2014-09-16, 16.25, 16.29, 13.12, 13.21
2014-09-17, 13.10, 14.04, 10.62, 11.81
2014-09-18, 11.32, 11.52, 10.85, 11.05
2014-09-19, 10.09, 11.56, 10.02, 10.41
2014-09-22, 12.39, 14.15, 12.39, 13.46
2014-09-23, 15.06, 15.70, 13.59, 15.60
2014-09-24, 14.83, 15.64, 12.56, 12.89
2014-09-25, 13.62, 17.85, 13.57, 15.94
2014-09-26, 15.82, 16.46, 13.46, 15.04
2014-09-29, 19.24, 19.40, 15.62, 16.11
2014-09-30, 15.86, 17.36, 14.96, 16.76
2014-10-01, 16.92, 18.67, 16.16, 16.72
2014-10-02, 16.91, 18.64, 15.73, 15.93
2014-10-03, 14.43, 15.04, 13.81, 13.86
2014-10-06, 14.12, 16.14, 13.99, 15.31
2014-10-07, 16.39, 17.85, 15.84, 16.90
2014-10-08, 17.93, 18.62, 14.57, 14.59
2014-10-09, 15.50, 22.55, 15.12, 21.62
2014-10-10, 20.43, 23.04, 18.65, 21.95
2014-10-13, 23.29, 27.25, 21.41, 27.22
2014-10-14, 26.16, 26.93, 23.15, 24.61
2014-10-15, 30.18, 39.62, 26.95, 31.12
2014-10-16, 35.60, 35.63, 29.27, 30.48
2014-10-17, 25.29, 26.98, 22.37, 23.81
2014-10-20, 25.82, 25.96, 19.38, 19.45
2014-10-21, 18.13, 18.30, 16.38, 16.38
2014-10-22, 16.57, 19.49, 15.88, 18.36
2014-10-23, 15.77, 17.72, 15.29, 16.12
2014-10-24, 16.52, 17.88, 14.76, 14.76
2014-10-27, 17.93, 18.54, 16.01, 16.09
2014-10-28, 15.97, 16.02, 14.39, 14.39
2014-10-29, 15.00, 17.06, 14.23, 14.90
2014-10-30, 15.12, 15.70, 11.56, 14.00
2014-10-31, 13.80, 15.02, 13.64, 13.80
2014-11-03, 14.55, 15.36, 14.31, 14.77
2014-11-04, 15.02, 15.97, 14.73, 14.81
2014-11-05, 13.90, 14.55, 13.28, 13.35
2014-11-06, 13.71, 14.45, 12.65, 12.65
2014-11-07, 12.54, 13.16, 11.09, 11.13
2014-11-10, 11.65, 13.03, 11.32, 11.32
2014-11-11, 11.77, 12.06, 11.29, 11.54
2014-11-12, 13.14, 16.44, 11.38, 11.39
2014-11-13, 11.80, 12.81, 11.13, 11.97
2014-11-14, 11.72, 12.88, 11.30, 11.35
2014-11-17, 12.79, 12.84, 11.40, 11.42
2014-11-18, 11.20, 11.51, 10.43, 11.49
2014-11-19, 11.46, 12.37, 10.78, 11.42
2014-11-20, 12.15, 12.19, 10.78, 10.91
2014-11-21, 10.81, 11.59, 10.42, 10.45
2014-11-24, 11.56, 11.85, 11.00, 11.15
2014-11-25, 11.11, 11.84, 10.80, 10.81
2014-11-26, 11.00, 11.57, 10.82, 11.12
2014-11-28, 11.81, 13.48, 11.50, 12.98
2014-12-01, 14.34, 15.39, 14.04, 14.63
2014-12-02, 14.20, 14.24, 12.56, 12.57
2014-12-03, 12.53, 12.69, 11.87, 12.16
2014-12-04, 12.30, 13.10, 11.69, 11.88
2014-12-05, 11.53, 12.62, 10.32, 10.70
2014-12-08, 13.16, 17.84, 11.74, 15.47
2014-12-09, 18.93, 20.62, 15.15, 15.27
2014-12-10, 15.90, 27.23, 15.90, 21.71
2014-12-11, 20.10, 22.08, 16.93, 22.08
2014-12-12, 23.28, 26.12, 19.88, 23.82
2014-12-15, 21.16, 25.47, 20.23, 21.16
2014-12-16, 23.22, 24.45, 18.54, 24.25
2014-12-17, 23.80, 24.56, 17.70, 18.04
2014-12-18, 15.94, 16.34, 14.06, 14.46
2014-12-19, 14.23, 14.57, 13.02, 13.77
2014-12-22, 14.34, 14.64, 12.47, 12.70
2014-12-23, 11.87, 12.43, 10.93, 11.10
2014-12-24, 10.92, 11.01, 9.94, 10.35
2014-12-26, 11.45, 12.54, 11.12, 12.09
2014-12-29, 14.72, 14.84, 12.47, 12.79
2014-12-30, 13.98, 14.28, 13.18, 13.86
2014-12-31, 13.65, 20.12, 13.62, 18.95
2015-01-02, 16.85, 20.19, 16.01, 16.47
2015-01-05, 19.34, 21.71, 19.26, 19.45
2015-01-06, 19.88, 22.96, 18.62, 20.53
2015-01-07, 18.59, 19.58, 17.52, 17.59
2015-01-08, 15.97, 16.37, 15.04, 15.04
2015-01-09, 13.89, 17.26, 13.89, 15.20
2015-01-12, 16.86, 20.10, 16.81, 18.20
2015-01-13, 16.45, 21.18, 15.65, 19.63
2015-01-14, 23.55, 23.77, 21.20, 21.23
2015-01-15, 21.69, 25.23, 21.20, 23.73
2015-01-16, 23.98, 24.91, 21.48, 21.48
2015-01-20, 22.56, 24.84, 21.87, 21.94
2015-01-21, 22.62, 23.39, 20.19, 20.36
2015-01-22, 19.00, 20.77, 15.20, 15.58
2015-01-23, 16.34, 16.89, 14.47, 16.08
2015-01-26, 17.47, 18.20, 14.89, 14.89
2015-01-27, 18.22, 19.12, 16.39, 17.56
2015-01-28, 17.11, 27.85, 17.00, 21.78
2015-01-29, 21.59, 22.97, 18.78, 18.78
2015-01-30, 20.69, 22.76, 19.54, 21.17
2015-02-02, 21.47, 24.12, 19.14, 19.39
2015-02-03, 18.17, 18.90, 16.45, 16.54
2015-02-04, 17.22, 17.49, 15.41, 17.48
2015-02-05, 16.28, 16.48, 15.31, 15.31
2015-02-06, 14.69, 16.97, 13.79, 14.93
2015-02-09, 18.13, 18.14, 16.37, 16.88
2015-02-10, 15.62, 16.54, 14.66, 15.20
2015-02-11, 15.19, 15.87, 14.28, 14.28
2015-02-12, 13.36, 13.93, 12.36, 12.36
2015-02-13, 12.61, 12.80, 11.76, 11.76
2015-02-17, 14.11, 14.86, 12.95, 13.55
2015-02-18, 14.18, 14.25, 12.39, 12.40
2015-02-19, 13.18, 13.47, 12.20, 12.34
2015-02-20, 13.01, 13.66, 11.74, 11.74
2015-02-23, 13.43, 13.68, 12.15, 12.16
2015-02-24, 12.20, 12.54, 10.60, 10.94
2015-02-25, 11.10, 12.18, 10.44, 11.64
2015-02-26, 11.56, 12.37, 11.18, 11.38
2015-02-27, 11.67, 11.88, 10.60, 10.60
2015-03-02, 11.86, 11.90, 10.71, 10.85
2015-03-03, 11.35, 12.99, 11.21, 11.81
2015-03-04, 12.54, 14.02, 12.12, 12.28
2015-03-05, 12.24, 12.87, 11.97, 12.16
2015-03-06, 13.16, 15.16, 12.64, 14.31
2015-03-09, 15.64, 15.64, 13.95, 14.20
2015-03-10, 16.34, 16.95, 15.62, 16.72
2015-03-11, 16.39, 17.13, 16.12, 16.78
2015-03-12, 16.28, 16.28, 14.95, 15.04
2015-03-13, 14.93, 16.90, 14.92, 15.25
2015-03-16, 15.78, 16.30, 15.53, 16.15
2015-03-17, 16.95, 17.48, 16.22, 16.72
2015-03-18, 17.74, 18.40, 13.36, 13.85
2015-03-19, 14.16, 14.58, 12.66, 12.89
2015-03-20, 12.20, 12.21, 10.55, 10.73
2015-03-23, 12.00, 12.03, 11.33, 12.03
2015-03-24, 11.99, 12.37, 10.67, 12.24
2015-03-25, 12.13, 15.43, 12.05, 15.28
2015-03-26, 17.04, 18.01, 15.43, 15.92
2015-03-27, 15.89, 16.04, 14.64, 14.69
2015-03-30, 14.98, 14.98, 14.01, 14.31
2015-03-31, 15.31, 15.89, 13.51, 15.50
2015-04-01, 15.22, 17.26, 14.18, 14.29
2015-04-02, 14.54, 14.75, 13.11, 13.91
2015-04-06, 15.99, 16.06, 13.68, 14.16
2015-04-07, 13.88, 14.05, 12.96, 13.90
2015-04-08, 13.81, 14.02, 12.80, 12.80
2015-04-09, 13.04, 13.56, 11.41, 11.41
2015-04-10, 11.50, 11.56, 9.91, 9.91
2015-04-13, 11.28, 12.79, 10.95, 12.49
2015-04-14, 12.60, 13.44, 11.64, 11.72
2015-04-15, 11.56, 11.59, 10.51, 10.59
2015-04-16, 11.21, 11.65, 10.45, 10.74
2015-04-17, 12.60, 14.44, 12.21, 12.91
2015-04-20, 13.20, 13.20, 11.83, 12.62
2015-04-21, 11.99, 12.96, 11.90, 12.58
2015-04-22, 12.30, 13.50, 11.80, 11.83
2015-04-23, 12.49, 12.49, 11.28, 11.84
2015-04-24, 11.52, 12.11, 10.83, 10.86
2015-04-27, 11.75, 13.07, 11.75, 12.72
2015-04-28, 12.90, 14.19, 11.81, 11.87
2015-04-29, 13.54, 14.99, 12.49, 13.26
2015-04-30, 13.87, 16.07, 12.94, 15.06
2015-05-01, 13.98, 14.09, 11.75, 11.77
2015-05-04, 12.84, 13.37, 11.90, 12.01
2015-05-05, 12.74, 14.75, 12.04, 14.64
2015-05-06, 14.11, 17.80, 14.01, 16.05
2015-05-07, 16.48, 17.09, 15.27, 15.59
2015-05-08, 12.54, 12.54, 11.13, 11.32
2015-05-11, 12.82, 13.41, 12.11, 13.41
2015-05-12, 14.93, 15.67, 13.41, 13.82
2015-05-13, 13.28, 14.06, 12.43, 13.49
2015-05-14, 12.41, 12.74, 11.48, 11.59
2015-05-15, 11.12, 12.11, 10.68, 10.77
2015-05-18, 11.74, 11.99, 10.70, 11.01
2015-05-19, 11.22, 11.74, 10.49, 11.15
2015-05-20, 11.17, 11.65, 10.24, 10.48
2015-05-21, 11.04, 11.05, 9.80, 9.95
2015-05-22, 10.44, 10.51, 9.46, 9.60
2015-05-26, 12.47, 14.27, 12.13, 13.32
2015-05-27, 13.51, 13.86, 11.62, 11.93
2015-05-28, 12.39, 13.63, 12.22, 12.23
2015-05-29, 12.73, 14.42, 12.65, 13.67
2015-06-01, 14.05, 15.66, 12.96, 13.85
2015-06-02, 14.74, 15.54, 12.89, 13.99
2015-06-03, 13.04, 13.90, 12.34, 12.70
2015-06-04, 14.65, 16.28, 13.61, 15.02
2015-06-05, 15.24, 16.29, 13.68, 13.70
2015-06-08, 15.78, 16.24, 15.39, 15.89
2015-06-09, 15.93, 16.39, 14.77, 15.05
2015-06-10, 14.69, 14.80, 12.92, 13.32
2015-06-11, 12.96, 13.04, 12.14, 12.38
2015-06-12, 13.05, 14.36, 13.01, 14.16
2015-06-15, 17.09, 17.47, 16.08, 16.68
2015-06-16, 16.97, 17.19, 16.26, 16.29
2015-06-17, 16.06, 17.27, 14.26, 15.22
2015-06-18, 14.33, 14.33, 12.37, 13.11
2015-06-19, 13.03, 14.32, 12.67, 14.32
2015-06-22, 14.33, 14.33, 12.53, 13.15
2015-06-23, 12.64, 12.95, 11.90, 12.17
2015-06-24, 12.95, 14.81, 12.10, 14.81
2015-06-25, 13.75, 15.34, 13.67, 15.13
2015-06-26, 15.26, 16.81, 14.43, 15.49
2015-06-29, 19.34, 23.54, 17.78, 22.56
2015-06-30, 20.84, 23.31, 20.44, 20.93
2015-07-01, 18.93, 19.20, 17.17, 17.23
2015-07-02, 16.19, 18.90, 16.15, 17.97
2015-07-06, 20.00, 20.07, 16.65, 16.65
2015-07-07, 17.06, 19.68, 15.57, 15.91
2015-07-08, 17.66, 21.64, 17.57, 20.96
2015-07-09, 18.12, 22.06, 17.90, 22.06
2015-07-10, 18.33, 19.11, 17.11, 17.24
2015-07-13, 15.62, 15.63, 13.23, 13.32
2015-07-14, 13.15, 13.28, 11.46, 12.18
2015-07-15, 12.26, 13.51, 11.04, 12.40
2015-07-16, 10.91, 10.93, 10.01, 10.35
2015-07-17, 10.02, 10.32, 9.58, 9.72
2015-07-20, 10.75, 11.35, 10.04, 11.10
2015-07-21, 11.23, 12.01, 11.00, 11.32
2015-07-22, 12.01, 12.07, 11.18, 11.20
2015-07-23, 11.29, 12.84, 11.00, 11.91
2015-07-24, 12.04, 15.55, 12.04, 13.05
2015-07-27, 16.53, 17.74, 15.66, 16.61
2015-07-28, 15.66, 16.59, 13.46, 13.62
2015-07-29, 14.06, 14.12, 11.80, 12.18
2015-07-30, 12.62, 13.75, 11.06, 11.06
2015-07-31, 10.94, 11.83, 10.49, 10.67
2015-08-03, 12.19, 13.75, 11.61, 12.12
2015-08-04, 12.21, 12.82, 11.72, 12.42
2015-08-05, 10.87, 12.00, 10.24, 11.51
2015-08-06, 11.42, 14.44, 11.33, 13.66
2015-08-07, 13.39, 14.65, 13.04, 13.04
2015-08-10, 12.76, 12.76, 11.35, 11.44
2015-08-11, 13.30, 15.10, 12.56, 14.13
2015-08-12, 16.61, 18.53, 13.88, 14.27
2015-08-13, 14.02, 14.98, 12.66, 13.63
2015-08-14, 13.52, 13.88, 11.77, 11.77
2015-08-17, 14.07, 14.49, 11.17, 11.29
2015-08-18, 11.68, 12.52, 11.23, 12.14
2015-08-19, 13.71, 15.68, 12.08, 14.34
2015-08-20, 16.71, 21.44, 15.96, 20.88
2015-08-21, 25.78, 39.30, 23.23, 38.96
2015-08-24, 38.96, 81.94, 36.50, 54.61
2015-08-25, 39.50, 47.51, 32.98, 44.92
2015-08-26, 38.53, 45.75, 35.48, 37.88
2015-08-27, 32.27, 34.61, 27.29, 28.89
2015-08-28, 29.51, 32.65, 27.11, 27.11
2015-08-31, 29.50, 31.83, 26.18, 28.26
2015-09-01, 33.06, 34.37, 29.31, 31.21
2015-09-02, 28.37, 29.41, 23.15, 24.26
2015-09-03, 23.75, 25.06, 21.55, 23.99
2015-09-04, 26.67, 29.40, 24.90, 26.88
2015-09-08, 25.55, 27.48, 24.36, 24.42
2015-09-09, 24.30, 29.10, 24.30, 27.90
2015-09-10, 28.62, 30.24, 26.11, 26.11
2015-09-11, 27.31, 28.02, 23.28, 23.43
2015-09-14, 26.41, 27.48, 25.26, 25.52
2015-09-15, 25.38, 25.87, 23.49, 24.62
2015-09-16, 24.82, 25.23, 23.12, 23.75
2015-09-17, 24.68, 26.04, 17.50, 22.25
2015-09-18, 23.95, 24.61, 21.20, 21.78
2015-09-21, 22.69, 23.06, 19.60, 19.61
2015-09-22, 24.21, 25.69, 23.12, 23.45
2015-09-23, 23.49, 24.00, 21.45, 22.46
2015-09-24, 25.03, 26.83, 22.63, 24.22
2015-09-25, 21.31, 24.78, 21.23, 22.89
2015-09-28, 26.69, 31.13, 25.61, 30.26
2015-09-29, 29.55, 31.06, 27.96, 28.56
2015-09-30, 26.24, 27.37, 24.48, 25.70
2015-10-01, 22.84, 24.94, 21.91, 21.93
2015-10-02, 24.14, 24.51, 19.21, 19.35
2015-10-05, 19.88, 20.61, 18.56, 19.02
2015-10-06, 18.82, 19.80, 17.74, 18.19
2015-10-07, 17.19, 18.54, 16.32, 16.39
2015-10-08, 16.96, 17.49, 15.06, 15.47
2015-10-09, 14.89, 16.58, 14.20, 14.27
2015-10-12, 16.17, 16.43, 14.51, 14.73
2015-10-13, 15.99, 16.66, 14.48, 16.53
2015-10-14, 16.45, 18.19, 15.93, 16.90
2015-10-15, 16.72, 17.22, 13.84, 13.85
2015-10-16, 13.70, 14.55, 12.86, 12.89
2015-10-19, 14.88, 15.26, 13.64, 13.87
2015-10-20, 14.79, 15.68, 13.94, 15.01
2015-10-21, 14.58, 16.70, 14.18, 16.67
2015-10-22, 15.19, 15.72, 13.10, 13.10
2015-10-23, 13.57, 14.57, 12.79, 13.15
2015-10-26, 14.61, 15.64, 14.53, 15.20
2015-10-27, 16.28, 16.75, 15.39, 16.31
2015-10-28, 16.12, 21.12, 14.02, 14.57
2015-10-29, 15.26, 16.15, 14.26, 14.54
2015-10-30, 14.55, 15.28, 13.31, 14.31
2015-11-02, 15.38, 15.38, 12.94, 13.68
2015-11-03, 13.92, 14.08, 12.84, 13.81
2015-11-04, 12.96, 15.75, 12.87, 14.76
2015-11-05, 14.81, 16.33, 14.20, 14.22
2015-11-06, 13.59, 15.40, 12.54, 12.60
2015-11-09, 14.88, 17.87, 14.75, 16.39
2015-11-10, 16.74, 17.20, 14.10, 14.29
2015-11-11, 14.16, 15.68, 14.08, 15.60
2015-11-12, 16.77, 18.39, 15.87, 18.39
2015-11-13, 18.77, 21.34, 18.20, 20.43
2015-11-16, 21.11, 21.20, 16.29, 16.81
2015-11-17, 16.50, 18.32, 15.32, 17.02
2015-11-18, 16.56, 16.58, 13.33, 13.33
2015-11-19, 13.37, 14.28, 13.16, 13.62
2015-11-20, 12.98, 13.44, 12.40, 12.40
2015-11-23, 14.83, 15.10, 13.45, 14.07
2015-11-24, 16.06, 17.06, 14.39, 14.54
2015-11-25, 14.49, 15.05, 14.14, 14.35
2015-11-27, 14.75, 15.80, 13.94, 14.21
2015-11-30, 15.19, 17.37, 15.15, 16.60
2015-12-01, 15.57, 16.78, 13.95, 13.99
2015-12-02, 14.54, 17.10, 13.96, 15.97
2015-12-03, 16.01, 20.57, 15.97, 18.71
2015-12-04, 17.42, 17.81, 13.64, 13.65
2015-12-07, 15.94, 18.07, 15.88, 16.00
2015-12-08, 19.02, 20.09, 17.52, 18.81
2015-12-09, 19.77, 22.99, 18.08, 22.07
2015-12-10, 21.48, 22.08, 19.16, 20.42
2015-12-11, 23.34, 29.88, 22.94, 28.00
2015-12-14, 30.71, 34.18, 25.28, 25.78
2015-12-15, 24.04, 24.04, 22.29, 23.05
2015-12-16, 22.38, 24.70, 17.87, 18.81
2015-12-17, 15.90, 19.50, 15.85, 18.88
2015-12-18, 18.91, 20.16, 18.22, 19.38
2015-12-21, 19.16, 19.53, 17.55, 17.55
2015-12-22, 16.34, 17.07, 14.73, 15.06
2015-12-23, 14.39, 14.95, 13.20, 13.64
2015-12-24, 13.55, 13.75, 12.97, 13.47
2015-12-28, 16.76, 17.42, 15.76, 15.79
2015-12-29, 14.73, 16.33, 14.35, 14.74
2015-12-30, 15.01, 16.22, 15.01, 15.96
2015-12-31, 16.94, 18.10, 16.19, 17.52
2016-01-04, 24.72, 25.79, 21.34, 21.93
2016-01-05, 21.73, 22.09, 19.08, 19.37
2016-01-06, 22.37, 22.77, 20.11, 20.60
2016-01-07, 24.16, 27.58, 23.63, 26.19
2016-01-08, 23.00, 28.30, 22.58, 27.98
2016-01-11, 26.68, 28.34, 23.47, 24.21
2016-01-12, 23.06, 23.75, 21.42, 22.30
2016-01-13, 21.48, 26.87, 21.08, 25.57
2016-01-14, 25.21, 27.53, 23.68, 24.63
2016-01-15, 32.10, 35.47, 28.96, 29.60
2016-01-19, 28.83, 32.52, 28.43, 30.43
2016-01-20, 34.12, 38.55, 31.27, 32.85
2016-01-21, 32.40, 33.67, 28.20, 29.99
2016-01-22, 26.17, 26.29, 22.55, 22.59
2016-01-25, 25.03, 26.32, 23.48, 26.04
2016-01-26, 25.75, 26.00, 24.06, 24.25
2016-01-27, 25.22, 26.85, 23.51, 24.51
2016-01-28, 23.40, 25.26, 22.79, 23.40
2016-01-29, 22.47, 22.48, 18.85, 19.37
2016-02-01, 21.62, 22.30, 19.25, 19.68
2016-02-02, 21.59, 23.06, 21.35, 22.19
2016-02-03, 21.71, 25.20, 21.67, 22.35
2016-02-04, 23.21, 23.97, 21.56, 21.75
2016-02-05, 21.70, 23.87, 21.56, 22.96
2016-02-08, 26.57, 28.88, 25.99, 26.40
2016-02-09, 29.78, 30.28, 26.01, 26.84
2016-02-10, 25.64, 26.25, 23.96, 25.53
2016-02-11, 29.57, 30.04, 27.16, 27.36
2016-02-12, 26.00, 26.49, 22.15, 22.71
2016-02-16, 23.96, 24.61, 21.56, 21.81
2016-02-17, 20.98, 21.54, 20.07, 20.27
2016-02-18, 20.25, 20.70, 18.71, 19.53
2016-02-19, 20.57, 21.15, 18.18, 18.22
2016-02-22, 19.54, 19.70, 17.80, 18.39
2016-02-23, 19.04, 21.16, 18.66, 20.69
2016-02-24, 22.59, 23.34, 20.47, 20.72
2016-02-25, 20.47, 21.37, 17.79, 17.79
2016-02-26, 17.69, 19.22, 17.69, 18.56
2016-02-29, 20.57, 20.78, 18.77, 20.36
2016-03-01, 19.60, 20.00, 16.92, 17.04
2016-03-02, 17.55, 18.18, 15.03, 15.78
2016-03-03, 16.24, 16.74, 15.53, 15.91
2016-03-04, 15.83, 16.72, 14.86, 15.86
2016-03-07, 18.60, 18.74, 17.14, 17.66
2016-03-08, 19.33, 19.73, 18.45, 19.17
2016-03-09, 19.20, 19.95, 18.72, 18.79
2016-03-10, 18.33, 19.86, 16.98, 17.66
2016-03-11, 16.37, 16.72, 15.18, 15.20
2016-03-14, 16.54, 17.19, 15.66, 15.99
2016-03-15, 16.97, 17.25, 16.21, 16.46
2016-03-16, 17.20, 17.20, 14.02, 14.07
2016-03-17, 14.40, 14.40, 12.44, 13.05
2016-03-18, 12.76, 13.00, 12.32, 12.47
2016-03-21, 14.01, 14.27, 12.47, 12.77
2016-03-22, 13.89, 14.12, 12.64, 13.14
2016-03-23, 13.47, 13.90, 13.17, 13.36
2016-03-24, 15.27, 15.42, 12.33, 12.35
2016-03-28, 14.59, 15.08, 13.50, 14.07
2016-03-29, 14.70, 14.94, 12.06, 12.17
2016-03-30, 12.15, 12.34, 11.39, 11.87
2016-03-31, 12.09, 12.79, 11.67, 12.25
2016-04-01, 13.82, 13.84, 10.72, 10.92
2016-04-04, 12.40, 12.89, 11.82, 12.50
2016-04-05, 14.23, 14.53, 13.48, 13.96
2016-04-06, 14.43, 14.69, 12.15, 12.56
2016-04-07, 14.09, 16.15, 13.40, 15.20
2016-04-08, 14.09, 14.53, 12.97, 13.59
2016-04-11, 14.28, 15.60, 13.64, 15.59
2016-04-12, 15.20, 16.02, 13.71, 13.71
2016-04-13, 13.59, 13.59, 12.30, 12.45
2016-04-14, 12.76, 12.91, 11.84, 12.32
2016-04-15, 12.52, 12.98, 12.18, 12.20
2016-04-18, 14.50, 14.50, 12.70, 12.86
2016-04-19, 12.96, 13.76, 12.69, 12.86
2016-04-20, 12.41, 13.04, 12.19, 12.80
2016-04-21, 12.90, 13.63, 12.78, 13.18
2016-04-22, 13.29, 13.43, 11.73, 11.93
2016-04-25, 14.07, 14.49, 13.53, 13.62
2016-04-26, 13.54, 14.06, 13.14, 13.50
2016-04-27, 14.12, 14.64, 12.42, 12.81
2016-04-28, 13.76, 15.05, 12.18, 14.55
2016-04-29, 15.33, 17.07, 14.77, 14.79
2016-05-02, 15.85, 15.90, 13.59, 13.77
2016-05-03, 15.48, 16.37, 14.60, 15.17
2016-05-04, 16.28, 16.72, 15.32, 15.47
2016-05-05, 15.40, 16.16, 15.02, 15.37
2016-05-06, 15.67, 15.74, 13.20, 13.38
2016-05-09, 14.85, 14.98, 13.51, 13.86
2016-05-10, 13.19, 13.32, 12.75, 12.80
2016-05-11, 12.71, 13.75, 12.55, 13.75
2016-05-12, 13.01, 15.16, 12.91, 13.46
2016-05-13, 13.75, 14.68, 12.66, 14.15
2016-05-16, 15.91, 15.91, 13.24, 13.59
2016-05-17, 14.00, 15.93, 13.50, 15.11
2016-05-18, 15.45, 16.50, 14.15, 15.34
2016-05-19, 16.32, 17.48, 15.28, 15.28
2016-05-20, 14.66, 14.66, 12.62, 12.73
2016-05-23, 14.49, 14.49, 13.15, 13.60
2016-05-24, 13.17, 13.22, 11.75, 11.91
2016-05-25, 11.73, 11.75, 11.24, 11.41
2016-05-26, 11.41, 11.83, 10.46, 10.46
2016-05-27, 10.69, 11.16, 9.73, 9.77
2016-05-31, 11.66, 13.05, 11.45, 11.85
2016-06-01, 12.86, 13.26, 11.60, 11.61
2016-06-02, 12.51, 12.73, 10.99, 11.01
2016-06-03, 11.47, 12.27, 9.97, 10.11
2016-06-06, 11.68, 12.01, 11.03, 11.26
2016-06-07, 11.27, 11.65, 10.98, 11.56
2016-06-08, 11.54, 11.68, 10.61, 10.89
2016-06-09, 12.05, 12.42, 11.90, 12.23
2016-06-10, 14.22, 16.37, 14.11, 15.83
2016-06-13, 19.94, 23.13, 19.17, 22.94
2016-06-14, 24.91, 25.46, 21.97, 23.35
2016-06-15, 23.45, 23.72, 18.71, 22.60
2016-06-16, 24.86, 26.94, 21.48, 21.89
2016-06-17, 22.16, 22.81, 21.21, 22.00
2016-06-20, 20.51, 22.59, 19.61, 22.21
2016-06-21, 21.90, 23.13, 21.45, 22.47
2016-06-22, 22.97, 27.93, 22.19, 27.86
2016-06-23, 22.96, 23.56, 20.89, 21.13
2016-06-24, 29.89, 31.34, 23.34, 30.71
2016-06-27, 30.04, 30.86, 24.08, 25.06
2016-06-28, 22.12, 22.12, 18.74, 19.08
2016-06-29, 17.64, 17.73, 14.97, 15.86
2016-06-30, 15.22, 15.50, 12.86, 14.05
2016-07-01, 13.11, 13.17, 11.82, 11.85
2016-07-05, 14.73, 15.33, 14.02, 14.19
2016-07-06, 15.44, 16.19, 13.15, 13.18
2016-07-07, 13.21, 14.37, 12.49, 13.11
2016-07-08, 11.74, 12.07, 11.15, 11.43
2016-07-11, 12.21, 12.76, 11.98, 12.23
2016-07-12, 11.60, 12.87, 11.60, 12.25
2016-07-13, 12.32, 12.61, 10.91, 11.11
2016-07-14, 11.76, 11.77, 10.61, 10.93
2016-07-15, 10.66, 10.91, 9.71, 10.26
2016-07-18, 11.68, 11.73, 10.93, 10.99
2016-07-19, 11.26, 11.80, 10.96, 11.02
2016-07-20, 10.80, 11.09, 10.24, 10.43
2016-07-21, 10.80, 12.24, 10.41, 11.50
2016-07-22, 11.33, 11.58, 10.02, 10.22
2016-07-25, 12.04, 13.09, 11.87, 11.93
2016-07-26, 12.24, 12.91, 11.83, 11.98
2016-07-27, 11.70, 13.09, 11.18, 11.61
2016-07-28, 11.84, 12.54, 11.32, 11.79
2016-07-29, 11.14, 11.50, 9.90, 10.01
2016-08-01, 11.33, 11.97, 10.72, 11.10
2016-08-02, 11.55, 13.53, 11.47, 12.35
2016-08-03, 12.65, 13.02, 11.10, 11.29
2016-08-04, 11.03, 11.46, 10.43, 10.80
2016-08-05, 9.92, 9.96, 9.00, 9.18
2016-08-08, 10.65, 10.65, 10.05, 10.10
2016-08-09, 9.87, 10.78, 9.36, 10.49
2016-08-10, 10.41, 11.27, 10.28, 10.68
2016-08-11, 10.32, 10.54, 9.67, 9.74
2016-08-12, 10.42, 10.42, 9.26, 9.54
2016-08-15, 10.44, 10.45, 9.62, 9.72
2016-08-16, 10.34, 11.21, 10.22, 10.87
2016-08-17, 10.98, 13.21, 10.57, 10.76
2016-08-18, 10.85, 11.16, 9.71, 9.90
2016-08-19, 10.37, 10.99, 9.25, 9.40
2016-08-22, 11.98, 12.14, 10.71, 10.95
2016-08-23, 10.39, 11.38, 10.18, 11.37
2016-08-24, 11.58, 13.81, 11.43, 12.67
2016-08-25, 13.34, 13.53, 12.21, 12.77
2016-08-26, 12.66, 14.09, 10.38, 12.10
2016-08-29, 13.32, 13.34, 11.10, 11.14
2016-08-30, 10.85, 11.90, 10.85, 11.21
2016-08-31, 11.30, 13.09, 11.20, 11.64
2016-09-01, 11.78, 13.79, 11.57, 11.89
2016-09-02, 9.71, 10.14, 9.02, 9.10
2016-09-06, 10.47, 11.18, 9.90, 9.98
2016-09-07, 10.23, 10.53, 9.80, 9.80
2016-09-08, 10.64, 11.15, 10.48, 10.99
2016-09-09, 12.94, 18.80, 12.92, 18.78
2016-09-12, 23.36, 23.51, 15.58, 16.03
2016-09-13, 17.71, 21.40, 17.53, 19.55
2016-09-14, 19.58, 19.88, 17.56, 19.38
2016-09-15, 18.93, 19.13, 16.39, 17.00
2016-09-16, 17.32, 17.86, 15.27, 15.27
2016-09-19, 16.03, 16.95, 15.24, 16.31
2016-09-20, 15.90, 17.38, 15.77, 17.22
2016-09-21, 16.13, 17.88, 12.63, 12.83
2016-09-22, 11.45, 11.66, 10.44, 10.79
2016-09-23, 11.35, 11.96, 10.76, 11.39
2016-09-26, 14.45, 15.82, 13.96, 15.67
2016-09-27, 15.92, 15.92, 12.70, 12.80
2016-09-28, 12.50, 13.50, 11.53, 11.72
2016-09-29, 12.03, 16.94, 11.21, 14.71
2016-09-30, 13.37, 14.31, 11.65, 12.37
2016-10-03, 13.93, 14.27, 12.80, 13.00
2016-10-04, 12.55, 14.45, 11.95, 12.95
2016-10-05, 12.38, 12.53, 11.59, 12.03
2016-10-06, 12.43, 13.04, 11.41, 11.47
2016-10-07, 11.32, 13.16, 11.23, 11.47
2016-10-10, 11.28, 11.43, 10.57, 10.81
2016-10-11, 11.53, 15.34, 11.53, 13.34
2016-10-12, 13.62, 14.27, 12.61, 13.16
2016-10-13, 15.20, 16.06, 13.68, 14.07
2016-10-14, 12.52, 13.38, 11.89, 12.94
2016-10-17, 14.38, 14.99, 13.69, 13.81
2016-10-18, 12.86, 13.30, 12.13, 12.45
2016-10-19, 11.77, 12.26, 11.36, 11.97
2016-10-20, 12.09, 12.30, 11.03, 11.07
2016-10-21, 11.94, 12.10, 10.56, 10.68
2016-10-24, 11.08, 11.57, 11.00, 11.35
2016-10-25, 11.73, 12.52, 11.57, 11.90
2016-10-26, 13.11, 13.61, 12.23, 12.58
2016-10-27, 12.56, 14.62, 12.56, 14.59
2016-10-28, 14.87, 18.64, 13.80, 16.69
2016-10-31, 19.23, 20.91, 18.92, 20.19
2016-11-01, 20.74, 25.76, 20.73, 22.86
2016-11-02, 24.15, 24.88, 23.25, 24.16
2016-11-03, 24.12, 28.77, 24.00, 27.90
2016-11-04, 27.95, 29.79, 27.21, 28.82
2016-11-07, 25.99, 25.99, 23.42, 24.67
2016-11-08, 26.36, 26.72, 22.54, 25.31
2016-11-09, 20.18, 20.28, 15.36, 15.36
2016-11-10, 14.12, 17.32, 13.10, 14.12
2016-11-11, 14.54, 15.70, 12.68, 12.84
2016-11-14, 13.93, 14.38, 12.30, 12.51
2016-11-15, 12.18, 12.19, 10.16, 10.64
2016-11-16, 11.44, 11.51, 9.30, 9.52
2016-11-17, 9.47, 9.75, 8.98, 9.38
2016-11-18, 9.60, 9.62, 8.61, 8.63
2016-11-21, 10.19, 10.39, 9.47, 10.00
2016-11-22, 10.04, 10.73, 9.97, 10.20
2016-11-23, 10.44, 10.87, 9.88, 10.06
2016-11-25, 10.92, 11.09, 10.33, 10.43
2016-11-28, 12.76, 12.89, 12.19, 12.86
2016-11-29, 13.05, 13.67, 12.21, 12.64
2016-11-30, 12.26, 13.51, 12.05, 13.23
2016-12-01, 13.25, 15.13, 13.21, 13.96
2016-12-02, 14.14, 14.21, 12.80, 13.64
2016-12-05, 12.97, 13.03, 11.41, 11.41
2016-12-06, 10.91, 11.43, 10.42, 10.84
2016-12-07, 10.61, 11.89, 9.95, 11.79
2016-12-08, 11.14, 13.05, 10.89, 12.92
2016-12-09, 12.46, 12.77, 10.96, 11.10
2016-12-12, 12.19, 12.61, 12.14, 12.25
2016-12-13, 12.02, 13.45, 12.02, 12.25
2016-12-14, 12.65, 13.09, 11.59, 12.84
2016-12-15, 12.50, 12.91, 11.53, 11.85
2016-12-16, 11.78, 11.99, 10.62, 10.67
2016-12-19, 11.38, 11.41, 9.91, 9.95
2016-12-20, 9.98, 9.99, 9.64, 9.85
2016-12-21, 9.42, 9.80, 9.31, 9.33
2016-12-22, 9.37, 9.87, 9.12, 9.34
2016-12-23, 9.60, 9.64, 8.89, 8.98
2016-12-27, 10.07, 10.31, 9.94, 10.22
2016-12-28, 10.16, 11.53, 10.08, 11.22
2016-12-29, 11.65, 12.21, 11.22, 11.64
2016-12-30, 11.73, 14.12, 11.56, 12.68
2017-01-03, 13.63, 13.69, 11.97, 11.99
2017-01-04, 11.49, 11.67, 10.38, 10.68
2017-01-05, 10.89, 10.94, 9.66, 9.95
2017-01-06, 9.70, 9.94, 9.06, 9.19
2017-01-09, 10.34, 10.51, 9.44, 9.44
2017-01-10, 9.43, 9.56, 8.88, 8.88
2017-01-11, 9.50, 10.07, 8.86, 8.88
2017-01-12, 9.57, 11.27, 9.17, 9.32
2017-01-13, 9.26, 9.27, 8.44, 8.99
2017-01-17, 10.97, 11.55, 10.55, 10.85
2017-01-18, 11.20, 11.69, 10.63, 11.29
2017-01-19, 10.91, 12.68, 10.85, 11.50
2017-01-20, 11.02, 11.71, 9.69, 9.72
2017-01-23, 11.31, 12.49, 10.75, 10.92
2017-01-24, 10.80, 10.89, 10.01, 10.08
2017-01-25, 10.08, 10.44, 9.74, 10.06
2017-01-26, 10.23, 10.48, 9.58, 9.71
2017-01-27, 9.88, 9.94, 9.11, 9.36
2017-01-30, 10.99, 13.15, 10.99, 11.66
2017-01-31, 12.27, 13.22, 11.70, 11.77
2017-02-01, 11.13, 12.09, 10.83, 12.04
2017-02-02, 12.40, 12.84, 10.85, 11.16
2017-02-03, 9.88, 10.16, 9.09, 9.19
2017-02-06, 10.89, 10.89, 9.82, 10.17
2017-02-07, 9.98, 10.02, 9.25, 9.47
2017-02-08, 9.86, 10.09, 9.33, 9.60
2017-02-09, 9.35, 9.35, 8.84, 8.85
2017-02-10, 8.83, 9.25, 8.67, 9.02
2017-02-13, 9.63, 9.80, 9.27, 9.32
2017-02-14, 9.44, 9.54, 8.85, 8.94
2017-02-15, 9.59, 10.39, 8.66, 10.26
2017-02-16, 10.48, 11.70, 9.90, 10.02
2017-02-17, 10.48, 10.61, 8.67, 9.03
2017-02-21, 10.81, 11.05, 10.14, 10.22
2017-02-22, 10.64, 10.79, 10.04, 10.39
2017-02-23, 10.47, 11.41, 10.12, 10.15
2017-02-24, 11.28, 11.30, 9.34, 9.41
2017-02-27, 10.53, 10.96, 10.08, 10.83
2017-02-28, 11.08, 12.01, 10.73, 11.89
2017-03-01, 10.52, 11.43, 10.32, 10.57
2017-03-02, 10.98, 10.99, 9.12, 9.60
2017-03-03, 9.80, 9.82, 8.55, 8.56
2017-03-06, 10.22, 10.38, 9.58, 9.67
2017-03-07, 9.74, 10.25, 9.29, 10.23
2017-03-08, 10.16, 10.91, 10.11, 10.91
2017-03-09, 11.24, 11.80, 10.76, 11.78
2017-03-10, 11.13, 11.41, 10.46, 10.67
2017-03-13, 11.68, 11.68, 10.62, 10.78
2017-03-14, 11.46, 12.49, 11.27, 11.78
2017-03-15, 11.83, 11.87, 9.96, 10.76
2017-03-16, 10.30, 10.31, 9.34, 9.74
2017-03-17, 9.62, 9.89, 9.01, 9.87
2017-03-20, 10.73, 10.80, 9.81, 10.23
2017-03-21, 9.70, 14.45, 9.62, 14.23
2017-03-22, 14.19, 14.80, 12.96, 14.51
2017-03-23, 14.61, 15.52, 13.20, 15.14
2017-03-24, 14.24, 16.70, 12.97, 13.43
2017-03-27, 16.36, 16.36, 12.04, 12.12
2017-03-28, 12.21, 12.21, 10.18, 10.51
2017-03-29, 10.58, 10.59, 9.24, 10.08
2017-03-30, 10.00, 10.02, 9.17, 9.58
2017-03-31, 9.87, 10.14, 9.27, 9.66
2017-04-03, 10.76, 12.21, 10.04, 10.16
2017-04-04, 10.85, 10.85, 9.40, 9.51
2017-04-05, 9.01, 11.89, 8.69, 11.89
2017-04-06, 11.02, 11.10, 9.60, 10.27
2017-04-07, 10.88, 11.69, 9.94, 10.06
2017-04-10, 10.62, 10.69, 9.73, 10.36
2017-04-11, 10.77, 12.17, 10.53, 10.54
2017-04-12, 10.71, 11.62, 10.33, 10.91
2017-04-13, 11.76, 12.88, 10.70, 12.75
2017-04-17, 14.91, 14.95, 12.96, 13.44
2017-04-18, 14.83, 15.84, 14.04, 14.20
2017-04-19, 13.73, 16.59, 13.52, 16.20
2017-04-20, 15.69, 16.79, 14.66, 15.83
2017-04-21, 16.03, 18.55, 15.89, 17.09
2017-04-24, 11.28, 11.73, 9.91, 9.96
2017-04-25, 9.83, 10.59, 9.62, 9.80
2017-04-26, 9.91, 10.24, 9.33, 9.79
2017-04-27, 9.81, 10.58, 9.08, 9.24
2017-04-28, 9.34, 9.92, 9.20, 9.42
2017-05-01, 10.85, 10.86, 9.38, 9.49
2017-05-02, 9.85, 10.57, 9.78, 10.49
2017-05-03, 11.09, 11.56, 10.40, 10.78
2017-05-04, 10.87, 12.09, 10.67, 11.04
2017-05-05, 10.48, 11.97, 10.29, 11.44
2017-05-08, 9.85, 9.85, 8.91, 9.09
2017-05-09, 9.26, 9.64, 8.91, 9.31
2017-05-10, 9.45, 9.45, 8.85, 9.43
2017-05-11, 9.82, 11.18, 9.63, 10.35
2017-05-12, 10.12, 10.31, 9.16, 9.40
2017-05-15, 9.96, 9.96, 8.90, 9.16
2017-05-16, 8.89, 9.14, 8.56, 8.96
2017-05-17, 11.96, 20.22, 11.51, 20.17
2017-05-18, 19.43, 19.58, 15.69, 16.67
2017-05-19, 13.17, 13.18, 10.29, 10.98
2017-05-22, 10.85, 10.85, 9.25, 9.39
2017-05-23, 9.08, 9.86, 9.08, 9.32
2017-05-24, 9.21, 9.55, 8.52, 8.56
2017-05-25, 8.57, 8.99, 7.81, 8.12
2017-05-26, 8.69, 8.85, 7.51, 7.60
2017-05-30, 9.47, 9.54, 8.56, 9.04
2017-05-31, 8.90, 9.91, 8.45, 8.71
2017-06-01, 8.64, 9.14, 8.22, 8.50
2017-06-02, 8.65, 9.01, 8.18, 8.47
2017-06-05, 9.90, 9.96, 9.13, 9.69
2017-06-06, 10.35, 10.59, 9.92, 10.39
2017-06-07, 10.44, 10.99, 10.13, 10.13
2017-06-08, 10.03, 10.35, 9.33, 9.62
2017-06-09, 8.98, 12.47, 8.35, 10.37
2017-06-12, 11.80, 13.22, 11.30, 11.35
2017-06-13, 10.40, 10.44, 9.28, 9.35
2017-06-14, 9.46, 10.31, 8.74, 9.91
2017-06-15, 11.58, 11.86, 9.61, 10.14
2017-06-16, 9.65, 10.33, 8.17, 8.33
2017-06-19, 8.87, 8.94, 8.13, 8.52
2017-06-20, 8.77, 10.08, 8.61, 9.42
2017-06-21, 9.39, 10.20, 9.07, 9.56
2017-06-22, 9.66, 10.24, 8.79, 9.23
2017-06-23, 9.11, 9.59, 8.06, 8.38
2017-06-26, 8.62, 9.32, 8.20, 8.70
2017-06-27, 9.05, 10.93, 8.52, 10.50
2017-06-28, 9.35, 9.92, 8.32, 8.49
2017-06-29, 8.88, 17.68, 8.76, 11.37
2017-06-30, 10.31, 11.00, 9.41, 9.93
2017-07-03, 9.75, 10.46, 9.14, 10.21
2017-07-05, 10.18, 11.35, 9.18, 9.65
2017-07-06, 11.07, 12.30, 10.32, 11.53
2017-07-07, 10.97, 11.03, 9.07, 9.26
2017-07-10, 10.85, 10.85, 9.44, 9.90
2017-07-11, 10.10, 11.27, 9.33, 9.37
2017-07-12, 8.69, 8.83, 8.02, 8.06
2017-07-13, 8.58, 8.59, 8.01, 8.01
2017-07-14, 8.09, 8.18, 7.55, 7.55
2017-07-17, 8.53, 8.67, 8.28, 8.39
2017-07-18, 9.18, 9.24, 8.21, 8.44
2017-07-19, 8.40, 8.40, 7.74, 7.85
2017-07-20, 8.02, 9.02, 7.59, 7.69
2017-07-21, 7.85, 8.12, 6.99, 7.10
2017-07-24, 8.25, 8.31, 7.45, 7.64
2017-07-25, 7.57, 8.02, 7.45, 7.87
2017-07-26, 7.96, 8.19, 7.79, 8.07
2017-07-27, 7.84, 11.65, 7.59, 9.03
2017-07-28, 9.99, 10.38, 8.34, 8.55
2017-07-31, 9.54, 9.98, 8.99, 9.43
2017-08-01, 9.41, 9.71, 8.75, 8.93
2017-08-02, 8.68, 9.56, 8.40, 8.68
2017-08-03, 8.91, 9.33, 8.38, 9.31
2017-08-04, 8.49, 8.82, 8.06, 8.58
2017-08-07, 9.29, 9.32, 8.28, 8.43
2017-08-08, 8.76, 11.47, 8.00, 10.50
2017-08-09, 12.80, 13.41, 10.60, 10.72
2017-08-10, 13.98, 18.27, 13.54, 17.83
2017-08-11, 16.10, 17.20, 14.34, 15.53
2017-08-14, 12.39, 12.39, 11.26, 11.63
2017-08-15, 10.94, 11.55, 10.01, 10.41
2017-08-16, 10.26, 10.52, 9.02, 9.73
2017-08-17, 11.01, 15.98, 10.34, 15.77
2017-08-18, 15.21, 16.10, 12.39, 13.17
2017-08-21, 14.37, 14.50, 12.48, 12.48
2017-08-22, 11.90, 11.93, 9.92, 9.92
2017-08-23, 11.41, 11.41, 10.10, 11.14
2017-08-24, 10.50, 11.79, 10.32, 10.33
2017-08-25, 10.18, 10.23, 8.88, 8.97
2017-08-28, 9.46, 10.27, 9.34, 9.45
2017-08-29, 12.65, 12.65, 9.57, 9.81
2017-08-30, 10.00, 10.26, 8.94, 9.15
2017-08-31, 8.89, 9.07, 8.53, 8.66
2017-09-01, 8.37, 8.66, 7.87, 7.94
2017-09-05, 10.39, 13.68, 10.26, 11.34
2017-09-06, 10.69, 11.58, 9.75, 10.22
2017-09-07, 10.32, 10.96, 9.75, 9.75
2017-09-08, 10.94, 11.96, 9.80, 11.29
2017-09-11, 9.76, 9.76, 9.00, 9.01
2017-09-12, 9.14, 9.50, 8.88, 9.25
2017-09-13, 9.40, 9.41, 9.02, 9.38
2017-09-14, 9.57, 9.81, 8.90, 9.29
2017-09-15, 9.24, 9.24, 7.88, 8.30
2017-09-18, 9.41, 9.45, 8.71, 8.72
2017-09-19, 8.71, 9.13, 8.62, 9.09
2017-09-20, 8.92, 10.24, 8.85, 8.95
2017-09-21, 9.05, 9.43, 8.26, 8.44
2017-09-22, 8.92, 8.92, 7.87, 7.98
2017-09-25, 9.23, 10.43, 8.61, 9.21
2017-09-26, 9.12, 9.99, 8.79, 9.34
2017-09-27, 8.88, 9.55, 8.73, 9.03
2017-09-28, 9.27, 9.38, 8.39, 8.39
2017-09-29, 8.41, 8.65, 7.74, 7.95
2017-10-02, 9.01, 9.13, 8.12, 8.18
2017-10-03, 8.24, 8.45, 7.84, 8.04
2017-10-04, 8.41, 8.59, 7.99, 8.02
2017-10-05, 8.14, 8.19, 7.61, 7.81
2017-10-06, 7.97, 8.72, 7.59, 7.88
2017-10-09, 8.99, 9.38, 8.49, 9.34
2017-10-10, 9.17, 9.54, 8.72, 8.72
2017-10-11, 8.66, 8.75, 8.09, 8.32
2017-10-12, 8.73, 8.92, 8.18, 8.34
2017-10-13, 8.24, 8.28, 7.76, 8.03
2017-10-16, 8.61, 8.72, 8.37, 8.46
2017-10-17, 8.52, 8.80, 8.36, 8.69
2017-10-18, 8.58, 8.61, 8.00, 8.37
2017-10-19, 10.00, 10.41, 8.58, 8.88
2017-10-20, 8.81, 8.84, 8.03, 8.41
2017-10-23, 9.32, 10.77, 8.84, 10.77
2017-10-24, 10.01, 10.62, 9.77, 10.48
2017-10-25, 10.72, 13.64, 10.43, 11.09
2017-10-26, 10.56, 11.35, 10.23, 10.69
2017-10-27, 10.08, 10.25, 8.58, 8.61
2017-10-30, 9.91, 10.23, 9.10, 9.81
2017-10-31, 9.28, 9.57, 9.08, 9.32
2017-11-01, 8.92, 9.66, 6.69, 9.29
2017-11-02, 9.35, 10.44, 8.30, 8.54
2017-11-03, 8.26, 8.51, 7.63, 7.84
2017-11-06, 8.83, 8.83, 8.01, 8.09
2017-11-07, 8.13, 9.38, 8.05, 8.83
2017-11-08, 9.01, 9.27, 7.91, 8.28
2017-11-09, 9.84, 12.97, 9.00, 9.65
2017-11-10, 10.31, 11.12, 9.59, 10.31
2017-11-13, 11.20, 11.29, 9.25, 9.84
2017-11-14, 10.64, 11.92, 9.70, 9.73
2017-11-15, 12.44, 13.66, 10.41, 11.73
2017-11-16, 10.18, 10.18, 8.21, 8.74
2017-11-17, 8.58, 8.73, 7.94, 8.49
2017-11-20, 9.38, 9.43, 8.31, 8.60
2017-11-21, 8.37, 8.37, 7.61, 7.97
2017-11-22, 7.91, 7.99, 7.62, 7.87
2017-11-24, 8.37, 8.41, 7.67, 7.87
2017-11-27, 9.20, 9.25, 8.69, 9.00
2017-11-28, 8.95, 9.68, 8.67, 9.18
2017-11-29, 9.24, 10.64, 9.24, 10.16
2017-11-30, 10.42, 13.07, 10.16, 11.38
2017-12-01, 11.85, 17.68, 11.21, 11.98
2017-12-04, 11.91, 12.67, 10.21, 12.21
2017-12-05, 12.01, 12.01, 10.28, 11.11
2017-12-06, 11.50, 11.64, 10.74, 10.90
2017-12-07, 11.16, 11.32, 9.42, 9.51
2017-12-08, 9.60, 9.60, 8.41, 8.44
2017-12-11, 9.35, 9.37, 8.67, 8.79
2017-12-12, 9.07, 9.36, 8.87, 9.24
2017-12-13, 9.43, 9.43, 7.65, 9.35
2017-12-14, 9.25, 9.89, 8.51, 9.87
2017-12-15, 8.87, 8.89, 8.14, 8.25
2017-12-18, 8.81, 9.00, 7.52, 8.05
2017-12-19, 8.10, 9.03, 8.07, 9.03
2017-12-20, 7.98, 8.74, 7.85, 8.34
2017-12-21, 8.05, 8.21, 7.58, 7.63
2017-12-22, 7.61, 7.94, 7.15, 7.51
2017-12-26, 8.92, 8.93, 8.30, 8.48
2017-12-27, 8.46, 10.27, 7.64, 9.71
2017-12-28, 9.32, 9.43, 8.91, 9.27
2017-12-29, 9.13, 10.42, 8.94, 10.42
2018-01-02, 10.38, 10.52, 8.21, 8.54
2018-01-03, 8.32, 8.32, 7.33, 7.85
2018-01-04, 7.89, 8.33, 7.49, 7.73
2018-01-05, 7.94, 8.08, 7.45, 7.70
2018-01-08, 8.62, 8.71, 7.65, 7.90
2018-01-09, 7.97, 8.37, 7.67, 8.35
2018-01-10, 8.77, 9.15, 7.81, 7.85
2018-01-11, 8.13, 8.17, 7.63, 7.84
2018-01-12, 8.38, 8.86, 8.02, 8.68
2018-01-16, 10.10, 12.58, 10.06, 11.25
2018-01-17, 11.47, 12.20, 10.39, 11.69
2018-01-18, 11.70, 12.38, 11.30, 12.37
2018-01-19, 11.80, 11.91, 10.11, 10.41
2018-01-22, 11.53, 11.53, 10.41, 10.86
2018-01-23, 11.01, 11.25, 10.53, 11.02
2018-01-24, 11.20, 12.57, 9.87, 11.45
2018-01-25, 11.58, 12.37, 10.41, 11.64
2018-01-26, 11.54, 11.60, 9.42, 10.46
2018-01-29, 12.34, 14.91, 12.26, 14.91
2018-01-30, 16.26, 17.21, 15.26, 16.20
2018-01-31, 15.30, 15.30, 12.35, 13.86
2018-02-01, 14.43, 14.43, 12.13, 13.86
2018-02-02, 14.66, 20.78, 13.53, 18.86
2018-02-05, 22.07, 61.38, 18.15, 59.34
2018-02-06, 63.23, 68.95, 28.74, 39.46
2018-02-07, 36.10, 36.10, 22.50, 32.86
2018-02-08, 28.59, 45.53, 26.94, 41.44
2018-02-09, 36.64, 52.49, 29.88, 31.64
2018-02-12, 31.50, 33.89, 25.08, 26.83
2018-02-13, 29.39, 29.39, 24.65, 25.29
2018-02-14, 23.03, 23.47, 18.64, 18.73
2018-02-15, 18.21, 20.81, 17.21, 18.58
2018-02-16, 19.09, 21.98, 16.16, 18.68
2018-02-20, 23.32, 23.32, 19.76, 20.64
2018-02-21, 20.38, 20.42, 15.55, 20.01
2018-02-22, 19.94, 20.79, 17.31, 18.13
2018-02-23, 18.13, 18.66, 14.06, 14.98
2018-02-26, 16.83, 17.01, 15.15, 15.16
2018-02-27, 15.97, 18.79, 15.00, 18.12
2018-02-28, 16.94, 19.86, 16.35, 19.19
2018-03-01, 20.03, 28.48, 19.43, 23.89
2018-03-02, 28.13, 29.35, 18.76, 18.87
2018-03-05, 21.48, 21.58, 17.47, 18.26
2018-03-06, 17.40, 19.11, 16.86, 17.23
2018-03-07, 19.44, 19.91, 16.13, 16.71
2018-03-08, 16.18, 17.56, 15.52, 15.86
2018-03-09, 15.00, 15.32, 13.19, 13.53
2018-03-12, 16.00, 16.11, 14.63, 15.24
2018-03-13, 15.12, 16.18, 14.82, 15.36
2018-03-14, 15.46, 17.82, 15.09, 17.28
2018-03-15, 16.56, 17.62, 15.33, 15.96
2018-03-16, 14.93, 15.07, 14.04, 14.93
2018-03-19, 17.02, 29.09, 16.93, 21.95
2018-03-20, 21.66, 22.09, 19.36, 19.70
2018-03-21, 19.88, 20.88, 15.05, 18.52
2018-03-22, 22.57, 27.11, 20.39, 26.31
2018-03-23, 25.15, 30.67, 22.82, 28.22
2018-03-26, 25.40, 28.00, 22.06, 22.28
2018-03-27, 21.77, 25.72, 19.83, 22.95
2018-03-28, 23.21, 28.19, 22.74, 24.94
2018-03-29, 23.08, 23.64, 20.20, 20.57
2018-04-02, 24.09, 31.14, 23.02, 27.31
2018-04-03, 26.04, 26.99, 23.40, 23.48
2018-04-04, 28.38, 28.38, 21.56, 21.95
2018-04-05, 21.74, 22.21, 19.36, 19.93
2018-04-06, 22.05, 26.87, 20.19, 23.06
2018-04-09, 23.03, 24.12, 21.60, 23.83
2018-04-10, 22.39, 23.57, 20.68, 20.92
2018-04-11, 20.37, 20.93, 19.09, 20.37
2018-04-12, 18.75, 19.71, 17.51, 17.82
2018-04-13, 17.06, 18.39, 16.24, 16.36
2018-04-16, 17.31, 17.55, 16.28, 16.57
2018-04-17, 16.14, 16.17, 14.46, 15.35
2018-04-18, 16.40, 16.81, 14.45, 14.64
2018-04-19, 15.30, 17.28, 14.81, 15.50
2018-04-20, 14.84, 18.02, 14.63, 16.23
2018-04-23, 17.24, 17.80, 15.69, 16.44
2018-04-24, 15.78, 21.50, 15.47, 19.17
2018-04-25, 19.91, 22.06, 18.63, 18.71
2018-04-26, 18.49, 18.58, 15.98, 16.01
2018-04-27, 15.88, 16.84, 14.36, 14.44
2018-04-30, 15.73, 17.13, 14.93, 16.45
2018-05-01, 16.98, 17.80, 15.57, 15.70
2018-05-02, 15.93, 16.53, 14.70, 16.53
2018-05-03, 16.69, 21.19, 15.73, 15.75
2018-05-04, 17.27, 17.54, 13.78, 13.86
2018-05-07, 15.68, 15.68, 14.09, 14.22
2018-05-08, 14.72, 15.35, 13.94, 13.98
2018-05-09, 13.95, 14.15, 12.00, 12.13
2018-05-10, 12.36, 12.56, 11.93, 12.43
2018-05-11, 12.64, 12.65, 11.24, 11.24
2018-05-14, 12.61, 12.86, 11.92, 11.92
2018-05-15, 13.28, 14.92, 13.28, 14.29
2018-05-16, 13.69, 13.78, 12.34, 12.36
2018-05-17, 12.50, 12.82, 11.51, 12.02
2018-05-18, 12.49, 12.54, 11.31, 11.48
2018-05-21, 11.68, 12.30, 11.37, 11.37
2018-05-22, 11.26, 11.31, 10.62, 10.92
2018-05-23, 12.48, 12.60, 9.98, 10.06
2018-05-24, 10.85, 12.74, 10.29, 10.33
2018-05-25, 11.44, 11.83, 10.81, 11.46
