t,o,h,l,c,v,a,ch,div
2023-10-13,94.42,94.42,94.42,94.42,1,94.42,0.0,
2023-10-12,94.48,94.54,94.305,94.42,7323451,94.42,-0.05,
2023-10-11,94.3,94.57,94.105,94.47,13234561,94.47,0.14,
2023-10-10,94.38,94.49,94.18,94.34,5135937,94.34,0.0,
2023-10-09,94.17,94.445,94.17,94.34,4694231,94.34,0.11,
2023-10-06,94.0,94.26,93.94,94.24,8134220,94.24,0.61,
2023-10-05,93.85,93.935,93.65,93.67,4270293,93.67,-0.09,
2023-10-04,93.87,94.035,93.63,93.75,6948834,93.75,-0.15,
2023-10-03,93.81,93.99,93.76,93.89,4889903,93.89,-0.05,
2023-10-02,93.68,93.94,93.6,93.94,6633315,93.94,0.33,
2023-09-29,93.6,93.885,93.45,93.63,8616805,93.63,0.1,
2023-09-28,93.9,93.98,93.38,93.54,10839432,93.54,-0.4,
2023-09-27,94.0,94.1,93.71,93.92,9299247,93.92,-0.09,
2023-09-26,94.0,94.21,94.0,94.0,7245004,94.0,-0.05,
2023-09-25,93.92,94.08,93.92,94.05,7858728,94.05,0.14,
2023-09-22,94.06,94.11,93.86,93.92,19817485,93.92,1.7,
2023-09-21,92.41,92.57,92.285,92.35,6027933,92.35,-0.23,
2023-09-20,92.41,92.61,92.3,92.56,7557973,92.56,0.53,
2023-09-19,91.92,92.21,91.9,92.07,4592315,92.07,0.17,
2023-09-18,92.04,92.05,91.82,91.91,5571871,91.91,0.1,
2023-09-15,92.16,92.33,91.73,91.82,13510743,91.82,-0.43,
2023-09-14,92.32,92.465,92.15,92.22,6842729,92.22,-0.05,
2023-09-13,92.22,92.47,92.15,92.27,4448676,92.27,0.15,
2023-09-12,92.06,92.33,92.03,92.13,3132920,92.13,-0.05,
2023-09-11,92.12,92.44,92.11,92.18,5161559,92.18,0.07,
2023-09-08,92.1,92.24,92.01,92.12,5367720,92.12,0.12,
2023-09-07,92.15,92.15,91.99,92.01,3755639,92.01,-0.07,
2023-09-06,92.04,92.11,91.99,92.07,4778604,92.07,0.04,
2023-09-05,91.95,92.185,91.9,92.03,5177656,92.03,-0.01,
2023-09-01,92.05,92.2,91.95,92.04,4609003,92.04,0.05,
2023-08-31,91.88,92.055,91.865,91.99,6676488,91.99,0.01,
2023-08-30,91.88,92.04,91.75,91.98,5359668,91.98,0.0,
2023-08-29,91.75,92.1,91.75,91.98,5667901,91.98,0.23,
2023-08-28,91.81,92.01,91.745,91.77,5527191,91.77,0.12,
2023-08-25,91.41,91.83,91.38,91.66,4361699,91.66,0.27,
2023-08-24,91.63,91.96,91.4,91.41,6053152,91.41,-0.36,
2023-08-23,91.55,91.83,91.41,91.74,5520120,91.74,0.09,
2023-08-22,91.97,92.1,91.47,91.66,11099550,91.66,1.04,
2023-08-21,90.77,90.97,90.655,90.72,4637744,90.72,0.28,
2023-08-18,90.5,91.0,90.295,90.47,13085837,90.47,0.04,
2023-08-17,91.0,91.02,90.4,90.43,9073907,90.43,-0.46,
2023-08-16,91.0,91.25,90.85,90.85,4350162,90.85,-0.07,
2023-08-15,91.0,91.1,90.77,90.91,5474375,90.91,0.13,
2023-08-14,91.1,91.2,90.755,90.79,6123526,90.79,-0.46,
2023-08-11,91.3,91.31,90.93,91.21,6911124,91.21,-0.23,
2023-08-10,91.67,91.67,91.27,91.42,4863415,91.42,-0.02,
2023-08-09,91.59,92.0,91.42,91.44,7611636,91.44,-0.16,
2023-08-08,91.57,91.79,91.52,91.59,5600499,91.59,0.02,
2023-08-07,91.79,91.85,91.52,91.57,4978812,91.57,-0.01,
2023-08-04,91.68,91.82,91.54,91.58,6035555,91.58,-0.11,
2023-08-03,91.55,92.0,91.5,91.68,7500852,91.68,0.05,
2023-08-02,91.64,91.905,91.52,91.63,7369575,91.63,-0.28,
2023-08-01,91.795,92.13,91.7,91.89,8396903,91.89,0.13,0.99
2023-07-31,92.56,92.78,92.43,92.76,10765318,91.771,0.25,
2023-07-28,92.35,92.69,92.34,92.53,5644772,91.544,0.42,
2023-07-27,92.67,92.79,92.14,92.14,9448799,91.158,-0.57,
2023-07-26,92.66,92.92,92.475,92.67,8385810,91.682,-0.07,
2023-07-25,92.5,92.86,92.46,92.73,6541548,91.742,0.19,
2023-07-24,91.93,92.6,91.85,92.55,7875598,91.564,0.7,
2023-07-21,92.345,92.4,91.89,91.91,12930628,90.93,-0.41,
2023-07-20,92.1,92.56,92.09,92.29,14757431,91.306,0.1,
2023-07-19,92.625,92.75,91.78,92.2,40003048,91.217,-0.58,
2023-07-18,92.53,93.01,92.21,92.74,21791663,91.751,-0.5,
2023-07-17,93.535,93.67,92.12,93.21,40278491,92.216,3.49,
2023-07-14,91.1,91.5,89.74,90.07,63825300,89.11,0.59,
2023-07-13,90.0,90.7,89.44,89.54,22036053,88.586,-0.51,
2023-07-12,90.045,90.71,89.05,90.0,28102858,89.041,-1.09,
2023-07-11,82.56,92.91,82.55,90.99,77867479,90.02,10.02,
2023-07-10,82.76,83.23,82.62,82.7,7139139,81.819,0.33,
2023-07-07,82.78,83.31,82.22,82.43,4819435,81.551,-0.33,
2023-07-06,82.4,82.92,81.99,82.7,4076263,81.819,-0.2,
2023-07-05,82.97,83.415,82.094,82.87,5180338,81.987,-0.56,
2023-07-03,83.92,84.2,83.18,83.34,4150274,82.452,-1.14,
2023-06-30,83.5,84.72,83.5,84.3,6881230,83.401,1.47,
2023-06-29,83.09,85.005,82.39,83.08,8478309,82.194,-0.62,
2023-06-28,84.5,84.63,83.48,83.6,6878284,82.709,-0.63,
2023-06-27,83.25,84.62,83.22,84.13,6812466,83.233,0.88,
2023-06-26,82.25,83.71,82.12,83.4,7870633,82.511,1.83,
2023-06-23,82.04,82.4,81.62,81.9,6735423,81.027,-0.49,
2023-06-22,80.48,82.32,80.3,82.3,4880493,81.423,1.68,
2023-06-21,81.65,81.84,80.83,80.94,5277455,80.077,-1.16,
2023-06-20,81.69,81.99,81.55,81.89,5247181,81.017,-0.1,
2023-06-16,81.35,82.22,80.94,81.97,12236556,81.096,0.64,
2023-06-15,81.42,81.585,80.58,81.45,7096741,80.582,0.27,
2023-06-14,81.266,81.77,80.95,81.23,7949060,80.364,0.66,
2023-06-13,80.2,81.45,79.87,80.7,8293012,79.84,1.17,
2023-06-12,80.38,80.4,79.7,79.77,7946477,78.92,-0.76,
2023-06-09,79.98,80.69,79.96,80.38,5824472,79.523,0.45,
2023-06-08,80.51,80.76,79.88,80.02,4440010,79.167,-0.6,
2023-06-07,80.88,80.95,79.53,80.5,5516713,79.642,-0.47,
2023-06-06,81.0,81.05,80.46,80.88,4725238,80.018,0.05,
2023-06-05,80.85,81.15,80.6,80.84,4068229,79.978,0.42,
2023-06-02,80.24,80.63,79.83,80.5,5896200,79.642,0.37,
2023-06-01,80.25,81.22,80.0,80.2,8707764,79.345,0.0,
2023-05-31,80.1,80.81,79.68,80.2,9215804,79.345,0.22,
2023-05-30,79.0,80.27,78.89,80.02,8190961,79.167,1.73,
2023-05-26,77.35,78.79,77.02,78.66,5244930,77.822,1.97,
2023-05-25,77.58,77.59,76.76,77.14,6823502,76.318,-0.86,
2023-05-24,79.05,79.39,77.77,77.81,5347904,76.981,-1.67,
2023-05-23,79.1,79.505,78.74,79.13,5284064,78.287,0.09,
2023-05-22,78.71,79.35,78.59,79.06,8163965,78.217,0.6,
2023-05-19,78.25,78.775,78.11,78.59,6297394,77.752,0.51,
2023-05-18,78.0,78.35,77.52,78.19,5276422,77.357,0.39,
2023-05-17,77.77,78.185,77.35,77.89,4644314,77.06,0.14,
2023-05-16,77.712,78.04,77.145,77.78,6491829,76.951,-0.7,
2023-05-15,77.31,78.82,77.115,78.33,12994906,77.495,1.24,
2023-05-12,76.6,78.18,76.6,77.37,5799978,76.545,0.43,
2023-05-11,76.27,77.27,76.06,77.04,6943009,76.219,1.37,
2023-05-10,76.6,76.65,75.5,76.0,7229577,75.19,0.65,
2023-05-09,75.27,75.55,74.895,75.51,4752782,74.705,-0.05,
2023-05-08,75.68,76.05,75.44,75.55,4070612,74.745,-0.59,
2023-05-05,74.83,76.03,74.81,76.0,5202698,75.19,1.89,
2023-05-04,74.9,74.925,73.605,74.59,9622267,73.795,-0.85,
2023-05-03,75.75,76.18,75.14,75.23,5609730,74.428,-1.01,
2023-05-02,77.04,77.1,75.505,76.0,9071870,75.19,-1.85,
2023-05-01,77.6,77.84,77.291,77.43,5703486,76.605,-0.36,
2023-04-28,77.66,77.89,76.94,77.71,9825598,76.882,0.13,
2023-04-27,77.17,77.86,76.82,77.61,12145621,76.783,1.04,
2023-04-26,79.095,79.77,76.5,76.81,50154433,75.991,-11.45,
2023-04-25,85.91,87.01,85.56,86.74,13383733,85.815,0.75,
2023-04-24,85.25,86.25,85.08,86.09,8154567,85.172,0.65,
2023-04-21,85.7,85.94,85.44,85.53,5611857,84.618,-0.05,
2023-04-20,85.66,86.12,85.49,85.57,7029840,84.658,0.08,
2023-04-19,85.41,85.75,85.4,85.5,5069401,84.589,-0.06,
2023-04-18,85.6,85.855,85.33,85.55,4999316,84.638,0.06,
2023-04-17,85.08,85.53,84.62,85.5,4583849,84.589,0.27,
2023-04-14,85.28,85.64,85.06,85.27,3539575,84.361,-0.36,
2023-04-13,85.37,85.785,85.26,85.58,5447342,84.668,0.74,
2023-04-12,85.28,85.5,84.87,84.95,7115288,84.045,-0.16,
2023-04-11,85.26,85.68,84.99,85.09,8328350,84.183,-0.46,
2023-04-10,85.24,85.6,84.963,85.48,4948951,84.569,0.3,
2023-04-06,85.5,85.65,85.18,85.22,6623776,84.312,-0.19,
2023-04-05,85.2,85.88,84.905,85.38,7539062,84.47,0.32,
2023-04-04,85.13,85.57,85.01,85.11,7712734,84.203,-0.26,
2023-04-03,85.41,85.67,84.46,85.33,6474703,84.42,-0.3,
2023-03-31,84.95,85.74,84.7,85.59,5235101,84.678,0.83,
2023-03-30,84.75,85.1,84.62,84.89,5052990,83.985,0.41,
2023-03-29,84.385,84.6,84.15,84.54,6681605,83.639,0.23,
2023-03-28,84.5,84.75,84.043,84.35,5447091,83.451,0.02,
2023-03-27,84.12,84.93,84.08,84.33,7290581,83.431,-0.07,
2023-03-24,84.84,85.72,83.32,84.39,24513410,83.49,5.91,
2023-03-23,79.57,80.2,79.246,79.68,4252999,78.831,1.32,
2023-03-22,79.5,79.99,78.62,78.64,3596234,77.802,-1.39,
2023-03-21,79.51,80.01,79.45,79.75,5403206,78.9,0.52,
2023-03-20,79.16,79.49,77.5,79.34,6440233,78.494,0.44,
2023-03-17,80.21,80.28,78.78,78.99,9409231,78.148,-1.1,
2023-03-16,78.86,80.395,78.83,79.87,4883585,79.019,0.77,
2023-03-15,78.94,79.28,78.555,79.26,7151572,78.415,0.21,
2023-03-14,78.33,79.475,78.24,79.09,5394612,78.247,1.22,
2023-03-13,77.94,78.98,77.36,78.14,5732981,77.307,0.22,
2023-03-10,78.43,78.54,77.23,77.97,5299518,77.139,-0.51,
2023-03-09,79.83,79.83,78.11,78.37,4787084,77.535,-1.4,
2023-03-08,79.3,79.7,79.06,79.48,4290014,78.633,0.28,
2023-03-07,79.61,80.25,79.14,79.26,5331434,78.415,-0.46,
2023-03-06,79.67,79.97,79.22,79.63,4548847,78.781,0.3,
2023-03-03,78.43,79.6,78.13,79.39,9129326,78.544,2.16,
2023-03-02,76.47,77.92,75.935,77.71,8181169,76.882,2.63,
2023-03-01,76.16,76.48,75.64,75.72,4286249,74.913,-0.69,
2023-02-28,76.74,76.74,76.06,76.25,4427822,75.437,-0.64,
2023-02-27,77.07,77.16,76.32,76.74,3909224,75.922,-0.1,
2023-02-24,76.67,76.9,76.47,76.82,3903893,76.001,-0.33,
2023-02-23,77.16,77.25,76.64,77.07,4019079,76.249,-0.06,
2023-02-22,77.28,77.5,77.0,77.12,3943199,76.298,0.16,
2023-02-21,77.45,77.59,76.0,77.0,6890935,76.179,-0.73,
2023-02-17,77.11,77.57,76.83,77.57,5364772,76.743,0.08,
2023-02-16,77.402,77.868,76.76,77.51,4926521,76.684,-0.24,
2023-02-15,76.33,77.955,75.85,77.7,6800079,76.872,1.2,
2023-02-14,76.78,77.155,76.02,76.78,6103733,75.962,0.25,
2023-02-13,75.88,76.92,75.65,76.59,5374299,75.774,1.51,
2023-02-10,75.475,76.39,75.12,75.45,6922055,74.646,0.25,
2023-02-09,73.55,75.627,73.48,75.26,12594695,74.458,3.25,
2023-02-08,73.0,74.75,72.45,72.89,26724065,72.113,-3.58,
2023-02-07,74.65,75.97,74.14,75.6,14881651,74.794,5.62,
2023-02-06,73.75,73.85,71.4,71.58,13405552,70.817,-4.86,
2023-02-03,76.64,76.78,75.03,75.24,5781041,74.438,-2.43,
2023-02-02,76.5,77.39,76.07,77.11,4696053,76.288,0.54,
2023-02-01,76.0,76.82,75.58,76.7,4575394,75.882,0.17,
2023-01-31,76.13,77.0,75.85,76.57,4118049,75.754,0.8,
2023-01-30,76.63,77.08,75.84,75.96,4247350,75.15,-0.85,
2023-01-27,75.5,76.76,75.22,76.61,4382729,75.793,1.34,
2023-01-26,74.79,75.66,74.65,75.6,3960869,74.794,1.29,
2023-01-25,75.0,75.105,74.53,74.64,4004279,73.844,-0.63,
2023-01-24,74.995,75.43,74.5,75.11,5069559,74.309,-0.15,
2023-01-23,73.815,75.41,73.81,75.22,6319069,74.418,1.87,
2023-01-20,73.52,74.01,73.39,73.84,7349366,73.053,0.11,
2023-01-19,74.48,74.5,73.7,73.76,5331129,72.974,-0.97,
2023-01-18,74.62,74.74,73.38,74.48,7906069,73.686,-0.11,
2023-01-17,75.895,75.955,74.42,74.56,10044362,73.765,-2.74,
2023-01-13,76.89,76.9,76.18,76.66,4329486,75.843,-0.31,
2023-01-12,76.89,77.28,76.5,76.9,4894252,76.08,-0.13,
2023-01-11,77.69,77.765,76.93,77.0,5070211,76.179,-0.89,
2023-01-10,77.04,77.95,77.04,77.69,5134348,76.862,0.61,
2023-01-09,77.5,78.18,77.18,77.22,8414609,76.397,-0.48,
2023-01-06,77.15,77.71,77.085,77.59,5443966,76.763,0.82,
2023-01-05,76.6,77.29,76.6,76.96,3719575,76.14,0.16,
2023-01-04,77.37,77.4,76.49,76.84,4825277,76.021,-0.05,
2023-01-03,76.595,76.93,76.4,76.88,3990366,76.061,0.43,
2022-12-30,76.5,76.66,76.22,76.55,2710649,75.734,-0.27,
2022-12-29,76.04,76.87,76.031,76.76,3150296,75.942,0.93,
2022-12-28,75.64,76.48,75.5,76.05,3049986,75.239,0.34,
2022-12-27,75.9,76.045,75.54,75.79,1728948,74.982,-0.21,
2022-12-23,75.7,76.07,75.5,75.95,2069294,75.14,0.33,
2022-12-22,75.62,75.94,75.545,75.7,3140048,74.893,-0.25,
2022-12-21,75.97,76.21,75.47,75.89,4922074,75.081,0.01,
2022-12-20,75.7,76.325,75.68,75.88,3189541,75.071,-0.14,
2022-12-19,76.15,76.475,75.94,75.99,3109599,75.18,-0.12,
2022-12-16,76.05,76.59,75.92,76.08,8680361,75.269,-0.38,
2022-12-15,76.71,76.81,76.26,76.37,6994576,75.556,-0.87,
2022-12-14,76.66,77.41,76.66,77.04,4889562,76.219,0.4,
2022-12-13,77.35,77.35,76.45,76.73,8246138,75.912,-0.81,
2022-12-12,75.0,77.55,74.38,77.36,11321222,76.535,2.93,
2022-12-09,74.51,75.47,74.05,75.16,8249900,74.359,0.54,
2022-12-08,75.44,75.52,73.0,74.76,19336090,73.963,-1.54,
2022-12-07,76.76,77.078,74.75,75.93,11772972,75.121,-0.24,
2022-12-06,76.59,76.93,76.1,76.11,8052483,75.299,-0.29,
2022-12-05,76.99,77.01,76.035,76.33,7570782,75.516,0.75,
2022-12-02,74.7,75.97,74.57,75.76,6146920,74.952,0.76,
2022-12-01,74.43,75.44,73.92,75.19,7389927,74.389,1.68,
2022-11-30,73.78,74.0,73.45,73.95,9736677,73.162,-0.52,
2022-11-29,74.25,74.54,73.8,74.34,6277550,73.548,-0.51,
2022-11-28,74.57,75.67,73.65,74.72,10883206,73.924,1.7,
2022-11-25,73.885,74.27,73.05,73.47,9179830,72.687,-4.07,
2022-11-23,75.9,76.6,75.735,76.59,3936093,75.774,0.94,
2022-11-22,75.29,76.055,74.96,75.88,5302738,75.071,1.44,
2022-11-21,74.1,74.91,73.75,74.8,6223621,74.003,0.95,
2022-11-18,74.16,74.29,73.84,74.1,7745389,73.31,0.39,
2022-11-17,73.4,74.11,73.38,73.81,7084948,73.023,-0.73,
2022-11-16,74.11,74.64,73.99,74.35,5514581,73.558,0.64,
2022-11-15,74.6,74.67,73.28,73.88,6767631,73.093,-0.11,
2022-11-14,74.36,74.44,73.92,73.96,5485654,73.172,-0.24,
2022-11-11,73.75,74.47,73.57,74.14,4453935,73.35,0.71,
2022-11-10,72.6,73.74,72.03,73.62,9191741,72.835,2.73,
2022-11-09,71.86,72.208,71.64,71.66,4422071,70.896,-0.47,
2022-11-08,71.75,72.56,71.35,72.0,8805018,71.233,1.27,
2022-11-07,71.515,71.68,70.94,71.1,8740925,70.342,-1.2,
2022-11-04,72.08,72.34,71.45,71.96,4333117,71.193,0.08,
2022-11-03,72.5,72.9,71.72,71.9,4454579,71.134,-1.05,
2022-11-02,73.86,73.96,72.615,72.66,5528906,71.886,-0.89,
2022-11-01,73.26,74.01,73.22,73.31,5806721,72.529,0.7,
2022-10-31,72.93,73.25,72.4,72.8,6632388,72.024,-0.07,
2022-10-28,72.53,73.05,72.32,72.85,7212368,72.073,0.48,
2022-10-27,72.36,72.825,72.05,72.5,4538219,71.727,0.03,
2022-10-26,72.84,73.035,72.36,72.48,6086165,71.707,-0.03,
2022-10-25,72.73,72.985,72.445,72.5,6583175,71.727,-0.01,
2022-10-24,72.83,72.83,71.89,72.51,4495246,71.737,-0.28,
2022-10-21,72.93,73.17,72.425,72.71,4371521,71.935,-0.82,
2022-10-20,72.24,73.83,72.24,73.31,5178979,72.529,1.52,
2022-10-19,72.01,72.471,71.79,72.21,4602603,71.44,-0.07,
2022-10-18,72.23,72.5,72.03,72.26,5305723,71.49,0.7,
2022-10-17,72.8,72.93,71.71,71.76,14494605,70.995,-0.51,
2022-10-14,73.44,73.66,72.08,72.13,5141454,71.361,-1.35,
2022-10-13,72.92,73.89,72.41,73.12,6169089,72.341,-0.52,
