sym,exp,dte,side,spot,n_strikes,iv_near,k_near,iv_interp,k_lo,k_hi,oi_near,vol_near,spr_near,mid_near,zero_bid_frac,oi_total,vol_total
AAPL,2026-09-14,0,C,332.7900085449219,47,0.19873848144531248,332.5,0.19788885553270577,332.5,335.0,3131.0,23952.0,0.050000000000000044,1.505,0.2553191489361702,60001.0,191029.0
AAPL,2026-09-14,0,P,332.7900085449219,42,0.15528188476562502,332.5,0.15341270775789026,332.5,335.0,5854.0,25049.0,0.009999999999999898,0.935,0.5714285714285714,77752.0,147017.0
AAPL,2026-09-16,2,C,332.7900085449219,38,0.2620923400878906,332.5,0.2617666501547247,332.5,335.0,1151.0,1763.0,0.09999999999999964,3.25,0.18421052631578946,34417.0,30862.0
AAPL,2026-09-16,2,P,332.7900085449219,40,0.24634542724609376,332.5,0.24675607977052033,332.5,335.0,674.0,2073.0,0.040000000000000036,2.8,0.325,25637.0,21019.0
AAPL,2026-09-18,4,C,332.7900085449219,107,0.27197993652343744,332.5,0.2726596372535228,332.5,335.0,2954.0,1675.0,0.09999999999999964,4.3,0.27102803738317754,476625.0,40452.0
AAPL,2026-09-18,4,P,332.7900085449219,89,0.25269302001953126,332.5,0.25257973656451704,332.5,335.0,2080.0,1461.0,0.09999999999999964,3.75,0.449438202247191,404913.0,53446.0
AAPL,2026-09-21,7,C,332.7900085449219,34,0.25061784545898436,332.5,0.250030187536098,332.5,335.0,493.0,259.0,0.39999999999999947,4.85,0.058823529411764705,24953.0,6093.0
AAPL,2026-09-21,7,P,332.7900085449219,32,0.23035437622070312,332.5,0.2291224186474234,332.5,335.0,152.0,183.0,0.15000000000000036,4.325,0.09375,4623.0,1683.0
AAPL,2026-09-23,9,C,332.7900085449219,34,0.25830819824218754,332.5,0.2578267435583771,332.5,335.0,136.0,61.0,0.4500000000000002,5.574999999999999,0.058823529411764705,6367.0,819.0
AAPL,2026-09-23,9,P,332.7900085449219,34,0.24243921630859372,332.5,0.2408674083702713,332.5,335.0,244.0,126.0,0.35000000000000053,5.025,0.11764705882352941,3027.0,835.0
AAPL,2026-09-25,11,C,332.7900085449219,64,0.26697510375976563,332.5,0.2660759163355902,332.5,335.0,441.0,380.0,0.25,6.425,0.0625,52980.0,8955.0
AAPL,2026-09-25,11,P,332.7900085449219,60,0.2399978344726562,332.5,0.23955886108447605,332.5,335.0,372.0,81.0,0.25,5.525,0.26666666666666666,34377.0,3266.0
AAPL,2026-10-02,18,C,332.7900085449219,43,0.260749580078125,335.0,0.26274589028664674,330.0,335.0,2169.0,177.0,0.25,6.725,0.023255813953488372,32073.0,2289.0
AAPL,2026-10-02,18,P,332.7900085449219,45,0.2309647216796875,335.0,0.23355452951776984,330.0,335.0,385.0,62.0,0.2499999999999991,8.075,0.28888888888888886,16006.0,1365.0
AAPL,2026-10-09,25,C,332.7900085449219,39,0.2568738864135742,335.0,0.26061022376330756,330.0,335.0,781.0,123.0,0.2500000000000009,7.925000000000001,0.0,15543.0,2186.0
AAPL,2026-10-09,25,P,332.7900085449219,37,0.22864540893554688,335.0,0.23161289708334953,330.0,335.0,436.0,98.0,0.3000000000000007,9.15,0.2702702702702703,9274.0,2219.0
MSFT,2026-09-14,0,C,498.75,50,0.22754678710937498,500.0,0.25916268188476554,497.5,500.0,3034.0,21257.0,0.050000000000000044,1.745,0.42,14541.0,83950.0
MSFT,2026-09-14,0,P,498.75,35,0.09302664794921875,500.0,0.11133701171875,497.5,500.0,236.0,5069.0,0.050000000000000044,1.745,0.45714285714285713,8103.0,25180.0
MSFT,2026-09-16,2,C,498.75,45,0.3186103295898437,497.5,0.3056099713134765,497.5,500.0,151.0,152.0,0.5999999999999996,6.05,0.17777777777777778,4133.0,11989.0
MSFT,2026-09-16,2,P,498.75,34,0.19947089599609374,500.0,0.20410952148437497,497.5,500.0,376.0,191.0,0.44999999999999973,4.075,0.11764705882352941,3599.0,1985.0
MSFT,2026-09-18,4,C,498.75,113,0.3061592822265625,497.5,0.3014596221923828,497.5,500.0,1049.0,263.0,0.25,7.625,0.21238938053097345,395379.0,14123.0
MSFT,2026-09-18,4,P,498.75,106,0.22962196166992188,497.5,0.22498333618164063,497.5,500.0,408.0,50.0,0.40000000000000036,4.55,0.3113207547169811,245572.0,7157.0
MSFT,2026-09-21,7,C,498.75,30,0.30335169311523436,497.5,0.2970041003417968,497.5,500.0,69.0,54.0,1.6500000000000004,8.725000000000001,0.16666666666666666,873.0,279.0
MSFT,2026-09-21,7,P,498.75,26,0.2133867724609375,500.0,0.2102740106201172,497.5,500.0,14.0,75.0,1.9500000000000002,5.975,0.3076923076923077,913.0,519.0
MSFT,2026-09-23,9,C,498.75,30,0.27735097656249996,500.0,0.28156236022949216,497.5,500.0,58.0,3.0,1.0499999999999998,7.975,0.16666666666666666,479.0,199.0
MSFT,2026-09-23,9,P,498.75,24,0.2387771435546875,500.0,0.2391433508300781,497.5,500.0,6.0,1.0,2.3500000000000005,7.375,0.20833333333333334,1201.0,66.0
MSFT,2026-09-25,11,C,498.75,78,0.281684429321289,500.0,0.2896952134704589,497.5,500.0,528.0,236.0,0.45000000000000107,9.325,0.08974358974358974,45092.0,2623.0
MSFT,2026-09-25,11,P,498.75,71,0.22339643798828124,497.5,0.22101609069824218,497.5,500.0,186.0,16.0,0.5499999999999998,7.175000000000001,0.23943661971830985,16248.0,2312.0
MSFT,2026-10-02,18,C,498.75,51,0.282233740234375,500.0,0.2804942556762695,495.0,500.0,600.0,82.0,0.7999999999999989,11.8,0.09803921568627451,60718.0,1336.0
MSFT,2026-10-02,18,P,498.75,59,0.22113815979003904,500.0,0.2228318684387207,495.0,500.0,297.0,7.0,0.75,10.325,0.23728813559322035,8344.0,744.0
MSFT,2026-10-09,25,C,498.75,47,0.28269149932861326,500.0,0.28772684936523435,495.0,500.0,284.0,51.0,0.5500000000000007,14.125,0.06382978723404255,8505.0,905.0
MSFT,2026-10-09,25,P,498.75,53,0.22486126708984372,500.0,0.2261811391448974,495.0,500.0,154.0,15.0,0.9499999999999993,12.125,0.20754716981132076,3837.0,381.0
NVDA,2026-09-14,0,C,210.5399932861328,60,0.21973436523437498,210.0,0.22216009206691384,210.0,212.5,1099.0,40953.0,0.020000000000000018,1.26,0.4,107350.0,214061.0
NVDA,2026-09-14,0,P,210.5399932861328,44,0.2475661181640625,210.0,0.2556870297338664,210.0,212.5,6161.0,58925.0,0.010000000000000009,0.825,0.36363636363636365,74463.0,214572.0
NVDA,2026-09-16,2,C,210.5399932861328,50,0.348639326171875,210.0,0.3477428619076759,210.0,212.5,273.0,5400.0,0.020000000000000018,2.92,0.32,56729.0,43088.0
NVDA,2026-09-16,2,P,210.5399932861328,37,0.3459538061523437,210.0,0.3462174721124023,210.0,212.5,4020.0,6522.0,0.020000000000000018,2.3600000000000003,0.21621621621621623,38644.0,39125.0
NVDA,2026-09-18,4,C,210.5399932861328,90,0.36914693359375,210.0,0.3662466080331057,210.0,212.5,58281.0,7253.0,0.10000000000000009,3.8499999999999996,0.25555555555555554,1272232.0,132087.0
NVDA,2026-09-18,4,P,210.5399932861328,84,0.3579165771484375,210.0,0.3556490498919338,210.0,212.5,50928.0,9162.0,0.04999999999999982,3.225,0.3333333333333333,1064297.0,103353.0
NVDA,2026-09-21,7,C,210.5399932861328,38,0.33301448242187504,210.0,0.3304832892053128,210.0,212.5,148.0,546.0,0.20000000000000018,4.300000000000001,0.23684210526315788,16282.0,9438.0
NVDA,2026-09-21,7,P,210.5399932861328,33,0.3064034204101562,210.0,0.3055596893379688,210.0,212.5,1730.0,634.0,0.09999999999999964,3.5,0.06060606060606061,17655.0,4014.0
NVDA,2026-09-23,9,C,210.5399932861328,33,0.344733115234375,210.0,0.34178005648171905,210.0,212.5,173.0,391.0,0.09999999999999964,5.0,0.12121212121212122,11116.0,6781.0
NVDA,2026-09-23,9,P,210.5399932861328,29,0.31372756591796874,210.0,0.31465039677817375,210.0,212.5,346.0,60.0,0.14999999999999947,4.025,0.0,3059.0,714.0
NVDA,2026-09-25,11,C,210.5399932861328,73,0.3442448388671875,210.0,0.34303197545091807,210.0,212.5,2450.0,1708.0,0.09999999999999964,5.45,0.1780821917808219,169318.0,31668.0
NVDA,2026-09-25,11,P,210.5399932861328,62,0.3259344750976562,210.0,0.3246688784893751,210.0,212.5,15263.0,2251.0,0.15000000000000036,4.625,0.16129032258064516,131776.0,20581.0
NVDA,2026-10-02,18,C,210.5399932861328,57,0.3493717407226562,210.0,0.34843572656444827,210.0,215.0,1841.0,849.0,0.15000000000000036,6.875,0.17543859649122806,115722.0,14671.0
NVDA,2026-10-02,18,P,210.5399932861328,47,0.3245306805419921,210.0,0.32324530898670656,210.0,215.0,5195.0,814.0,0.10000000000000053,5.9,0.1276595744680851,139888.0,8187.0
NVDA,2026-10-09,25,C,210.5399932861328,48,0.3479069116210937,210.0,0.34770916215104974,210.0,215.0,327.0,408.0,0.10000000000000053,8.0,0.16666666666666666,54476.0,9448.0
NVDA,2026-10-09,25,P,210.5399932861328,42,0.3198310205078124,210.0,0.31859179049553715,210.0,215.0,2145.0,570.0,0.15000000000000036,6.825,0.09523809523809523,48110.0,7623.0
SPY,2026-09-14,0,C,758.469970703125,113,0.11084873535156249,758.0,0.10591501021802424,758.0,759.0,1012.0,26264.0,0.010000000000000009,1.995,0.336283185840708,129203.0,686946.0
SPY,2026-09-14,0,P,758.469970703125,116,0.05591764404296875,758.0,0.050811812218725674,758.0,759.0,5197.0,117693.0,0.010000000000000009,0.665,0.2413793103448276,268579.0,798194.0
SPY,2026-09-15,1,C,758.469970703125,104,0.13660531372070314,758.0,0.131069215169698,758.0,759.0,342.0,3808.0,0.020000000000000018,3.29,0.2980769230769231,50536.0,103156.0
SPY,2026-09-15,1,P,758.469970703125,108,0.08912043701171876,758.0,0.08694041892945767,758.0,759.0,2248.0,14539.0,0.010000000000000009,1.7650000000000001,0.12962962962962962,153015.0,157370.0
SPY,2026-09-16,2,C,758.469970703125,84,0.16266706481933596,758.0,0.16088862901538614,758.0,759.0,630.0,778.0,0.03000000000000025,4.6850000000000005,0.14285714285714285,37573.0,28826.0
SPY,2026-09-16,2,P,758.469970703125,105,0.11994288269042967,758.0,0.11819313133493066,758.0,759.0,788.0,2090.0,0.020000000000000018,3.05,0.06666666666666667,45205.0,31539.0
SPY,2026-09-17,3,C,758.469970703125,84,0.16864845031738285,758.0,0.1660668499568105,758.0,759.0,207.0,207.0,0.04999999999999982,5.555,0.08333333333333333,41979.0,10673.0
SPY,2026-09-17,3,P,758.469970703125,103,0.12824358093261717,758.0,0.12640777623176574,758.0,759.0,499.0,514.0,0.020000000000000018,3.8200000000000003,0.05825242718446602,58947.0,9224.0
SPY,2026-09-18,4,C,758.469970703125,309,0.1554039538574219,758.0,0.154801580439955,758.0,759.0,1995.0,581.0,0.040000000000000036,5.720000000000001,0.12297734627831715,1108839.0,92347.0
SPY,2026-09-18,4,P,758.469970703125,304,0.15204705383300782,758.0,0.15130125817328693,758.0,759.0,10822.0,3447.0,0.03000000000000025,5.135,0.17434210526315788,3818238.0,129630.0
SPY,2026-09-21,7,C,758.469970703125,82,0.13288220642089843,758.0,0.13157706401638686,758.0,759.0,360.0,235.0,0.07000000000000028,6.155,0.07317073170731707,26600.0,6264.0
SPY,2026-09-21,7,P,758.469970703125,86,0.13227186096191407,758.0,0.13063684740021825,758.0,759.0,266.0,211.0,0.040000000000000036,5.67,0.0,24582.0,8359.0
SPY,2026-09-22,8,C,758.469970703125,78,0.13257703369140628,758.0,0.13122886461421848,758.0,759.0,23.0,43.0,0.05999999999999961,6.48,0.05128205128205128,9708.0,3308.0
SPY,2026-09-22,8,P,758.469970703125,76,0.13196668823242189,758.0,0.1306185191552341,758.0,759.0,152.0,27.0,0.04999999999999982,6.035,0.0,12566.0,2440.0
SPY,2026-09-23,9,C,758.469970703125,73,0.13236341278076175,758.0,0.13117300817005337,758.0,759.0,104.0,26.0,0.05999999999999961,6.8100000000000005,0.0410958904109589,8912.0,3304.0
SPY,2026-09-23,9,P,758.469970703125,76,0.13178358459472655,758.0,0.1306075222082436,758.0,759.0,356.0,110.0,0.040000000000000036,6.369999999999999,0.0,11641.0,1904.0
JNJ,2026-09-18,4,C,269.3599853515625,57,0.22779092529296874,270.0,0.24288486982053514,267.5,270.0,13278.0,191.0,0.31000000000000005,2.4050000000000002,0.17543859649122806,56324.0,16431.0
JNJ,2026-09-18,4,P,269.3599853515625,50,0.25171646728515623,270.0,0.2575602925991416,267.5,270.0,1165.0,121.0,0.5499999999999998,3.225,0.64,40399.0,3037.0
JNJ,2026-09-25,11,C,269.3599853515625,27,0.2467116345214844,270.0,0.25766490068486336,267.5,270.0,316.0,4.0,0.5499999999999998,4.225,0.2962962962962963,2266.0,167.0
JNJ,2026-09-25,11,P,269.3599853515625,25,0.26270268554687504,270.0,0.2623901815193892,267.5,270.0,72.0,20.0,1.4000000000000004,4.75,0.36,3106.0,579.0
JNJ,2026-10-02,18,C,269.3599853515625,19,0.24298852722167968,270.0,0.2446682363694161,265.0,270.0,67.0,1.0,0.7000000000000002,5.300000000000001,0.2631578947368421,1907.0,100.0
JNJ,2026-10-02,18,P,269.3599853515625,16,0.23731231445312498,270.0,0.23592948413150008,265.0,270.0,51.0,9.0,1.0500000000000007,5.625,0.3125,1477.0,209.0
JNJ,2026-10-09,25,C,269.3599853515625,14,0.24781025634765624,270.0,0.2513103014554977,265.0,270.0,339.0,2.0,0.7000000000000002,6.449999999999999,0.21428571428571427,2022.0,155.0
JNJ,2026-10-09,25,P,269.3599853515625,13,0.22907265075683597,270.0,0.22900233735065165,265.0,270.0,53.0,1.0,0.8000000000000007,6.5,0.07692307692307693,1557.0,60.0
JNJ,2026-10-16,32,C,269.3599853515625,28,0.28339339660644525,270.0,0.2863504659665301,260.0,270.0,3199.0,7.0,0.75,8.475,0.14285714285714285,25648.0,4555.0
JNJ,2026-10-16,32,P,269.3599853515625,23,0.2528150891113281,270.0,0.25360416178072986,260.0,270.0,489.0,1.0,0.75,8.125,0.5217391304347826,24214.0,328.0
JNJ,2026-10-23,39,C,269.3599853515625,19,0.295356167602539,270.0,0.2970358767502755,265.0,270.0,19.0,5.0,1.75,9.325,0.10526315789473684,441.0,233.0
JNJ,2026-10-23,39,P,269.3599853515625,12,0.25916268188476566,270.0,0.2588814282600284,265.0,270.0,2.0,1.0,1.5,8.8,0.08333333333333333,155.0,15.0
JNJ,2026-10-30,46,C,269.3599853515625,7,0.3165961895751953,270.0,0.3174087000466585,265.0,270.0,3.0,0.0,2.700000000000001,10.55,0.0,26.0,6.0
JNJ,2026-10-30,46,P,269.3599853515625,4,0.25571423004150395,265.0,,,,12.0,0.0,1.5499999999999998,6.975,0.0,35.0,0.0
JNJ,2026-11-20,67,C,269.3599853515625,21,0.27936511657714835,270.0,0.28177530388913297,260.0,270.0,1151.0,20.0,0.9000000000000004,12.2,0.14285714285714285,4399.0,149.0
JNJ,2026-11-20,67,P,269.3599853515625,14,0.24085231811523436,270.0,0.24141873166505246,260.0,270.0,556.0,4.0,0.8499999999999996,11.075,0.07142857142857142,5810.0,69.0
KLAC,2026-09-18,4,C,170.63999938964844,258,0.6303747900390625,170.0,0.6243592309322022,170.0,172.0,1200.0,3.0,0.7000000000000002,5.35,0.6589147286821705,63276.0,3390.0
KLAC,2026-09-18,4,P,170.63999938964844,290,0.5246629565429688,170.0,0.5206005010422319,170.0,172.0,2471.0,19.0,0.7000000000000002,3.85,0.6482758620689655,96332.0,24798.0
KLAC,2026-09-25,11,C,170.63999938964844,29,0.5939982006835938,170.0,0.5918575991312824,170.0,175.0,13.0,1.0,1.0999999999999996,7.6499999999999995,0.3793103448275862,2028.0,75.0
KLAC,2026-09-25,11,P,170.63999938964844,28,0.5013477600097658,170.0,0.5120976422578694,170.0,172.5,714.0,18.0,0.8999999999999995,5.85,0.10714285714285714,2670.0,179.0
KLAC,2026-10-02,18,C,170.63999938964844,25,0.5883830224609375,170.0,0.5888830169841053,170.0,175.0,396.0,1.0,1.0999999999999996,9.45,0.4,2585.0,179.0
KLAC,2026-10-02,18,P,170.63999938964844,25,0.5147753601074219,170.0,0.5143847393861972,170.0,175.0,91.0,18.0,0.8999999999999995,7.65,0.16,2561.0,93.0
KLAC,2026-10-09,25,C,170.63999938964844,22,0.5662885168457032,170.0,0.5681322466498838,170.0,175.0,76.0,4.0,3.8000000000000007,10.6,0.3181818181818182,390.0,51.0
KLAC,2026-10-09,25,P,170.63999938964844,18,0.5039112109375,170.0,0.5075205464016161,170.0,175.0,473.0,4.0,1.5999999999999996,8.8,0.05555555555555555,2341.0,119.0
KLAC,2026-10-16,32,C,170.63999938964844,22,0.551762294921875,170.0,0.5558872497380077,170.0,175.0,53.0,1.0,1.5999999999999996,11.600000000000001,0.18181818181818182,5420.0,545.0
KLAC,2026-10-16,32,P,170.63999938964844,22,0.5111132873535156,170.0,0.5133632627077699,170.0,175.0,607.0,6.0,0.5999999999999996,10.100000000000001,0.0,6597.0,156.0
KLAC,2026-10-23,39,C,170.63999938964844,20,0.5861857788085938,170.0,0.5867482726471575,170.0,175.0,31.0,1.0,3.8000000000000007,13.5,0.1,318.0,279.0
KLAC,2026-10-23,39,P,170.63999938964844,15,0.5688519677734375,170.0,0.5725550522106476,170.0,175.0,17.0,3.0,3.299999999999999,12.45,0.13333333333333333,169.0,31.0
KLAC,2026-10-30,46,C,170.63999938964844,10,0.6475865319824219,170.0,0.6501411914992314,170.0,180.0,2.0,0.0,4.199999999999999,16.1,0.0,16.0,1.0
KLAC,2026-10-30,46,P,170.63999938964844,13,0.5684857604980469,170.0,0.5734388312431761,170.0,175.0,100.0,2.0,2.1999999999999993,13.5,0.15384615384615385,227.0,24.0
KLAC,2026-11-20,67,C,170.63999938964844,131,0.6208534008789064,170.0,0.6229236907013973,170.0,172.0,184.0,1.0,4.399999999999999,18.5,0.4122137404580153,13126.0,683.0
KLAC,2026-11-20,67,P,170.63999938964844,144,0.5721478332519532,170.0,0.5693744261312579,170.0,172.0,742.0,13.0,1.8000000000000007,16.4,0.3055555555555556,40179.0,2741.0
EPAM,2026-09-18,4,C,122.58180236816406,15,0.5109912182617188,125.0,0.541218386384964,120.0,125.0,101.0,1.0,0.5999999999999999,1.6,0.26666666666666666,1035.0,107.0
EPAM,2026-09-18,4,P,122.58180236816406,17,0.6879914013671876,125.0,0.6060474377830773,120.0,125.0,3.0,2.0,2.4,4.1,0.7058823529411765,1054.0,104.0
EPAM,2026-10-16,32,C,122.58180236816406,28,0.5019581054687501,125.0,0.49322056468312453,120.0,125.0,257.0,1.0,1.2999999999999998,5.65,0.2857142857142857,2392.0,123.0
EPAM,2026-10-16,32,P,122.58180236816406,25,0.5144091528320311,125.0,0.49569428506822505,120.0,125.0,19.0,1.0,2.3000000000000007,7.75,0.4,1278.0,89.0
EPAM,2026-12-18,95,C,122.58180236816406,42,0.5476119458007813,125.0,0.5490878817442992,120.0,125.0,28.0,2.0,2.3000000000000007,12.65,0.23809523809523808,1325.0,144.0
EPAM,2026-12-18,95,P,122.58180236816406,35,0.5290574438476563,125.0,0.5184897424920687,120.0,125.0,9.0,1.0,2.5,13.35,0.34285714285714286,1801.0,131.0
EPAM,2027-01-15,123,C,122.58180236816406,32,0.5240526110839843,125.0,0.5301334671712779,120.0,125.0,6.0,1.0,2.3000000000000007,13.85,0.0,1767.0,328.0
EPAM,2027-01-15,123,P,122.58180236816406,27,0.5217943328857422,125.0,0.5400369011476226,120.0,125.0,41.0,5.0,2.5999999999999996,14.899999999999999,0.18518518518518517,3453.0,102.0
EPAM,2027-04-16,214,C,122.58180236816406,12,0.5632978240966797,125.0,0.5649508723534197,120.0,125.0,6.0,2.0,2.3999999999999986,20.0,0.0,90.0,18.0
EPAM,2027-04-16,214,P,122.58180236816406,14,0.5250596810913085,120.0,0.5216297085830858,120.0,135.0,3.0,3.0,2.400000000000002,16.9,0.21428571428571427,223.0,192.0
YELP,2026-09-18,4,C,21.780000686645508,15,0.6152382226562501,22.0,0.691291912236251,21.0,22.0,35.0,5.0,1.05,0.525,0.8,1066.0,46.0
YELP,2026-09-18,4,P,21.780000686645508,10,0.7187528125,22.0,0.7140263120176271,21.0,22.0,472.0,10.0,0.5000000000000001,0.8500000000000001,0.4,6723.0,1499.0
YELP,2026-10-16,32,C,21.780000686645508,8,0.6513706738281251,22.0,,,,7.0,34.0,0.9000000000000001,1.15,0.5,84.0,70.0
YELP,2026-10-16,32,P,21.780000686645508,9,0.5864299169921875,22.0,0.5714984722865094,21.0,22.0,32.0,7.0,2.2,1.65,0.3333333333333333,502.0,143.0
YELP,2026-11-20,67,C,21.780000686645508,17,0.5742230078125,22.0,0.5759417352606356,21.0,22.0,4.0,1.0,3.3000000000000003,2.0500000000000003,0.29411764705882354,3076.0,62.0
YELP,2026-11-20,67,P,21.780000686645508,17,0.508793974609375,22.0,0.5876405962925964,21.0,22.0,36.0,1.0,0.44999999999999996,2.025,0.29411764705882354,772.0,139.0
YELP,2027-02-19,158,C,21.780000686645508,19,0.524418818359375,22.0,0.5286082165142056,21.0,22.0,22.0,20.0,1.2000000000000002,2.9,0.15789473684210525,936.0,111.0
YELP,2027-02-19,158,P,21.780000686645508,13,0.5388229711914063,22.0,0.545053358190898,21.0,22.0,7.0,3.0,0.7000000000000002,2.85,0.0,341.0,87.0
FORM,2026-09-18,4,C,107.25,20,0.8745129736328124,105.0,0.8521010883789062,105.0,110.0,157.0,1.0,2.5,5.55,0.45,6817.0,95.0
FORM,2026-09-18,4,P,107.25,23,0.7971211694335938,105.0,0.7865743999023438,105.0,110.0,258.0,18.0,1.75,2.925,0.391304347826087,5813.0,254.0
FORM,2026-10-16,32,C,107.25,33,0.7861349511718749,105.0,0.7737754556274414,105.0,110.0,226.0,5.0,2.6999999999999993,11.15,0.30303030303030304,3710.0,136.0
FORM,2026-10-16,32,P,107.25,30,0.7028838305664062,105.0,0.7035430036621095,105.0,110.0,156.0,5.0,0.9000000000000004,7.8500000000000005,0.2,3326.0,103.0
FORM,2027-01-15,123,C,107.25,33,0.8433853552246093,105.0,0.8434952174072265,105.0,110.0,35.0,1.0,2.5,21.75,0.0,1694.0,113.0
FORM,2027-01-15,123,P,107.25,26,0.7726463165283204,105.0,0.7716300913391114,105.0,110.0,34.0,1.0,2.3999999999999986,17.8,0.0,626.0,120.0
FORM,2027-04-16,214,C,107.25,13,0.8571791625976561,105.0,0.855421367675781,105.0,120.0,20.0,20.0,3.0,28.5,0.0,74.0,37.0
FORM,2027-04-16,214,P,107.25,10,0.7572045764160158,105.0,0.7585641209259035,105.0,115.0,1.0,0.0,2.5,23.15,0.0,36.0,10.0
FORM,2028-01-21,494,C,107.25,29,0.9044199011230469,105.0,0.9027994339294434,105.0,110.0,15.0,3.0,3.5,43.75,0.0,302.0,80.0
FORM,2028-01-21,494,P,107.25,16,0.7661766546630859,110.0,0.7666969741668701,100.0,110.0,10.0,2.0,3.3999999999999986,38.8,0.0,136.0,56.0
AVAV,2026-09-18,4,C,152.38999938964844,75,0.5979044116210939,152.5,0.5955196566116513,150.0,152.5,112.0,29.0,0.6000000000000001,4.2,0.5066666666666667,18364.0,1534.0
AVAV,2026-09-18,4,P,152.38999938964844,83,0.7722190747070312,152.5,0.7722942696848065,150.0,152.5,31.0,1.0,0.9000000000000004,5.55,0.27710843373493976,10645.0,806.0
AVAV,2026-09-25,11,C,152.38999938964844,42,0.5900919897460939,152.5,0.588802932984233,150.0,152.5,6.0,6.0,1.2999999999999998,6.449999999999999,0.2619047619047619,2163.0,384.0
AVAV,2026-09-25,11,P,152.38999938964844,50,0.6755403540039064,152.5,0.681631147203699,150.0,152.5,1.0,0.0,3.8000000000000007,7.5,0.24,1000.0,223.0
AVAV,2026-10-02,18,C,152.38999938964844,30,0.5999795861816408,150.0,0.5845754472834768,150.0,155.0,129.0,15.0,4.0,7.5,0.4,980.0,190.0
AVAV,2026-10-02,18,P,152.38999938964844,20,0.6468541174316407,150.0,0.6501216620464029,150.0,155.0,84.0,4.0,0.8999999999999995,7.75,0.15,613.0,84.0
AVAV,2026-10-09,25,C,152.38999938964844,21,0.5786174951171875,150.0,0.5782674010513201,150.0,155.0,51.0,1.0,0.9000000000000004,10.55,0.23809523809523808,472.0,77.0
AVAV,2026-10-09,25,P,152.38999938964844,18,0.6344030700683594,150.0,0.6881425091789999,150.0,155.0,21.0,3.0,1.299999999999999,9.05,0.16666666666666666,386.0,71.0
AVAV,2026-10-16,32,C,152.38999938964844,27,0.5719647296142578,150.0,0.5698933397245426,150.0,155.0,281.0,5.0,0.8000000000000007,11.6,0.0,3328.0,173.0
AVAV,2026-10-16,32,P,152.38999938964844,25,0.6131630480957033,150.0,0.6133964441396149,150.0,155.0,215.0,25.0,0.5,9.95,0.04,2710.0,170.0
AVAV,2026-10-23,39,C,152.38999938964844,24,0.6103554589843752,150.0,0.5959432532728353,150.0,155.0,45.0,89.0,4.5,11.15,0.041666666666666664,679.0,128.0
AVAV,2026-10-23,39,P,152.38999938964844,21,0.6276282354736329,150.0,0.6451329387670013,150.0,155.0,2.0,0.0,1.5,11.35,0.047619047619047616,516.0,13.0
AVAV,2026-10-30,46,C,152.38999938964844,14,0.5513960876464845,150.0,0.573247792257706,150.0,155.0,7.0,2.0,3.3000000000000007,13.15,0.0,49.0,15.0
AVAV,2026-10-30,46,P,152.38999938964844,16,0.6186561572265626,150.0,0.636933984915388,150.0,160.0,11.0,0.0,1.4000000000000004,12.2,0.125,80.0,0.0
AVAV,2026-12-18,95,C,152.38999938964844,37,0.6604037866210939,150.0,0.6412653110203447,150.0,155.0,267.0,1.0,1.6999999999999993,21.549999999999997,0.0,4220.0,307.0
AVAV,2026-12-18,95,P,152.38999938964844,37,0.6601596484375001,150.0,0.669612188215919,150.0,155.0,194.0,7.0,1.3000000000000007,19.15,0.0,4433.0,370.0
