end,mem,val,accn,src
2022-06-25,IPadMember,7224000000.0,0000320193-23-000077,3M
2022-09-24,IPadMember,7174000000.0,0000320193-24-000123|9M:0000320193-23-000077,FY-9M
2022-12-31,IPadMember,9396000000.0,0000320193-24-000006,3M
2023-04-01,IPadMember,6670000000.0,0000320193-24-000069,3M
2023-07-01,IPadMember,5791000000.0,0000320193-24-000081,3M
2023-09-30,IPadMember,6443000000.0,0000320193-25-000079|9M:0000320193-24-000081,FY-9M
2023-12-30,IPadMember,7023000000.0,0000320193-25-000008,3M
2024-03-30,IPadMember,5559000000.0,0000320193-25-000057,3M
2024-06-29,IPadMember,7162000000.0,0000320193-25-000073,3M
2024-09-28,IPadMember,6950000000.0,0000320193-25-000079|9M:0000320193-25-000073,FY-9M
2024-12-28,IPadMember,8088000000.0,0000320193-26-000006,3M
2025-03-29,IPadMember,6402000000.0,0000320193-26-000013,3M
2025-06-28,IPadMember,6581000000.0,0000320193-26-000020,3M
2025-09-27,IPadMember,6952000000.0,0000320193-25-000079|9M:0000320193-26-000020,FY-9M
2025-12-27,IPadMember,8595000000.0,0000320193-26-000006,3M
2026-03-28,IPadMember,6914000000.0,0000320193-26-000013,3M
2026-06-27,IPadMember,6191000000.0,0000320193-26-000020,3M
2022-06-25,IPhoneMember,40665000000.0,0000320193-23-000077,3M
2022-09-24,IPhoneMember,42626000000.0,0000320193-24-000123|9M:0000320193-23-000077,FY-9M
2022-12-31,IPhoneMember,65775000000.0,0000320193-24-000006,3M
2023-04-01,IPhoneMember,51334000000.0,0000320193-24-000069,3M
2023-07-01,IPhoneMember,39669000000.0,0000320193-24-000081,3M
2023-09-30,IPhoneMember,43805000000.0,0000320193-25-000079|9M:0000320193-24-000081,FY-9M
2023-12-30,IPhoneMember,69702000000.0,0000320193-25-000008,3M
2024-03-30,IPhoneMember,45963000000.0,0000320193-25-000057,3M
2024-06-29,IPhoneMember,39296000000.0,0000320193-25-000073,3M
2024-09-28,IPhoneMember,46222000000.0,0000320193-25-000079|9M:0000320193-25-000073,FY-9M
2024-12-28,IPhoneMember,69138000000.0,0000320193-26-000006,3M
2025-03-29,IPhoneMember,46841000000.0,0000320193-26-000013,3M
2025-06-28,IPhoneMember,44582000000.0,0000320193-26-000020,3M
2025-09-27,IPhoneMember,49025000000.0,0000320193-25-000079|9M:0000320193-26-000020,FY-9M
2025-12-27,IPhoneMember,85269000000.0,0000320193-26-000006,3M
2026-03-28,IPhoneMember,56994000000.0,0000320193-26-000013,3M
2026-06-27,IPhoneMember,54252000000.0,0000320193-26-000020,3M
2022-06-25,MacMember,7382000000.0,0000320193-23-000077,3M
2022-09-24,MacMember,11508000000.0,0000320193-24-000123|9M:0000320193-23-000077,FY-9M
2022-12-31,MacMember,7735000000.0,0000320193-24-000006,3M
2023-04-01,MacMember,7168000000.0,0000320193-24-000069,3M
2023-07-01,MacMember,6840000000.0,0000320193-24-000081,3M
2023-09-30,MacMember,7614000000.0,0000320193-25-000079|9M:0000320193-24-000081,FY-9M
2023-12-30,MacMember,7780000000.0,0000320193-25-000008,3M
2024-03-30,MacMember,7451000000.0,0000320193-25-000057,3M
2024-06-29,MacMember,7009000000.0,0000320193-25-000073,3M
2024-09-28,MacMember,7744000000.0,0000320193-25-000079|9M:0000320193-25-000073,FY-9M
2024-12-28,MacMember,8987000000.0,0000320193-26-000006,3M
2025-03-29,MacMember,7949000000.0,0000320193-26-000013,3M
2025-06-28,MacMember,8046000000.0,0000320193-26-000020,3M
2025-09-27,MacMember,8726000000.0,0000320193-25-000079|9M:0000320193-26-000020,FY-9M
2025-12-27,MacMember,8386000000.0,0000320193-26-000006,3M
2026-03-28,MacMember,8399000000.0,0000320193-26-000013,3M
2026-06-27,MacMember,10352000000.0,0000320193-26-000020,3M
2022-06-25,ProductMember,63355000000.0,0000320193-23-000077,3M
2022-09-24,ProductMember,70958000000.0,0000320193-24-000123|9M:0000320193-23-000077,FY-9M
2022-12-31,ProductMember,96388000000.0,0000320193-24-000006,3M
2023-04-01,ProductMember,73929000000.0,0000320193-24-000069,3M
2023-07-01,ProductMember,60584000000.0,0000320193-24-000081,3M
2023-09-30,ProductMember,67184000000.0,0000320193-25-000079|9M:0000320193-24-000081,FY-9M
2023-12-30,ProductMember,96458000000.0,0000320193-25-000008,3M
2024-03-30,ProductMember,66886000000.0,0000320193-25-000057,3M
2024-06-29,ProductMember,61564000000.0,0000320193-25-000073,3M
2024-09-28,ProductMember,69958000000.0,0000320193-25-000079|9M:0000320193-25-000073,FY-9M
2024-12-28,ProductMember,97960000000.0,0000320193-26-000006,3M
2025-03-29,ProductMember,68714000000.0,0000320193-26-000013,3M
2025-06-28,ProductMember,66613000000.0,0000320193-26-000020,3M
2025-09-27,ProductMember,73716000000.0,0000320193-25-000079|9M:0000320193-26-000020,FY-9M
2025-12-27,ProductMember,113743000000.0,0000320193-26-000006,3M
2026-03-28,ProductMember,80208000000.0,0000320193-26-000013,3M
2026-06-27,ProductMember,78678000000.0,0000320193-26-000020,3M
2022-06-25,ServiceMember,19604000000.0,0000320193-23-000077,3M
2022-09-24,ServiceMember,19188000000.0,0000320193-24-000123|9M:0000320193-23-000077,FY-9M
2022-12-31,ServiceMember,20766000000.0,0000320193-24-000006,3M
2023-04-01,ServiceMember,20907000000.0,0000320193-24-000069,3M
2023-07-01,ServiceMember,21213000000.0,0000320193-24-000081,3M
2023-09-30,ServiceMember,22314000000.0,0000320193-25-000079|9M:0000320193-24-000081,FY-9M
2023-12-30,ServiceMember,23117000000.0,0000320193-25-000008,3M
2024-03-30,ServiceMember,23867000000.0,0000320193-25-000057,3M
2024-06-29,ServiceMember,24213000000.0,0000320193-25-000073,3M
2024-09-28,ServiceMember,24972000000.0,0000320193-25-000079|9M:0000320193-25-000073,FY-9M
2024-12-28,ServiceMember,26340000000.0,0000320193-26-000006,3M
2025-03-29,ServiceMember,26645000000.0,0000320193-26-000013,3M
2025-06-28,ServiceMember,27423000000.0,0000320193-26-000020,3M
2025-09-27,ServiceMember,28750000000.0,0000320193-25-000079|9M:0000320193-26-000020,FY-9M
2025-12-27,ServiceMember,30013000000.0,0000320193-26-000006,3M
2026-03-28,ServiceMember,30976000000.0,0000320193-26-000013,3M
2026-06-27,ServiceMember,30739000000.0,0000320193-26-000020,3M
2022-06-25,WearablesHomeandAccessoriesMember,8084000000.0,0000320193-23-000077,3M
2022-09-24,WearablesHomeandAccessoriesMember,9650000000.0,0000320193-24-000123|9M:0000320193-23-000077,FY-9M
2022-12-31,WearablesHomeandAccessoriesMember,13482000000.0,0000320193-24-000006,3M
2023-04-01,WearablesHomeandAccessoriesMember,8757000000.0,0000320193-24-000069,3M
2023-07-01,WearablesHomeandAccessoriesMember,8284000000.0,0000320193-24-000081,3M
2023-09-30,WearablesHomeandAccessoriesMember,9322000000.0,0000320193-25-000079|9M:0000320193-24-000081,FY-9M
2023-12-30,WearablesHomeandAccessoriesMember,11953000000.0,0000320193-25-000008,3M
2024-03-30,WearablesHomeandAccessoriesMember,7913000000.0,0000320193-25-000057,3M
2024-06-29,WearablesHomeandAccessoriesMember,8097000000.0,0000320193-25-000073,3M
2024-09-28,WearablesHomeandAccessoriesMember,9042000000.0,0000320193-25-000079|9M:0000320193-25-000073,FY-9M
2024-12-28,WearablesHomeandAccessoriesMember,11747000000.0,0000320193-26-000006,3M
2025-03-29,WearablesHomeandAccessoriesMember,7522000000.0,0000320193-26-000013,3M
2025-06-28,WearablesHomeandAccessoriesMember,7404000000.0,0000320193-26-000020,3M
2025-09-27,WearablesHomeandAccessoriesMember,9013000000.0,0000320193-25-000079|9M:0000320193-26-000020,FY-9M
2025-12-27,WearablesHomeandAccessoriesMember,11493000000.0,0000320193-26-000006,3M
2026-03-28,WearablesHomeandAccessoriesMember,7901000000.0,0000320193-26-000013,3M
2026-06-27,WearablesHomeandAccessoriesMember,7883000000.0,0000320193-26-000020,3M
