date,symbol,spot,iv30,iv60,iv90,iv30_call,iv30_put,ts_slope,iv_near,dte_near,skew25,cp_spread_pts,cp_spread_rel,n_exp_used,atm_oi,atm_vol,quality,_secs
2026-09-14,A,145.74,0.302517,0.304151,0.334457,0.323557,0.281477,0.001634,0.302517,32.0,0.039531,4.208,0.139099620847754,8.0,264.0,9.0,ok,1.49
2026-09-14,AAPL,334.2501,0.244155,0.27352,0.268589,0.267136,0.221175,0.029365,0.230348,7.0,0.030697,4.623,0.1893469312526878,10.0,34779.0,4603.0,ok,3.39
2026-09-14,ABMD,,,,,,,,,,,,,,,,no_expiries,0.1
2026-09-14,ABNB,169.94,0.33142,0.385457,0.381313,0.351516,0.311384,0.054037,0.321839,11.0,0.008844,4.483,0.1352664293042061,9.0,2508.0,99.0,ok,1.77
2026-09-14,ACGL,97.04,0.334576,0.334576,0.284609,0.334576,0.228557,0.0,0.334576,67.0,,,,3.0,158.0,5.0,"iv30_extrapolated,iv60_extrapolated",0.84
2026-09-14,ACRE,4.345,,,,,,,,,,,,,,,no_usable_expiry,0.76
2026-09-14,AEIS,261.66,0.610501,0.642711,0.654565,0.654161,0.566841,0.03221,0.610501,32.0,-0.003747,8.732,0.1430300687468161,5.0,162.0,43.0,ok,1.09
2026-09-14,AEP,122.285,0.206833,0.216256,0.21135,0.223024,0.190642,0.009423,0.206833,32.0,0.058799,3.238,0.1565514207113952,8.0,2572.0,493.0,ok,1.73
2026-09-14,AERI,,,,,,,,,,,,,,,,no_expiries,0.16
2026-09-14,AES,14.8201,0.09342,0.0905,0.086236,0.09342,0.111368,-0.00292,0.09342,32.0,,,,3.0,1084.0,27.0,ok,1.16
2026-09-14,AFRM,73.49,0.540029,0.615206,0.602269,0.555773,0.52452,0.075177,0.544574,11.0,-0.012223,4.384,0.0811808254741875,9.0,2673.0,44.0,ok,1.93
2026-09-14,AFYA,13.7,,,,,,,,,,,,,,,no_usable_expiry,0.68
2026-09-14,AGR,,,,,,,,,,,,,,,,no_expiries,0.2
2026-09-14,AIMC,,,,,,,,,,,,,,,,no_expiries,0.1
2026-09-14,AINV,,,,,,,,,,,,,,,,no_expiries,0.09
2026-09-14,AIV,2.35,,,,,,,,,,,,,,,no_usable_expiry,0.81
2026-09-14,AKAM,107.6305,0.531344,0.612073,0.599637,0.541581,0.517657,0.080729,0.520379,11.0,-0.005141,2.683,0.0504945948387485,9.0,837.0,95.0,ok,1.71
2026-09-14,ALBO,,,,,,,,,,,,,,,,no_expiries,0.1
2026-09-14,ALCO,,,,,,,,,,,,,,,,no_expiries,0.1
2026-09-14,ALEX,,,,,,,,,,,,,,,,no_expiries,0.12
2026-09-14,ALHC,12.965,0.634197,0.650842,0.633158,0.668292,0.634197,0.016645,0.634197,32.0,-0.017982,,,5.0,4332.0,3013.0,ok,1.12
2026-09-14,ALKS,46.01,0.544839,0.634363,0.688496,0.752627,0.544839,0.089524,0.544839,32.0,0.205652,,,5.0,191.0,0.0,ok,1.08
2026-09-14,AMAG,,,,,,,,,,,,,,,,no_expiries,0.1
2026-09-14,AMBC,,,,,,,,,,,,,,,,no_expiries,0.09
2026-09-14,AMD,493.87,0.501413,0.548959,0.54591,0.519424,0.483402,0.047546,0.497639,7.0,0.002209,3.621,0.0722159178162512,10.0,17946.0,2446.0,ok,2.16
2026-09-14,AMGN,380.615,0.269783,0.304416,0.294748,0.277565,0.262001,0.034633,0.28019,11.0,0.034911,1.579,0.0585285210706382,10.0,2420.0,21.0,ok,1.96
2026-09-14,AMKR,47.845,0.650285,0.678791,0.705151,0.707837,0.592738,0.028506,0.621547,11.0,-0.047896,11.388,0.1751232152056406,8.0,192.0,39.0,ok,1.89
2026-09-14,AMRS,,,,,,,,,,,,,,,,no_expiries,0.13
2026-09-14,AMT,177.335,0.278783,0.301184,0.291123,0.248857,0.308709,0.022401,0.278783,32.0,0.010409,5.985,0.2146831047804206,7.0,1413.0,15.0,ok,1.59
2026-09-14,AMTX,1.97,1.011722,1.052787,1.068016,1.011722,1.014771,0.041065,1.011722,32.0,,,,2.0,6142.0,191.0,ok,0.8
2026-09-14,AMZN,254.65,0.301451,0.377362,0.359803,0.318731,0.284171,0.075911,0.275403,7.0,0.013988,3.473,0.1152094370229324,10.0,35290.0,4583.0,ok,1.78
2026-09-14,ANCN,,,,,,,,,,,,,,,,no_expiries,0.16
2026-09-14,ANF,143.5363,0.497563,0.492937,0.56262,0.523346,0.471926,-0.004626,0.524434,11.0,-0.006342,6.052,0.1216328384546278,8.0,837.0,213.0,ok,1.79
2026-09-14,AON,310.49,0.289253,0.300741,0.307668,0.325201,0.253305,0.011488,0.289253,32.0,0.02838,7.19,0.2485713199171659,4.0,1166.0,31.0,ok,1.13
2026-09-14,APA,45.645,0.48595,0.499724,0.495532,0.497878,0.459179,0.013774,0.476411,11.0,0.000211,3.199,0.0658298178824982,9.0,11521.0,3513.0,ok,2.35
2026-09-14,APC,,,,,,,,,,,,,,,,no_expiries,0.09
2026-09-14,APLE,15.465,0.337927,0.311619,0.300992,0.273614,0.337927,-0.026308,0.337927,32.0,-0.064482,,,3.0,427.0,3.0,ok,0.98
2026-09-14,APLS,,,,,,,,,,,,,,,,no_expiries,0.17
2026-09-14,APPS,11.595,0.785429,0.880521,0.914149,0.847707,0.723152,0.095092,0.785429,32.0,-0.008083,12.455,0.1585757592347621,4.0,1854.0,188.0,ok,1.0
2026-09-14,AQUA,,,,,,,,,,,,,,,,no_expiries,0.1
2026-09-14,ARM,239.01,0.635221,0.686113,0.687733,0.65007,0.620373,0.050892,0.643382,11.0,-0.016121,2.987,0.04702300459210259,10.0,6151.0,738.0,ok,1.97
2026-09-14,ARR,15.525,0.243037,0.252018,0.255357,0.159896,0.326179,0.008981,0.243037,32.0,0.042126,16.628,0.6841756604961384,3.0,2714.0,62.0,cp_spread_wide,0.76
2026-09-14,ARRY,4.395,0.69886,0.802493,0.790929,0.731292,0.666429,0.103633,0.69886,32.0,-0.030888,6.486,0.0928082877829608,4.0,10260.0,118.0,ok,0.84
2026-09-14,ATO,163.87,0.25118,0.233791,0.226815,0.329977,0.172384,-0.017389,0.25118,32.0,0.094651,15.759,0.6273986782387132,2.0,148.0,8.0,cp_spread_wide,0.78
2026-09-14,ATVI,,,,,,,,,,,,,,,,no_expiries,0.17
2026-09-14,ATXI,,,,,,,,,,,,,,,,no_expiries,0.1
2026-09-14,AVA,36.68,,,,,,,,,,,,,,,no_usable_expiry,0.81
2026-09-14,AVAV,155.68,0.605848,0.617803,0.656967,0.614275,0.597452,0.011955,0.655011,11.0,0.001698,2.16,0.0356525068994203,9.0,1074.0,240.0,ok,1.69
2026-09-14,AVGO,344.72,0.363772,0.387268,0.419255,0.374273,0.353275,0.023496,0.358639,7.0,0.008011,2.167,0.05957028028545352,10.0,18105.0,4080.0,ok,2.4
2026-09-14,BATRK,50.32,0.368303,0.368303,0.368303,0.368303,,0.0,0.368303,158.0,,,,1.0,67.0,7.0,"single_expiry_no_interp,iv30_extrapolated,iv60_extrapolated,iv90_extrapolated",0.71
2026-09-14,BE,259.384,0.771772,0.867096,0.856194,0.766701,0.776843,0.095324,0.774117,11.0,0.003319,0.922,0.0119465334321535,10.0,8829.0,743.0,ok,1.79
2026-09-14,BEAM,24.65,0.713339,0.847261,0.760655,0.640445,0.786233,0.133922,0.713339,32.0,-0.090288,14.579,0.2043768811182341,4.0,268.0,15.0,ok,1.01
2026-09-14,BIDU,92.385,0.431367,0.466437,0.46472,0.450966,0.411785,0.03507,0.460253,11.0,-0.02441,3.614,0.0837801686267146,9.0,15408.0,369.0,ok,1.71
2026-09-14,BKH,71.11,0.397688,0.397688,0.350821,0.434589,0.360788,0.0,0.397688,67.0,0.027244,7.38,0.1855726096839733,2.0,382.0,12.0,"iv30_extrapolated,iv60_extrapolated",0.88
2026-09-14,BKNG,175.88,0.383097,0.411312,0.419378,0.414701,0.351495,0.028215,0.428186,11.0,0.021894,6.401,0.1670856206130562,9.0,1545.0,205.0,ok,1.92
2026-09-14,BKYI,,,,,,,,,,,,,,,,no_expiries,0.12
2026-09-14,BLDP,2.17,0.832931,0.832931,0.805401,0.938829,0.727034,0.0,0.832931,67.0,-0.129803,21.179,0.2542707619238568,2.0,4090.0,49.0,"cp_spread_wide,iv30_extrapolated,iv60_extrapolated",0.87
2026-09-14,BLMN,8.775,0.685941,0.671353,0.665711,0.686234,0.685941,-0.014588,0.685941,32.0,-0.019922,,,2.0,4399.0,22.0,ok,0.84
2026-09-14,BLNK,0.5404,1.445078,1.445078,1.445078,,1.445078,0.0,1.445078,123.0,-0.007575,,,1.0,2302.0,18.0,"single_expiry_no_interp,iv30_extrapolated,iv60_extrapolated,iv90_extrapolated",0.83
2026-09-14,BMY,64.0701,0.272921,0.330944,0.313008,0.263693,0.282184,0.058023,0.262785,11.0,0.036731,1.501,0.0549976000381062,10.0,6353.0,787.0,ok,1.81
2026-09-14,BTAI,,,,,,,,,,,,,,,,no_expiries,0.1
2026-09-14,BXP,64.625,0.396124,0.414664,0.399159,0.381525,0.410724,0.01854,0.396124,32.0,0.046997,2.92,0.0737142914844846,3.0,3202.0,21.0,ok,1.05
2026-09-14,CALM,75.15,0.411801,0.39643,0.394284,0.424607,0.398995,-0.015371,0.411801,32.0,0.009592,2.561,0.0621902326609211,3.0,888.0,40.0,ok,0.83
2026-09-14,CASH,79.12,,,,,,,,,,,,,,,no_usable_expiry,0.76
2026-09-14,CATY,62.54,,,,,,,,,,,,,,,no_usable_expiry,0.66
2026-09-14,CBIO,19.9,1.326703,1.326703,1.326703,1.326703,,0.0,1.326703,158.0,-0.099648,,,1.0,2033.0,4.0,"single_expiry_no_interp,iv30_extrapolated,iv60_extrapolated,iv90_extrapolated",0.86
2026-09-14,CBL,54.5,0.341148,0.496258,0.478194,0.341148,0.470694,0.15511,0.341148,32.0,,,,3.0,14.0,4.0,thin_atm,0.9
2026-09-14,CERS,2.495,,,,,,,,,,,,,,,no_usable_expiry,0.91
2026-09-14,CF,131.03,0.475198,0.477672,0.464496,0.488546,0.439636,0.002474,0.510608,11.0,-0.010011,3.652,0.0768521753037681,9.0,969.0,60.0,ok,1.75
2026-09-14,CGEM,20.69,0.804973,0.851687,0.868823,0.804973,0.888209,0.046714,0.804973,32.0,,,,5.0,119.0,14.0,ok,1.17
2026-09-14,CHTR,146.46,0.515315,0.613398,0.602565,0.526729,0.49948,0.098083,0.510857,11.0,-0.002799,3.008,0.0583720636891998,9.0,4205.0,242.0,ok,1.81
2026-09-14,CLDT,12.94,,,,,,,,,,,,,,,no_usable_expiry,0.8
2026-09-14,CLF,11.8299,0.58804,0.670032,0.632635,0.620638,0.555471,0.081992,0.575552,11.0,-0.017887,6.981,0.1187164138493979,10.0,13348.0,2531.0,ok,1.76
2026-09-14,CLH,321.055,0.290699,0.291989,0.292478,0.290699,0.256009,0.00129,0.290699,32.0,-0.02226,,,2.0,94.0,41.0,ok,0.88
2026-09-14,CLVS,,,,,,,,,,,,,,,,no_expiries,0.18
2026-09-14,CMCSA,25.185,0.316889,0.342869,0.328291,0.307296,0.326482,0.02598,0.339504,11.0,0.017038,1.771,0.0558870771784441,10.0,21671.0,467.0,ok,1.85
2026-09-14,CMS,67.02,0.237247,0.237247,0.237247,0.259153,0.215342,0.0,0.237247,95.0,0.037418,4.381,0.1846598692501907,2.0,696.0,14.0,"iv30_extrapolated,iv60_extrapolated",0.75
2026-09-14,CNP,38.415,0.393629,0.441838,0.330386,0.516322,0.393629,0.048209,0.393629,32.0,,,,5.0,124.0,96.0,ok,1.12
2026-09-14,CONN,,,,,,,,,,,,,,,,no_expiries,0.09
2026-09-14,COST,915.39,0.243643,0.247574,0.240469,0.26486,0.222428,0.003931,0.283063,11.0,0.002779,4.267,0.1751332892798069,10.0,1298.0,262.0,ok,2.09
2026-09-14,COUP,,,,,,,,,,,,,,,,no_expiries,0.17
2026-09-14,CPT,102.96,0.375097,0.375097,0.360495,0.474199,0.275995,0.0,0.375097,67.0,-0.088224,19.82,0.528396654731976,2.0,132.0,12.0,"cp_spread_wide,iv30_extrapolated,iv60_extrapolated",1.04
2026-09-14,CROX,111.075,0.438345,0.485586,0.502415,0.46802,0.40867,0.047241,0.438345,32.0,-0.008408,5.935,0.1353956358576007,5.0,661.0,114.0,ok,1.26
2026-09-14,CRWD,238.465,0.565284,0.574519,0.594109,0.57457,0.556102,0.009235,0.591298,11.0,-0.010574,2.706,0.0478697433502451,10.0,1530.0,1562.0,ok,2.05
2026-09-14,CSX,48.795,0.281999,0.288593,0.278963,0.297323,0.266676,0.006594,0.269738,11.0,0.004028,3.152,0.1117734460051276,9.0,2410.0,34.0,ok,1.93
2026-09-14,CTWS,,,,,,,,,,,,,,,,no_expiries,0.1
2026-09-14,CTXS,,,,,,,,,,,,,,,,no_expiries,0.1
2026-09-14,CVS,95.42,0.309319,0.332325,0.323039,0.333428,0.28521,0.023006,0.283562,11.0,0.036104,4.719,0.1525609484060145,9.0,4341.0,90.0,ok,1.99
2026-09-14,CWT,47.94,0.476331,0.476331,0.476331,0.476331,,0.0,0.476331,95.0,,,,1.0,19.0,2.0,"single_expiry_no_interp,iv30_extrapolated,iv60_extrapolated,thin_atm",0.92
2026-09-14,CYH,2.94,,,,,,,,,,,,,,,no_usable_expiry,0.89
2026-09-14,D,64.82,0.219844,0.228367,0.231532,0.238254,0.201434,0.008523,0.219844,32.0,0.153209,3.682,0.1674823966085042,6.0,1168.0,944.0,ok,1.23
2026-09-14,DAL,79.64,0.426677,0.41836,0.400864,0.456846,0.396538,-0.008317,0.386632,11.0,-0.002896,5.572,0.1305905872592148,9.0,3211.0,391.0,ok,1.67
2026-09-14,DEI,10.585,0.597077,0.597077,0.597077,,0.597077,0.0,0.597077,123.0,0.076266,,,1.0,1572.0,447.0,"single_expiry_no_interp,iv30_extrapolated,iv60_extrapolated,iv90_extrapolated",0.74
2026-09-14,DELL,542.67,0.603435,0.632194,0.66694,0.60355,0.603343,0.028759,0.593596,11.0,0.009626,0.446,0.0073910197452915,10.0,3630.0,723.0,ok,1.74
2026-09-14,DIS,109.04,0.244947,0.298425,0.295629,0.267441,0.222453,0.053478,0.241809,11.0,0.008396,4.563,0.186285196389423,10.0,10640.0,555.0,ok,1.88
2026-09-14,DKNG,24.145,0.547747,0.591802,0.586115,0.563451,0.532092,0.044055,0.545547,11.0,-0.026277,2.557,0.0466821360956792,9.0,12457.0,350.0,ok,1.89
2026-09-14,DLR,181.76,0.30671,0.354917,0.330444,0.315407,0.302149,0.048207,0.328475,11.0,0.013912,1.194,0.0389292817319291,8.0,383.0,24.0,ok,1.81
2026-09-14,DO,,,,,,,,,,,,,,,,no_expiries,0.14
2026-09-14,DOOR,,,,,,,,,,,,,,,,no_expiries,0.1
2026-09-14,DRUG,63.25,,,,,,,,,,,,,,,no_usable_expiry,0.6
2026-09-14,DSGX,79.35,0.508685,0.502782,0.500515,0.476217,0.541152,-0.005903,0.508685,32.0,-0.043836,6.493,0.1276428438031394,3.0,49.0,21.0,ok,0.75
2026-09-14,DTE,131.9,0.243745,0.238184,0.236031,0.24083,0.243745,-0.005561,0.243745,32.0,0.092199,,,3.0,137.0,6.0,ok,0.86
2026-09-14,DUK,118.83,0.179781,0.188743,0.192047,0.200831,0.15873,0.008962,0.179781,32.0,0.078772,4.21,0.2341738003459764,7.0,7180.0,646.0,ok,1.32
2026-09-14,DXCM,84.1801,0.366759,0.420077,0.424061,0.391563,0.342016,0.053318,0.363973,11.0,0.031816,4.435,0.120924094568913,9.0,1408.0,48.0,ok,1.69
2026-09-14,EARN,4.285,,,,,,,,,,,,,,,no_usable_expiry,0.58
2026-09-14,ED,105.93,0.16029,0.198038,0.196639,0.21921,0.16029,0.037748,0.16029,32.0,0.038693,,,4.0,181.0,9.0,ok,1.09
2026-09-14,ELS,61.11,,,,,,,,,,,,,,,no_usable_expiry,0.74
2026-09-14,EPAM,125.51,0.482737,0.557057,0.582883,0.522105,0.44337,0.07432,0.482737,32.0,-0.010442,7.873,0.1630908755699273,4.0,359.0,51.0,ok,0.87
2026-09-14,ES,68.02,0.281699,0.258046,0.248443,0.279243,0.284155,-0.023653,0.281699,32.0,0.044968,0.491,0.017429951828015,3.0,1132.0,40.0,ok,0.9
2026-09-14,ESTC,85.785,0.507584,0.616667,0.607201,0.508649,0.50652,0.109083,0.507584,32.0,0.015614,0.213,0.0041963497667381,6.0,890.0,36.0,ok,1.11
2026-09-14,ETSY,74.65,0.485643,0.503358,0.520665,0.508091,0.472208,0.017715,0.493389,11.0,-0.018594,3.522,0.0725224084358263,9.0,6955.0,34.0,ok,1.65
2026-09-14,EVRG,81.025,0.200252,0.212161,0.216525,0.224141,0.200252,0.011909,0.200252,32.0,0.1562,,,3.0,1335.0,4.0,ok,0.96
2026-09-14,EW,85.19,0.285857,0.329061,0.325508,0.313397,0.258317,0.043204,0.285857,32.0,0.038857,5.508,0.1926837544646449,7.0,607.0,9.0,ok,1.51
2026-09-14,EWBC,130.125,0.336573,0.325819,0.314107,0.336573,0.330048,-0.010754,0.336573,32.0,0.050152,,,4.0,164.0,12.0,ok,1.0
2026-09-14,EXC,42.68,0.216438,0.221943,0.224004,0.239763,0.193114,0.005505,0.216438,32.0,0.052612,4.665,0.2155351648047015,5.0,5517.0,78.0,ok,1.26
2026-09-14,EXPR,,,,,,,,,,,,,,,,no_expiries,0.1
2026-09-14,FAF,72.75,0.388092,0.388092,0.388092,0.388092,,0.0,0.388092,123.0,0.001685,,,1.0,30.0,9.0,"single_expiry_no_interp,iv30_extrapolated,iv60_extrapolated,iv90_extrapolated,thin_atm",0.86
2026-09-14,FAST,49.265,0.345864,0.320073,0.307064,0.3719,0.319828,-0.025791,0.345864,32.0,0.020842,5.207,0.1505505054009668,7.0,8701.0,3655.0,ok,1.35
2026-09-14,FDP,,,,,,,,,,,,,,,,no_expiries,0.1
2026-09-14,FE,45.7,0.255586,0.273214,0.279637,0.285188,0.225984,0.017628,0.255586,32.0,0.194126,5.92,0.2316245803760769,5.0,183.0,14.0,ok,1.32
2026-09-14,FFIN,33.28,,,,,,,,,,,,,,,no_usable_expiry,0.85
2026-09-14,FFIV,412.775,0.381058,0.455777,0.442815,0.403907,0.358208,0.074719,0.381058,32.0,0.014639,4.57,0.119929249615544,7.0,247.0,9.0,ok,1.52
2026-09-14,FISV,52.58,0.424016,0.494799,0.469072,0.456276,0.391783,0.070783,0.429805,11.0,0.013592,6.728,0.1586732576129202,10.0,2891.0,262.0,ok,1.71
2026-09-14,FLS,71.38,0.766018,0.597677,0.519388,1.092647,0.439388,-0.168341,0.766018,32.0,,65.326,0.8527998036599661,2.0,224.0,12.0,cp_spread_wide,0.75
2026-09-14,FNF,44.525,0.464153,0.464153,0.464153,0.446263,0.482043,0.0,0.464153,95.0,0.065393,3.578,0.0770866503071185,2.0,299.0,24.0,"iv30_extrapolated,iv60_extrapolated",0.75
2026-09-14,FORM,105.49,0.748738,0.775958,0.786079,0.803881,0.693594,0.02722,0.748738,32.0,-0.027055,11.029,0.1473011921393064,3.0,901.0,41.0,ok,0.8
2026-09-14,FUBO,11.9601,0.762839,0.804898,0.804492,0.756918,0.815244,0.042059,0.766989,11.0,-0.027811,,,8.0,565.0,26.0,ok,1.57
2026-09-14,FULT,23.785,,,,,,,,,,,,,,,no_usable_expiry,0.89
2026-09-14,FWRD,16.54,0.809299,0.809299,0.809299,0.809299,1.005429,0.0,0.809299,95.0,-0.144745,,,2.0,80.0,6.0,"iv30_extrapolated,iv60_extrapolated",0.88
2026-09-14,GDEN,,,,,,,,,,,,,,,,no_expiries,0.09
2026-09-14,GEO,30.9,0.493169,0.553114,0.538402,0.514897,0.471441,0.059945,0.493169,32.0,-0.003906,4.346,0.0881239493966571,5.0,1021.0,133.0,ok,1.09
2026-09-14,GIS,36.645,0.397529,0.366687,0.354232,0.390551,0.404508,-0.030842,0.397529,32.0,0.023375,1.396,0.0351169348651293,7.0,32148.0,784.0,ok,1.37
2026-09-14,GLNG,51.66,0.365039,0.378857,0.361031,0.379768,0.350309,0.013818,0.365039,32.0,0.013874,2.946,0.080703705631453,5.0,2405.0,59.0,ok,1.12
2026-09-14,GMRE,,,,,,,,,,,,,,,,no_expiries,0.14
2026-09-14,GOOGL,347.3,0.291837,0.346015,0.335979,0.312588,0.27109,0.054178,0.273033,7.0,0.007513,4.222,0.1446697985519314,10.0,22994.0,5719.0,ok,1.71
2026-09-14,GOSS,11.03,,,,,,,,,,,,,,,no_usable_expiry,0.92
2026-09-14,GPRE,14.71,0.581191,0.603285,0.611493,0.553764,0.608617,0.022094,0.581191,32.0,0.082875,5.485,0.0943751709850978,3.0,569.0,10.0,ok,1.07
2026-09-14,GWRS,8.75,0.448736,0.448736,0.469655,0.448736,,0.0,0.448736,67.0,0.057128,,,2.0,355.0,15.0,"iv30_extrapolated,iv60_extrapolated",0.8
2026-09-14,HAIN,0.6273,,,,,,,,,,,,,,,no_usable_expiry,0.74
2026-09-14,HAYN,,,,,,,,,,,,,,,,no_expiries,0.12
2026-09-14,HON,199.25,0.295245,0.327176,0.320033,0.319505,0.270999,0.031931,0.297909,11.0,0.015247,4.563,0.1545496113397348,9.0,1089.0,44.0,ok,1.91
2026-09-14,HR,18.94,,,,,,,,,,,,,,,no_usable_expiry,0.76
2026-09-14,HRL,21.03,0.266037,0.290555,0.292649,0.25158,0.278878,0.024518,0.240183,11.0,0.090216,3.322,0.1248698489307878,8.0,1695.0,225.0,ok,1.62
2026-09-14,HSIC,87.69,0.47091,0.457449,0.400909,0.47091,0.322088,-0.013461,0.47091,32.0,-0.129595,,,3.0,723.0,2.0,ok,0.87
2026-09-14,HYZN,,,,,,,,,,,,,,,,no_expiries,0.1
2026-09-14,IDA,134.38,0.293601,0.293601,0.282299,0.293601,,0.0,0.293601,67.0,-0.014297,,,2.0,5.0,5.0,"iv30_extrapolated,iv60_extrapolated,thin_atm",0.86
2026-09-14,IDXX,506.45,0.324117,0.359067,0.371517,0.358378,0.289855,0.03495,0.324117,32.0,0.029406,6.852,0.2114051407362156,4.0,52.0,6.0,ok,0.99
2026-09-14,IMAX,53.495,0.485729,0.513363,0.523507,0.485729,0.51382,0.027634,0.485729,32.0,-0.014532,,,3.0,266.0,818.0,ok,0.86
2026-09-14,INGR,99.715,0.253425,0.261864,0.265008,0.280525,0.226325,0.008439,0.253425,32.0,-0.019042,5.42,0.213869981256782,2.0,214.0,46.0,ok,0.86
2026-09-14,INO,1.24,1.833751,1.833751,2.511367,1.803438,1.864064,0.0,1.833751,67.0,,6.063,0.0330633766525553,3.0,3729.0,82.0,"iv30_extrapolated,iv60_extrapolated",1.7
2026-09-14,INTU,337.35,0.483723,0.505869,0.502444,0.50388,0.463567,0.022146,0.500788,11.0,0.003196,4.098,0.0847179067358798,10.0,1906.0,99.0,ok,1.98
2026-09-14,IONS,52.78,0.397641,0.425453,0.421944,0.443955,0.351327,0.027812,0.397641,32.0,0.23957,9.263,0.2329488156402383,5.0,6098.0,15.0,ok,0.99
2026-09-14,JD,27.415,0.322464,0.352823,0.36494,0.351403,0.293603,0.030359,0.313073,11.0,0.006398,5.156,0.1598938176044458,9.0,7931.0,251.0,ok,1.72
2026-09-14,JJSF,83.48,,,,,,,,,,,,,,,no_usable_expiry,0.75
2026-09-14,JKS,11.39,0.637898,0.692638,0.712386,0.713335,0.637898,0.05474,0.637898,32.0,0.022262,,,3.0,140.0,29.0,ok,0.75
2026-09-14,JNJ,267.41,0.259647,0.274087,0.25714,0.28187,0.237426,0.01444,0.239788,11.0,0.005351,4.637,0.1785886222448169,10.0,10228.0,137.0,ok,1.88
2026-09-14,JOE,65.265,0.370832,0.370832,0.370832,0.438677,0.302986,0.0,0.370832,95.0,-0.054174,13.569,0.3659069335979635,2.0,163.0,25.0,"cp_spread_wide,iv30_extrapolated,iv60_extrapolated",0.74
2026-09-14,JPM,352.06,0.252522,0.253058,0.251564,0.254476,0.250584,0.000536,0.225481,11.0,0.042259,0.194,0.0076824989505864,10.0,5640.0,546.0,ok,1.93
2026-09-14,KDP,31.815,0.25872,0.271878,0.276727,0.253923,0.263516,0.013158,0.25872,32.0,0.098709,0.959,0.0370670995670995,7.0,1542.0,248.0,ok,1.36
2026-09-14,KGC,28.36,0.530795,0.521498,0.520531,0.533032,0.528691,-0.009297,0.532329,11.0,0.005127,0.533,0.0100415414613928,9.0,4075.0,212.0,ok,1.75
2026-09-14,KKR,101.34,0.398264,0.421978,0.415961,0.452008,0.36465,0.023714,0.439066,11.0,0.018877,8.788,0.2206576542193118,9.0,3372.0,27.0,ok,1.74
2026-09-14,KLAC,169.565,0.538609,0.584091,0.580604,0.560865,0.516366,0.045482,0.531666,11.0,-0.009483,4.162,0.07727312391735,10.0,1606.0,136.0,ok,1.94
2026-09-14,KNX,68.11,0.421263,0.427052,0.442712,0.412399,0.430127,0.005789,0.421263,32.0,0.028205,1.773,0.0420877219219347,5.0,89.0,18.0,ok,1.12
2026-09-14,KROS,11.23,,,,,,,,,,,,,,,no_usable_expiry,0.78
2026-09-14,LECO,252.17,0.423761,0.369594,0.371682,0.423761,0.34674,-0.054167,0.423761,32.0,-0.000782,,,3.0,5.0,2.0,thin_atm,0.99
2026-09-14,LIN,464.225,0.225475,0.265771,0.275191,0.265032,0.185919,0.040296,0.225475,32.0,0.041378,7.911,0.3508592970395831,8.0,355.0,60.0,cp_spread_wide,1.66
2026-09-14,LMND,49.87,0.552178,0.621974,0.660204,0.593241,0.511174,0.069796,0.537007,11.0,-0.017805,8.84,0.1600933032464169,9.0,2001.0,53.0,ok,1.64
2026-09-14,LNG,276.0,0.321328,0.334588,0.33102,0.338661,0.304002,0.01326,0.354914,11.0,0.002844,3.262,0.1015162077378877,9.0,461.0,45.0,ok,1.68
2026-09-14,LNT,66.98,0.395028,0.323995,0.292432,0.44722,0.342835,-0.071033,0.395028,32.0,,10.439,0.2642597486760432,2.0,65.0,11.0,ok,0.86
2026-09-14,LU,1.3292,,,,,,,,,,,,,,,no_usable_expiry,0.99
2026-09-14,LUMN,7.145,0.657517,0.684503,0.702988,0.676868,0.614164,0.026986,0.675355,11.0,0.027368,5.247,0.0798002180932204,8.0,11339.0,628.0,ok,1.66
2026-09-14,M,22.925,0.419007,0.446357,0.462354,0.425204,0.412816,0.02735,0.433111,11.0,0.01261,1.042,0.0248683196223452,9.0,1187.0,1901.0,ok,1.65
2026-09-14,MAC,22.525,0.416443,0.416443,0.416443,0.452215,0.38067,0.0,0.416443,95.0,0.086004,7.154,0.1717882159143028,2.0,255.0,53.0,"iv30_extrapolated,iv60_extrapolated",0.73
2026-09-14,MAR,336.71,0.267984,0.288218,0.295042,0.287797,0.248246,0.020234,0.304124,11.0,0.063723,4.417,0.1648232730312257,9.0,810.0,45.0,ok,1.64
2026-09-14,MESA,,,,,,,,,,,,,,,,no_expiries,0.09
2026-09-14,MGM,40.01,0.422205,0.405539,0.385329,0.426251,0.41816,-0.016666,0.422205,32.0,0.00114,0.809,0.0191613078954536,6.0,2969.0,165.0,ok,1.36
2026-09-14,MITT,6.515,,,,,,,,,,,,,,,no_usable_expiry,0.75
2026-09-14,MKC,50.71,0.393637,0.365833,0.354667,0.423508,0.363767,-0.027804,0.393637,32.0,-0.003495,5.974,0.1517641888338748,6.0,2632.0,72.0,ok,1.38
2026-09-14,MLCO,4.815,0.521675,0.521675,0.521675,0.586039,0.45731,0.0,0.521675,123.0,0.005674,12.873,0.2467628312646763,1.0,3505.0,163.0,"single_expiry_no_interp,iv30_extrapolated,iv60_extrapolated,iv90_extrapolated",0.86
2026-09-14,MMC,,,,,,,,,,,,,,,,no_expiries,0.47
2026-09-14,MMM,161.7,0.255147,0.284351,0.278588,0.274326,0.223958,0.029204,0.261049,11.0,0.038801,5.082,0.19917929664076,9.0,2200.0,155.0,ok,1.78
2026-09-14,MPW,,,,,,,,,,,,,,,,no_expiries,0.16
2026-09-14,MRSN,,,,,,,,,,,,,,,,no_expiries,0.12
2026-09-14,MTCH,43.46,0.338675,0.358835,0.366224,0.338675,0.34126,0.02016,0.338675,32.0,-0.013473,,,4.0,4951.0,116.0,ok,0.93
2026-09-14,NEE,82.23,0.215914,0.238558,0.233855,0.231295,0.200545,0.022644,0.213473,11.0,0.029445,3.241,0.1501060607464083,9.0,4743.0,85.0,ok,1.91
2026-09-14,NEXT,7.54,0.559516,0.572893,0.577908,0.557465,0.561567,0.013377,0.559516,32.0,0.014707,0.41,0.0073277618513143,3.0,13919.0,300.0,ok,0.71
2026-09-14,NI,41.2,0.261941,0.326831,0.3121,0.333737,0.261941,0.06489,0.261941,32.0,,,,3.0,302.0,2.0,ok,0.94
2026-09-14,NIO,3.73,0.512455,0.532662,0.547909,0.511813,0.513257,0.020207,0.512114,11.0,,,,10.0,24026.0,562.0,ok,1.82
2026-09-14,NTLA,12.06,0.754651,0.766639,0.771157,0.790471,0.718831,0.011988,0.754651,32.0,0.003164,7.164,0.0949312993688473,3.0,3412.0,54.0,ok,0.82
2026-09-14,NVDA,212.175,0.328063,0.368372,0.374797,0.346572,0.309557,0.040309,0.30755,7.0,0.025072,3.765,0.1147645421763502,10.0,70101.0,16052.0,ok,1.92
2026-09-14,NWN,48.335,,,,,,,,,,,,,,,no_usable_expiry,1.1
2026-09-14,NXRT,22.48,,,,,,,,,,,,,,,no_usable_expiry,0.77
2026-09-14,OGS,77.325,0.462365,0.35604,0.305967,0.487233,0.437497,-0.106325,0.462365,32.0,-0.195268,4.974,0.1075773469012576,2.0,96.0,33.0,ok,0.83
2026-09-14,OMCL,33.45,0.536897,0.536897,0.580895,0.57215,0.536897,0.0,0.536897,67.0,-0.003201,,,3.0,97.0,7.0,"iv30_extrapolated,iv60_extrapolated",0.88
2026-09-14,ONB,25.84,,,,,,,,,,,,,,,no_usable_expiry,0.84
2026-09-14,OXY,62.065,0.344899,0.366666,0.344952,0.344923,0.339724,0.021767,0.349074,11.0,0.019265,0.007,0.0002029579674049,10.0,13587.0,2695.0,ok,1.72
2026-09-14,PAA,25.865,0.252693,0.253877,0.246791,0.296511,0.209453,0.001184,0.314235,11.0,0.056839,6.755,0.2673204243884872,8.0,1152.0,32.0,ok,1.62
2026-09-14,PATH,14.86,0.578943,0.588332,0.657354,0.592637,0.565287,0.009389,0.605824,11.0,-0.000352,2.191,0.0378448310109976,10.0,11735.0,1771.0,ok,1.76
2026-09-14,PCTY,147.22,0.529096,0.547819,0.543044,0.529096,,0.018723,0.529096,32.0,0.032188,,,3.0,4.0,4.0,thin_atm,0.69
2026-09-14,PFG,116.26,0.341907,0.333906,0.330807,0.341907,0.306039,-0.008001,0.341907,32.0,-0.067486,,,3.0,108.0,4.0,ok,0.72
2026-09-14,PG,146.365,0.197901,0.225186,0.220979,0.215378,0.180448,0.027285,0.196145,11.0,0.039637,3.252,0.1643245865356921,10.0,12977.0,481.0,ok,1.83
2026-09-14,PINS,19.545,0.480072,0.549452,0.547225,0.498459,0.461693,0.06938,0.525679,11.0,-0.011964,3.388,0.0705727474212201,10.0,1588.0,374.0,ok,1.63
2026-09-14,PLTR,172.62,0.480949,0.551835,0.553167,0.488545,0.473353,0.070886,0.478943,11.0,0.010874,1.544,0.0321031959729617,10.0,41053.0,5388.0,ok,1.71
2026-09-14,PLYA,,,,,,,,,,,,,,,,no_expiries,0.1
2026-09-14,PM,193.9625,0.270405,0.308816,0.30522,0.247429,0.307631,0.038411,0.28627,11.0,0.04469,5.982,0.2212237199755921,9.0,1424.0,36.0,ok,1.79
2026-09-14,PNW,95.35,0.200905,0.256452,0.274674,0.31423,0.200905,0.055547,0.200905,32.0,,,,3.0,133.0,3.0,ok,1.23
2026-09-14,PRMW,,,,,,,,,,,,,,,,no_expiries,0.1
2026-09-14,PSEC,2.22,0.618988,0.618988,0.618988,0.60766,0.630316,0.0,0.618988,123.0,-0.064296,2.266,0.0366081410301976,1.0,12847.0,23.0,"single_expiry_no_interp,iv30_extrapolated,iv60_extrapolated,iv90_extrapolated",0.86
2026-09-14,PSTG,,,,,,,,,,,,,,,,no_expiries,0.1
2026-09-14,PSX,255.62,0.42254,0.444109,0.436838,0.433797,0.411295,0.021569,0.442462,11.0,0.004034,2.498,0.0591186633218156,9.0,1299.0,112.0,ok,1.73
2026-09-14,QLYS,172.38,0.49025,0.521335,0.532701,0.514187,0.466313,0.031085,0.49025,32.0,0.012074,4.787,0.0976440591534931,3.0,93.0,17.0,ok,0.66
2026-09-14,RARE,13.945,0.651309,0.689212,0.740504,0.649572,0.653046,0.037903,0.651309,32.0,-0.010681,0.347,0.0053277323052498,5.0,14716.0,948.0,ok,1.0
2026-09-14,RBLX,50.9,0.581395,0.68637,0.668033,0.584039,0.578111,0.104975,0.594843,11.0,-0.001833,0.695,0.0119540071724043,10.0,13315.0,1338.0,ok,1.68
2026-09-14,RDHL,,,,,,,,,,,,,,,,no_expiries,0.18
2026-09-14,REED,,,,,,,,,,,,,,,,no_expiries,0.1
2026-09-14,RHP,122.35,0.48668,0.479286,0.476439,0.48668,,-0.007394,0.48668,32.0,-0.042338,,,3.0,19.0,18.0,thin_atm,0.84
2026-09-14,RIOT,20.93,0.815628,0.851699,0.857285,0.851878,0.779398,0.036071,0.803195,11.0,-0.041528,6.843,0.0838985419823743,10.0,5764.0,274.0,ok,1.7
2026-09-14,RJF,171.74,0.318786,0.315814,0.29594,0.334853,0.302719,-0.002972,0.318786,32.0,0.018623,3.213,0.100788616815042,4.0,303.0,29.0,ok,1.12
2026-09-14,RKT,13.665,0.564003,0.592855,0.580335,0.611759,0.516252,0.028852,0.576254,11.0,-0.013537,9.346,0.1657083384308239,9.0,17758.0,27192.0,ok,1.92
2026-09-14,ROIC,,,,,,,,,,,,,,,,no_expiries,0.19
2026-09-14,ROOT,54.02,0.574959,0.669945,0.702761,0.745733,0.574959,0.094986,0.574959,32.0,0.009029,,,4.0,500.0,76.0,ok,0.86
2026-09-14,ROP,396.985,0.365398,0.335429,0.334596,0.373857,0.35694,-0.029969,0.365398,32.0,0.030482,1.692,0.0463056721711667,3.0,22.0,15.0,thin_atm,0.79
2026-09-14,SAIA,350.21,0.50323,0.99403,1.126073,1.761233,0.50323,0.4908,0.50323,32.0,-0.048085,,,3.0,10.0,3.0,thin_atm,0.7
2026-09-14,SAIC,132.255,0.349326,0.369018,0.425064,0.349326,0.384059,0.019692,0.349326,32.0,0.055953,,,4.0,74.0,9.0,ok,0.98
2026-09-14,SAM,170.63,0.459721,0.478427,0.485364,0.483498,0.435945,0.018706,0.459721,32.0,0.010743,4.755,0.1034322991553572,3.0,25.0,4.0,thin_atm,0.68
2026-09-14,SBS,5.21,,,,,,,,,,,,,,,no_usable_expiry,0.76
2026-09-14,SEDG,36.2,0.7854,0.862092,0.843552,0.791417,0.773969,0.076692,0.825685,11.0,-0.013564,1.584,0.0201680672268907,9.0,4572.0,201.0,ok,1.69
2026-09-14,SHO,10.92,0.713339,0.713339,0.713339,0.713339,,0.0,0.713339,95.0,,,,1.0,8.0,6.0,"single_expiry_no_interp,iv30_extrapolated,iv60_extrapolated,thin_atm",0.58
2026-09-14,SIRI,29.585,0.341092,0.367881,0.358736,0.373409,0.28824,0.026789,0.408473,11.0,-0.00958,8.623,0.2528056946512964,9.0,3362.0,130.0,ok,1.69
2026-09-14,SITC,2.875,,,,,,,,,,,,,,,no_usable_expiry,0.7
2026-09-14,SIVB,,,,,,,,,,,,,,,,no_expiries,0.22
2026-09-14,SJI,,,,,,,,,,,,,,,,no_expiries,0.17
2026-09-14,SJW,,,,,,,,,,,,,,,,no_expiries,0.09
2026-09-14,SLB,53.485,0.370393,0.388418,0.379075,0.404514,0.336292,0.018025,0.366149,11.0,-0.000695,6.46,0.1744093435891067,9.0,6750.0,1372.0,ok,1.69
2026-09-14,SMG,56.0,0.417462,0.435746,0.442512,0.465191,0.369733,0.018284,0.417462,32.0,-0.015112,9.546,0.228667519438895,4.0,122.0,26.0,ok,0.99
2026-09-14,SMH,541.5,0.34261,0.364511,0.36839,0.36227,0.322961,0.021901,0.345437,7.0,0.029539,3.813,0.11129272350485975,10.0,10676.0,9157.0,ok,1.88
2026-09-14,SPGI,417.965,0.302537,0.316529,0.313304,0.331238,0.273932,0.013992,0.311833,11.0,0.024854,6.303,0.2083381536803762,9.0,1934.0,57.0,ok,1.93
2026-09-14,SPLK,,,,,,,,,,,,,,,,no_expiries,0.17
2026-09-14,SPWR,,,,,,,,,,,,,,,,no_expiries,0.17
2026-09-14,SQ,,,,,,,,,,,,,,,,no_expiries,0.3
2026-09-14,SR,80.22,,,,,,,,,,,,,,,no_usable_expiry,0.8
2026-09-14,SRE,83.38,0.29312,0.294335,0.27463,0.283626,0.302613,0.001215,0.29312,32.0,0.084816,1.899,0.0647857532751091,4.0,2805.0,36.0,ok,1.1
2026-09-14,SSD,171.6675,0.266674,0.455809,0.509723,0.822884,0.266674,0.189135,0.266674,32.0,-0.002385,,,3.0,5.0,2.0,thin_atm,0.9
2026-09-14,STI,,,,,,,,,,,,,,,,no_expiries,0.16
2026-09-14,STWD,15.435,0.206609,0.22418,0.230522,0.206609,0.28895,0.017571,0.206609,32.0,0.144959,,,4.0,210.0,186.0,ok,0.94
2026-09-14,SYY,84.14,0.220752,0.242312,0.239578,0.214674,0.22683,0.02156,0.220752,32.0,0.113239,1.216,0.0550844386460824,7.0,496.0,58.0,ok,1.34
2026-09-14,TCBC,,,,,,,,,,,,,,,,no_expiries,0.11
2026-09-14,TECH,72.225,0.096466,0.096466,0.096466,0.096466,,0.0,0.096466,123.0,,,,3.0,18609.0,562.0,"iv30_extrapolated,iv60_extrapolated,iv90_extrapolated",1.05
2026-09-14,TFC,50.44,0.289539,0.288748,0.283045,0.307317,0.271761,-0.000791,0.289539,32.0,0.042499,3.556,0.1228159246250073,7.0,10765.0,123.0,ok,1.38
2026-09-14,TME,8.165,0.40836,0.435617,0.445563,0.416764,0.399957,0.027257,0.40836,32.0,,1.681,0.0411646586345381,3.0,11327.0,197.0,ok,0.86
2026-09-14,TPG,47.39,0.643356,0.643356,0.70107,0.65717,0.629541,0.0,0.643356,67.0,0.085163,2.763,0.0429466733814559,3.0,137.0,9.0,"iv30_extrapolated,iv60_extrapolated",1.01
2026-09-14,TREE,27.24,0.552889,0.587058,0.599563,0.55786,0.547919,0.034169,0.552889,32.0,-0.012846,0.994,0.0179782922069348,2.0,340.0,8.0,ok,0.71
2026-09-14,TRIP,9.185,0.511172,0.537405,0.547489,0.510347,0.525123,0.026233,0.552817,11.0,0.025176,,,6.0,800.0,13.0,ok,1.59
2026-09-14,TRV,376.225,0.290759,0.263223,0.251943,0.308547,0.272972,-0.027536,0.290759,32.0,0.031635,3.558,0.1223693849545499,5.0,677.0,30.0,ok,1.29
2026-09-14,TWO,,,,,,,,,,,,,,,,no_expiries,0.09
2026-09-14,UBER,72.45,0.356072,0.400734,0.397863,0.383767,0.328381,0.044662,0.355353,11.0,0.000383,5.65,0.1586757734390797,10.0,22046.0,1015.0,ok,1.66
2026-09-14,UDR,35.13,0.2947,0.2947,0.2947,,0.2947,0.0,0.2947,32.0,-0.004654,,,1.0,239.0,11.0,"single_expiry_no_interp,iv60_extrapolated,iv90_extrapolated",0.87
2026-09-14,UFPI,81.155,0.400129,0.400129,0.400129,,0.400129,0.0,0.400129,123.0,-0.05796,,,1.0,9.0,8.0,"single_expiry_no_interp,iv30_extrapolated,iv60_extrapolated,iv90_extrapolated,thin_atm",0.88
2026-09-14,UGI,37.68,0.323612,0.306946,0.300354,0.323612,,-0.016666,0.323612,32.0,0.056765,,,3.0,4924.0,843.0,ok,0.89
2026-09-14,UPST,26.28,0.606395,0.668486,0.694266,0.63698,0.575821,0.062091,0.612582,11.0,0.011678,5.853,0.0965212444034004,10.0,7467.0,84.0,ok,2.04
2026-09-14,UPWK,8.7,0.579848,0.616945,0.630503,0.671175,0.579848,0.037097,0.579848,32.0,-0.005625,,,2.0,2055.0,38.0,ok,0.72
2026-09-14,USAC,27.13,0.294826,0.294826,0.294826,0.294826,0.350651,0.0,0.294826,95.0,0.004497,,,2.0,352.0,14.0,"iv30_extrapolated,iv60_extrapolated",0.72
2026-09-14,USCR,,,,,,,,,,,,,,,,no_expiries,0.14
2026-09-14,VIAC,,,,,,,,,,,,,,,,no_expiries,0.09
2026-09-14,VIAV,34.9,0.709207,0.925891,0.817246,0.743753,0.674661,0.216684,0.709207,32.0,-0.027563,6.909,0.0974186662004182,8.0,209.0,32.0,ok,1.63
2026-09-14,VSAT,72.99,0.676025,0.723589,0.740905,0.693042,0.659008,0.047564,0.676025,32.0,-0.010006,3.403,0.0503383750600939,4.0,1093.0,110.0,ok,0.95
2026-09-14,VTR,89.96,0.341177,0.301076,0.297871,0.372007,0.341177,-0.040101,0.341177,32.0,0.173843,,,4.0,18.0,4.0,thin_atm,0.89
2026-09-14,WAFD,33.81,,,,,,,,,,,,,,,no_usable_expiry,0.79
2026-09-14,WB,6.685,,,,,,,,,,,,,,,no_usable_expiry,0.92
2026-09-14,WHD,67.035,0.35815,0.385778,0.384704,0.392046,0.324253,0.027628,0.35815,32.0,0.024425,6.779,0.1892782353762389,3.0,14.0,7.0,thin_atm,0.98
2026-09-14,WKHS,,,,,,,,,,,,,,,,no_expiries,0.15
2026-09-14,WMB,72.11,0.31393,0.322545,0.320733,0.338926,0.289296,0.008615,0.316467,11.0,0.003196,6.151,0.1959353996113783,9.0,10053.0,107.0,ok,1.81
2026-09-14,WMT,109.09,0.23348,0.274801,0.271451,0.254737,0.212224,0.041321,0.228538,11.0,0.003187,4.236,0.1814288161726914,10.0,29492.0,4423.0,ok,1.65
2026-09-14,WRB,70.135,0.241948,0.246189,0.247786,0.258699,0.225198,0.004241,0.241948,32.0,0.18335,3.35,0.1384595036950088,3.0,555.0,40.0,ok,0.87
2026-09-14,XEL,74.55,0.220289,0.255583,0.296061,0.220289,0.255916,0.035294,0.220289,32.0,0.059748,,,6.0,14.0,11.0,thin_atm,1.33
2026-09-14,XOM,165.18,0.301149,0.322027,0.305948,0.30556,0.296796,0.020878,0.300009,11.0,0.015175,1.347,0.0447286891206678,10.0,32875.0,949.0,ok,1.85
2026-09-14,YELP,22.005,0.606924,0.567181,0.536665,0.501638,0.71221,-0.039743,0.606924,32.0,-0.071763,21.057,0.3469462403859462,3.0,85.0,46.0,cp_spread_wide,0.81
2026-09-14,YORW,33.08,,,,,,,,,,,,,,,no_usable_expiry,0.7
2026-09-14,ZEUS,,,,,,,,,,,,,,,,no_expiries,0.14
2026-09-14,ZI,,,,,,,,,,,,,,,,no_expiries,0.31
2026-09-14,ZM,95.835,0.411538,0.427803,0.448542,0.435955,0.387133,0.016265,0.408837,11.0,-0.017353,5.091,0.1237066807925392,9.0,1209.0,41.0,ok,1.66
