grp,h,thr,var,n,bss2,ece,d_bss2,d_ece,wins,nyr
index,1,0.02,BASE,26020,0.19210606489185678,0.007598378693163462,0.0,0.0,0.0,21.0
index,1,0.02,SQ,26020,0.18387960319190055,0.009009336513211624,-0.008226461699956222,0.0014109578200481622,9.0,21.0
index,1,0.02,FE250,26020,0.19188246176597956,0.0084434396116763,-0.0002236031258772142,0.0008450609185128386,9.0,21.0
index,1,0.02,FE1000,26020,0.1922170612160483,0.008330301288475625,0.00011099632419153682,0.0007319225953121636,10.0,21.0
index,1,0.02,SPL,26020,0.19219154530013927,0.007174399622240439,8.548040828249004e-05,-0.0004239790709230232,9.0,21.0
index,1,0.02,LOGIT,26020,0.18402646052670035,0.014011247492980375,-0.008079604365156423,0.006412868799816913,6.0,21.0
index,1,0.02,MNL,26020,0.1871583971101468,0.013604094198864485,-0.0049476677817099635,0.006005715505701023,6.0,21.0
index,1,0.02,PLATT,26020,0.18324033172037124,0.01164455098758042,-0.008865733171485535,0.0040461722944169585,5.0,21.0
index,1,0.02,ISO,26020,0.14969017366876114,0.011241710937143523,-0.042415891223095636,0.003643332243980061,6.0,21.0
index,1,0.05,BASE,26020,0.18989687848370673,0.0010114433727730302,0.0,0.0,0.0,21.0
index,1,0.05,SQ,26020,0.1620841901949912,0.0007806848994756487,-0.027812688288715526,-0.0002307584732973815,7.0,21.0
index,1,0.05,FE250,26020,0.1858154337951693,0.0013638057720843264,-0.004081444688537439,0.0003523623993112962,2.0,21.0
index,1,0.05,FE1000,26020,0.18721592237727136,0.0012638954988295876,-0.0026809561064353726,0.00025245212605655735,2.0,21.0
index,1,0.05,SPL,26020,0.19001921322801807,0.0010565505383857135,0.0001223347443113365,4.510716561268325e-05,15.0,21.0
index,1,0.05,LOGIT,26020,0.1532270876483871,0.002260400028102927,-0.03666979083531963,0.001248956655329897,11.0,21.0
index,1,0.05,MNL,26020,,,,,,
index,1,0.05,PLATT,26020,-0.03325912634582617,0.00652270511440779,-0.2231560048295329,0.00551126174163476,11.0,21.0
index,1,0.05,ISO,26020,0.017026908658395734,0.00463617554180786,-0.172869969825311,0.00362473216903483,9.0,21.0
index,5,0.02,BASE,26000,0.1328324235169297,0.017281997187492938,0.0,0.0,0.0,21.0
index,5,0.02,SQ,26000,0.12975832068812265,0.017539742426230374,-0.003074102828807046,0.00025774523873743627,4.0,21.0
index,5,0.02,FE250,26000,0.1329701227941139,0.01817993423303302,0.00013769927718421116,0.0008979370455400836,14.0,21.0
index,5,0.02,FE1000,26000,0.13315169561989193,0.017525346939272893,0.0003192721029622314,0.0002433497517799546,14.0,21.0
index,5,0.02,SPL,26000,0.13268025584473286,0.01576825776087264,-0.00015216767219683458,-0.0015137394266202982,11.0,21.0
index,5,0.02,LOGIT,26000,0.12403558684906046,0.038082346207390615,-0.008796836667869234,0.020800349019897676,5.0,21.0
index,5,0.02,MNL,26000,0.12421676827449102,0.03770442198933318,-0.00861565524243868,0.02042242480184024,5.0,21.0
index,5,0.02,PLATT,26000,0.13135221274405084,0.014038263630802527,-0.0014802107728788538,-0.003243733556690411,9.0,21.0
index,5,0.02,ISO,26000,0.1240602090819809,0.013923357509179031,-0.0087722144349488,-0.003358639678313907,5.0,21.0
index,5,0.05,BASE,26000,0.13591536348105937,0.013490582326070585,0.0,0.0,0.0,21.0
index,5,0.05,SQ,26000,0.1295862923002863,0.013628391597238075,-0.006329071180773083,0.0001378092711674904,6.0,21.0
index,5,0.05,FE250,26000,0.1353376195066519,0.014216495200606565,-0.0005777439744074631,0.0007259128745359805,6.0,21.0
index,5,0.05,FE1000,26000,0.13570790159066493,0.013980372689394036,-0.00020746189039444474,0.0004897903633234515,6.0,21.0
index,5,0.05,SPL,26000,0.1375070019495881,0.012397574108107972,0.0015916384685287222,-0.0010930082179626127,11.0,21.0
index,5,0.05,LOGIT,26000,0.11416607699951486,0.01046690500477136,-0.021749286481544505,-0.003023677321299224,11.0,21.0
index,5,0.05,MNL,26000,,,,,,
index,5,0.05,PLATT,26000,0.11572579750243883,0.011545498019528169,-0.02018956597862054,-0.0019450843065424162,9.0,21.0
index,5,0.05,ISO,26000,0.09445143466438988,0.01206898643880357,-0.04146392881666949,-0.0014215958872670145,9.0,21.0
index,10,0.02,BASE,25975,0.09238766086752559,0.0170832019833502,0.0,0.0,0.0,21.0
index,10,0.02,SQ,25975,0.08879210561016693,0.016962321772095796,-0.0035955552573586624,-0.00012088021125440315,6.0,21.0
index,10,0.02,FE250,25975,0.09158563063430614,0.02115117777960016,-0.0008020302332194529,0.00406797579624996,7.0,21.0
index,10,0.02,FE1000,25975,0.09236291970620181,0.019285158495471615,-2.4741161323782457e-05,0.002201956512121416,8.0,21.0
index,10,0.02,SPL,25975,0.09086426077850152,0.01592280590872678,-0.001523400089024074,-0.0011603960746234196,5.0,21.0
index,10,0.02,LOGIT,25975,0.08903706833115821,0.03189624612525293,-0.0033505925363673805,0.01481304414190273,7.0,21.0
index,10,0.02,MNL,25975,0.0892731267434238,0.032204750270024306,-0.0031145341241017865,0.015121548286674107,7.0,21.0
index,10,0.02,PLATT,25975,0.08891989934542599,0.02154577633608006,-0.0034677615220995994,0.00446257435272986,9.0,21.0
index,10,0.02,ISO,25975,0.0849038988984987,0.01993868878945591,-0.007483761969026892,0.002855486806105711,8.0,21.0
index,10,0.05,BASE,25975,0.13319124153846518,0.016053207035908564,0.0,0.0,0.0,21.0
index,10,0.05,SQ,25975,0.1269401682141481,0.016536943362262756,-0.006251073324317069,0.00048373632635419217,3.0,21.0
index,10,0.05,FE250,25975,0.13407647737451367,0.01814780950275003,0.0008852358360484924,0.0020946024668414658,11.0,21.0
index,10,0.05,FE1000,25975,0.13448318963715933,0.01735822858007314,0.0012919480986941512,0.0013050215441645745,11.0,21.0
index,10,0.05,SPL,25975,0.13340892916343894,0.014882907776833858,0.00021768762497376137,-0.0011702992590747058,12.0,21.0
index,10,0.05,LOGIT,25975,0.117939139747685,0.022010076928980597,-0.015252101790780181,0.005956869893072033,8.0,21.0
index,10,0.05,MNL,25975,,,,,,
index,10,0.05,PLATT,25975,0.12172898349701511,0.014181914925245278,-0.011462258041450069,-0.001871292110663286,11.0,21.0
index,10,0.05,ISO,25975,0.1089897135580451,0.01596456666719435,-0.02420152798042008,-8.864036871421288e-05,10.0,21.0
index,21,0.02,BASE,24665,0.041890537996909116,0.026772303769005107,0.0,0.0,0.0,20.0
index,21,0.02,SQ,24665,0.040900538510848405,0.026651412876919075,-0.0009899994860607109,-0.00012089089208603201,9.0,20.0
index,21,0.02,FE250,24665,0.04045841029214747,0.03193762324933176,-0.0014321277047616432,0.005165319480326655,9.0,20.0
index,21,0.02,FE1000,24665,0.040847451997176654,0.029926258905553043,-0.0010430859997324626,0.003153955136547936,9.0,20.0
index,21,0.02,SPL,24665,0.04404303198811732,0.023318635836204377,0.002152493991208204,-0.0034536679328007296,8.0,20.0
index,21,0.02,LOGIT,24665,0.044423196035578205,0.024834045469942154,0.002532658038669089,-0.0019382582990629532,11.0,20.0
index,21,0.02,MNL,24665,0.04467761915420443,0.02455983594612734,0.0027870811572953125,-0.0022124678228777686,11.0,20.0
index,21,0.02,PLATT,24665,0.02726460340594139,0.03351113943372904,-0.014625934590967726,0.006738835664723934,7.0,20.0
index,21,0.02,ISO,24665,0.029980214867501798,0.03428525837202861,-0.011910323129407319,0.007512954603023501,8.0,20.0
index,21,0.05,BASE,24665,0.11724919574991344,0.026510302708983583,0.0,0.0,0.0,20.0
index,21,0.05,SQ,24665,0.11156949678484551,0.026409385220679864,-0.005679698965067925,-0.00010091748830371935,7.0,20.0
index,21,0.05,FE250,24665,0.1178493826272945,0.03045494926682948,0.0006001868773810592,0.0039446465578458975,10.0,20.0
index,21,0.05,FE1000,24665,0.11796006163034989,0.029979619712502927,0.0007108658804364509,0.003469317003519344,10.0,20.0
index,21,0.05,SPL,24665,0.11791480371943464,0.023627326570257946,0.000665607969521198,-0.0028829761387256375,8.0,20.0
index,21,0.05,LOGIT,24665,0.10821559275592252,0.03770773419421246,-0.009033602993990919,0.011197431485228875,7.0,20.0
index,21,0.05,MNL,24665,,,,,,
index,21,0.05,PLATT,24665,0.10788938139715953,0.021586561644215345,-0.009359814352753903,-0.004923741064768238,8.0,20.0
index,21,0.05,ISO,24665,0.10722457628670978,0.02131729344296472,-0.010024619463203654,-0.005193009266018862,6.0,20.0
single,1,0.02,BASE,997307,0.11346972313139458,0.014587420584982143,0.0,0.0,0.0,21.0
single,1,0.02,SQ,997307,0.1131091004370246,0.01408852722554621,-0.00036062269436998307,-0.0004988933594359327,9.0,21.0
single,1,0.02,FE250,997307,0.11320504789114594,0.014036292656686123,-0.0002646752402486463,-0.0005511279282960201,8.0,21.0
single,1,0.02,FE1000,997307,0.11383061777368342,0.01447133386255263,0.0003608946422888337,-0.0001160867224295134,13.0,21.0
single,1,0.02,SPL,997307,0.11399689590308615,0.011676811083384172,0.0005271727716915642,-0.0029106095015979713,17.0,21.0
single,1,0.02,LOGIT,997307,0.11229780901602038,0.02137899200632069,-0.0011719141153742063,0.006791571421338547,5.0,21.0
single,1,0.02,MNL,997307,0.11246458153692562,0.021133705595009555,-0.0010051415944689612,0.006546285010027412,5.0,21.0
single,1,0.02,PLATT,997307,0.11335727741741053,0.004911741933568271,-0.00011244571398405512,-0.00967567865141387,8.0,21.0
single,1,0.02,ISO,997307,0.11287676312909012,0.0018334090149626702,-0.0005929600023044657,-0.012754011570019472,8.0,21.0
single,1,0.05,BASE,997307,0.10846970367509479,0.009535412210943738,0.0,0.0,0.0,21.0
single,1,0.05,SQ,997307,0.10617313202636391,0.009809075243995519,-0.002296571648730872,0.00027366303305178044,4.0,21.0
single,1,0.05,FE250,997307,0.10251274283895351,0.009654233425528387,-0.0059569608361412785,0.00011882121458464852,2.0,21.0
single,1,0.05,FE1000,997307,0.10456948794511178,0.00997206641471578,-0.003900215729983003,0.0004366542037720425,3.0,21.0
single,1,0.05,SPL,997307,0.10740437258910329,0.008896745876576885,-0.0010653310859914944,-0.0006386663343668532,9.0,21.0
single,1,0.05,LOGIT,997307,0.10463805542352844,0.006217460488098066,-0.003831648251566344,-0.0033179517228456726,10.0,21.0
single,1,0.05,MNL,997307,,,,,,
single,1,0.05,PLATT,997307,0.10899679798779982,0.0029434021962813444,0.0005270943127050343,-0.006592010014662393,9.0,21.0
single,1,0.05,ISO,997307,0.10479652075710388,0.0018467466990597764,-0.0036731829179909026,-0.007688665511883961,5.0,21.0
single,5,0.02,BASE,996383,0.05484724210617664,0.007966402681715067,0.0,0.0,0.0,21.0
single,5,0.02,SQ,996383,0.054930763008542716,0.006182117646926186,8.352090236607435e-05,-0.001784285034788881,11.0,21.0
single,5,0.02,FE250,996383,0.055335037961094624,0.007894481438813094,0.00048779585491798283,-7.192124290197367e-05,15.0,21.0
single,5,0.02,FE1000,996383,0.05541962403840106,0.008154501698212583,0.0005723819322244195,0.00018809901649751576,16.0,21.0
single,5,0.02,SPL,996383,0.05491609999893765,0.006647002905131523,6.885789276100951e-05,-0.0013193997765835446,13.0,21.0
single,5,0.02,LOGIT,996383,0.05464327667299329,0.012914336416415519,-0.0002039654331833507,0.004947933734700451,9.0,21.0
single,5,0.02,MNL,996383,0.05465306757527,0.012746300588441867,-0.00019417453090664338,0.0047798979067267995,9.0,21.0
single,5,0.02,PLATT,996383,0.05458527146563974,0.004223488089300038,-0.00026197064053690156,-0.0037429145924150293,9.0,21.0
single,5,0.02,ISO,996383,0.054140877370205454,0.0018437409500559833,-0.0007063647359711878,-0.006122661731659084,7.0,21.0
single,5,0.05,BASE,996383,0.09332520210233819,0.004579719472014266,0.0,0.0,0.0,21.0
single,5,0.05,SQ,996383,0.09429349917984287,0.004449568835939434,0.0009682970775046762,-0.00013015063607483158,11.0,21.0
single,5,0.05,FE250,996383,0.09432715160005356,0.003587966948474571,0.001001949497715371,-0.0009917525235396945,15.0,21.0
single,5,0.05,FE1000,996383,0.0944278279652857,0.0036368182686593504,0.001102625862947515,-0.0009429012033549153,17.0,21.0
single,5,0.05,SPL,996383,0.09336466540070909,0.0030909611488032854,3.94632983709009e-05,-0.0014887583232109803,10.0,21.0
single,5,0.05,LOGIT,996383,0.08809812072852186,0.022459064842507488,-0.0052270813738163335,0.017879345370493224,0.0,21.0
single,5,0.05,MNL,996383,,,,,,
single,5,0.05,PLATT,996383,0.09259884305092603,0.0035173891128358367,-0.0007263590514121621,-0.001062330359178429,6.0,21.0
single,5,0.05,ISO,996383,0.09186979250919114,0.002770205393325953,-0.00145540959314705,-0.0018095140786883127,8.0,21.0
single,10,0.02,BASE,995228,0.03310159542526203,0.007203327694245178,0.0,0.0,0.0,21.0
single,10,0.02,SQ,995228,0.03311232853878188,0.006607808592326334,1.0733113519845183e-05,-0.0005955191019188432,8.0,21.0
single,10,0.02,FE250,995228,0.03351631004928901,0.008741335692141907,0.00041471462402697945,0.0015380079978967297,14.0,21.0
single,10,0.02,FE1000,995228,0.03354759129298501,0.007926102719006435,0.0004459958677229814,0.0007227750247612574,14.0,21.0
single,10,0.02,SPL,995228,0.033446300665138096,0.00653913987934442,0.00034470523987606416,-0.0006641878149007572,14.0,21.0
single,10,0.02,LOGIT,995228,0.03416210842108802,0.008205314867438527,0.0010605129958259907,0.0010019871731933496,12.0,21.0
single,10,0.02,MNL,995228,0.03414659381025231,0.008258762578541473,0.001044998384990281,0.001055434884296295,12.0,21.0
single,10,0.02,PLATT,995228,0.032974792295845656,0.006481818649532444,-0.00012680312941637517,-0.0007215090447127339,12.0,21.0
single,10,0.02,ISO,995228,0.031881869262925244,0.002206434340350129,-0.0012197261623367872,-0.004996893353895049,7.0,21.0
single,10,0.05,BASE,995228,0.067694376967109,0.006607398101614581,0.0,0.0,0.0,21.0
single,10,0.05,SQ,995228,0.06796630667825732,0.00692972886515472,0.000271929711148311,0.0003223307635401391,10.0,21.0
single,10,0.05,FE250,995228,0.06897109317458594,0.009188732082123214,0.0012767162074769356,0.0025813339805086334,16.0,21.0
single,10,0.05,FE1000,995228,0.0689026993994738,0.007389160069259212,0.0012083224323647945,0.0007817619676446308,16.0,21.0
single,10,0.05,SPL,995228,0.0676609446522719,0.00595408308001514,-3.343231483710074e-05,-0.0006533150215994408,9.0,21.0
single,10,0.05,LOGIT,995228,0.0646849054697275,0.02181464240284952,-0.0030094714973815107,0.015207244301234938,5.0,21.0
single,10,0.05,MNL,995228,,,,,,
single,10,0.05,PLATT,995228,0.06688120020025978,0.00665452768274711,-0.0008131767668492218,4.712958113252917e-05,8.0,21.0
single,10,0.05,ISO,995228,0.06675983771113403,0.003309326857297003,-0.0009345392559749754,-0.003298071244317578,8.0,21.0
single,21,0.02,BASE,992687,0.019064879341940677,0.009219318141419713,0.0,0.0,0.0,21.0
single,21,0.02,SQ,992687,0.019092108501202798,0.008582543930127057,2.7229159262120994e-05,-0.0006367742112926567,8.0,21.0
single,21,0.02,FE250,992687,0.018865629837404363,0.011332164055749357,-0.00019924950453631407,0.0021128459143296436,11.0,21.0
single,21,0.02,FE1000,992687,0.01902356689100093,0.010588835827676894,-4.131245093974556e-05,0.0013695176862571802,11.0,21.0
single,21,0.02,SPL,992687,0.01979812788155577,0.008033471869953047,0.0007332485396150945,-0.001185846271466666,16.0,21.0
single,21,0.02,LOGIT,992687,0.020380143089039904,0.006861616737207017,0.0013152637470992268,-0.0023577014042126965,13.0,21.0
single,21,0.02,MNL,992687,0.02033890520340953,0.006913907967492442,0.0012740258614688527,-0.002305410173927272,11.0,21.0
single,21,0.02,PLATT,992687,0.019893810275445234,0.007325042935224389,0.0008289309335045569,-0.0018942752061953247,12.0,21.0
single,21,0.02,ISO,992687,0.017890701687228172,0.003578499529671683,-0.001174177654712505,-0.00564081861174803,9.0,21.0
single,21,0.05,BASE,992687,0.04168520058869196,0.012184633229861611,0.0,0.0,0.0,21.0
single,21,0.05,SQ,992687,0.0418593399006254,0.010946259108895382,0.00017413931193344112,-0.0012383741209662288,9.0,21.0
single,21,0.05,FE250,992687,0.04303597176009755,0.01628140885835397,0.0013507711714055848,0.0040967756284923575,17.0,21.0
single,21,0.05,FE1000,992687,0.04304588727743219,0.015142770290238562,0.0013606866887402314,0.0029581370603769513,17.0,21.0
single,21,0.05,SPL,992687,0.04228070199875844,0.010598105071858394,0.000595501410066479,-0.0015865281580032167,17.0,21.0
single,21,0.05,LOGIT,992687,0.04149536101781137,0.012331954414508796,-0.00018983957088059,0.0001473211846471853,8.0,21.0
single,21,0.05,MNL,992687,,,,,,
single,21,0.05,PLATT,992687,0.041078363475562374,0.010803937639061595,-0.000606837113129588,-0.001380695590800016,8.0,21.0
single,21,0.05,ISO,992687,0.04090117462794651,0.004639055420675991,-0.0007840259607454492,-0.00754557780918562,10.0,21.0
