symbol,n_annual,n_quarter,fy_end,fy_filed,revenue_fy,rev_g_fy,rev_cagr_3y,tag_switches,q_end,revenue_q,rev_g_q_yoy,rev_q_yoy_base,ttm_span_days,revenue_ttm,gross_margin,op_margin,net_margin,ocf_margin,accruals,sbc_pct_rev,rnd_pct_rev,capex_pct_rev,capex_pct_rev_4y_ago,capex_accel,rpo,rpo_g_yoy,rpo_yoy_base,contract_asset_g_yoy,shares,dilution_yoy,net_cash,price,mcap,ev,ev_sales,ev_gp,eps_ttm_gaap,pe_gaap,flags,note,related_party_rev,related_party_pct_rev,related_party_pct_growth
ENPH,16,56,2025-12-31,2026-02-17,1472985000.0,0.10718868175555452,-0.14185407107518988,2.0,2026-03-31,282900000.0,-0.20552453915368285,2025-03-31,365.0,1472985000.0,0.4664025770798752,0.10694338367328927,0.11685998160198509,0.09269612385733732,0.024163857744647774,0.14534431783079937,0.12836179594496888,0.02758955454400418,0.019925323475997844,0.007664231068006337,470556000.0,-0.0616561144623361,2025-03-31,-0.0708500275745676,131337000.0,-0.004034306774147067,358131000.0,36.65999984741211,4814814399.959564,4456683399.959564,3.025613566981038,6.4871287502832065,0.94,38.99999983767246,RPO -6% 而营收 +11% | 营收标签换过2次(已按阶梯合并),,,,
HIMS,7,20,2025-12-31,2026-02-23,2347637000.0,0.5899862784910945,0.6454948211180809,1.0,2026-06-30,753214000.0,0.38246765522646387,2025-06-30,365.0,2347637000.0,0.7383500941585092,0.04498693792950103,0.054678385116608746,0.127790625211649,-0.07311224009504025,0.05760856554910321,,0.10333795216211024,0.013664417098740595,0.08967353506336964,,,,,231746126.0,0.03285929535979926,841048000.0,28.809999465942383,6676605766.294216,5835557766.294216,2.4857155370673643,3.366581187885283,-0.54,,capex/营收 4年 1%→10% | 股数年增+3.3%,,,,
MDB,11,30,2026-01-31,2026-03-11,2463797000.0,0.2279426826478499,0.2426308261987642,2.0,2026-07-31,771773000.0,0.30498882316935005,2025-07-31,365.0,2463797000.0,0.7174856532417241,-0.055592242380358446,-0.028878596735039452,0.2050282551687497,-0.23390685190378915,0.22341694547075103,0.2907313386614238,0.0020131528693313615,0.005641568798479798,-0.003628415929148437,1519200000.0,0.9128682951397633,2025-07-31,0.21359223300970864,80497631.0,-0.007161021785452304,2194396000.0,382.2900085449219,30773440042.835968,28579044042.835968,11.599593652738422,16.16700431615525,-0.49,,SBC占营收22% | 净利率-3% | 营收标签换过2次(已按阶梯合并),,,,
CRCL,3,7,2025-12-31,2026-03-09,2746642000.0,0.6385605275575943,,1.0,2026-06-30,701315000.0,0.06570193806813185,2025-06-30,365.0,2746642000.0,,-0.03511014540664564,-0.025310178756459707,0.19737883568371853,-0.22268901444017822,0.20613425411830155,,0.004526254240632743,,,,,,,248183000.0,1.3083784437375598,1730126000.0,97.41999816894531,24177987405.563354,22447861405.563354,8.17283847169138,,-3.45,,SBC占营收21% | 股数年增+130.8% | 净利率-3%,,,,
AON,19,66,2025-12-31,2026-02-13,17181000000.0,0.09447063320168181,0.11247318365137482,2.0,2026-06-30,4246000000.0,0.021901323706377873,2025-06-30,365.0,17181000000.0,,0.2528374367033351,0.2182643617950061,0.20260753157557768,0.015656830219428437,0.025144054478784705,,0.015307607240556428,0.015706386729705906,-0.000398779489149478,,,,0.13186813186813184,213200000.0,-0.013876040703052706,-11680000000.0,311.5400085449219,66420329821.77734,78100329821.77734,4.545738305207924,,12.979999999999999,24.001541490363785,营收标签换过2次(已按阶梯合并),,,,
SOFI,7,19,2025-12-31,2026-02-17,619353000.0,0.2310170673970382,0.17985536934222757,1.0,2026-06-30,153577000.0,0.011106721969846634,2025-06-30,365.0,619353000.0,0.016719060051376196,,0.7771335571152477,-6.042528251255746,6.819661808370993,0.4231157352915058,1.0467891493219537,0.39144720377555287,0.2471545707193924,0.14429263305616047,,,,,1284303000.0,0.16015902352832767,-174307000.0,17.649999618530273,22667947460.077286,22842254460.077286,36.88083283697227,2205.9154476173135,0.43,41.04651074076808,SBC占营收42% | capex/营收 4年 25%→39% | 应计项目+682%营收(利润未落现金) | 股数年增+16.0% | EV/Sales 37x,,,,
DDOG,9,24,2025-12-31,2026-02-18,3427158000.0,0.2767536858183308,0.2694953937625746,1.0,2026-06-30,1121454000.0,0.3564444336929702,2025-06-30,365.0,3427158000.0,0.7995549081775629,-0.012947462591453327,0.03142545514388306,0.30641569487021025,-0.2749902397263272,0.21903600592677663,0.45181780355618273,0.014466213696596422,0.0210500865619963,-0.006583872865399878,3471400000.0,0.43103306125814167,2025-06-30,,356253000.0,0.02908271588890332,4985438000.0,230.0500030517578,81956003737.19788,76970565737.19788,22.459007065678872,28.089386777538536,0.38,605.3947448730469,SBC占营收22% | EV/Sales 22x,,,,
PLTR,8,21,2025-12-31,2026-02-17,4475446000.0,0.5618339093221549,0.32917125287657845,1.0,2026-06-30,1935464000.0,0.928334945705726,2025-06-30,365.0,4475446000.0,0.8236651721415028,0.3159495165398041,0.3630996776634105,0.47692967360124555,-0.11382999593783502,0.15284130341422955,0.12460813961334803,0.007570642121477949,0.021001946091839373,-0.013431303970361425,4900000000.0,1.0416666666666665,2025-06-30,,2399820000.0,0.014638955925851294,9409099000.0,173.30999755859375,415912798341.06445,406503699341.06445,90.82976296464408,110.27510454095034,1.06,163.49999769678655,SBC占营收15% | EV/Sales 91x,,,,
PANW,16,54,2026-07-31,2026-09-10,11480000000.0,0.2449842750244009,0.18536155384757969,2.0,2026-04-30,3002000000.0,0.3114897335080822,2025-04-30,365.0,11480000000.0,0.7035714285714286,0.06054006968641115,0.026742160278745646,0.396602787456446,-0.36986062717770035,0.15810104529616725,0.22229965156794426,0.03832752613240418,0.02122535436041029,0.01710217177199389,21200000000.0,0.3417721518987342,2025-07-31,0.06208635360857229,801000000.0,0.20451127819548875,1079500000.0,373.94000244140625,299525941955.5664,298446441955.5664,25.99707682539777,36.95015995488008,1.23,304.0162621474848,SBC占营收16% | 股数年增+20.5% | EV/Sales 26x | 营收标签换过2次(已按阶梯合并),,,,
HOOD,7,19,2025-12-31,2026-02-20,4473000000.0,0.515757370382921,0.4878747583673768,1.0,2026-06-30,1308000000.0,0.3225480283114257,2025-06-30,365.0,4473000000.0,,,0.4209702660406886,0.36619718309859156,0.054773082942097026,0.06818689917281466,0.07936507936507936,0.006259780907668232,0.026141035480465386,-0.005522478779434459,,,,,899000000.0,0.01927437641723362,5362000000.0,114.33000183105469,102782671646.11816,97420671646.11816,21.779716442235227,,2.0300000000000002,56.32019794633235,应计项目+5%营收(利润未落现金) | EV/Sales 22x,,,,
ARKB,0,0,,,,,,,,,,,,,,,,,,,,,,,,,,,,,,,,,,,,,,无营收数据（可能是 ETF / 无 XBRL 申报）,,,
BITB,0,0,,,,,,,,,,,,,,,,,,,,,,,,,,,,,,,,,,,,,,无营收数据（可能是 ETF / 无 XBRL 申报）,,,
BRRR,0,0,,,,,,,,,,,,,,,,,,,,,,,,,,,,,,,,,,,,,,无营收数据（可能是 ETF / 无 XBRL 申报）,,,
BTCO,1,4,2024-12-31,2025-02-28,0.0,,,1.0,2025-03-31,0.0,,2024-03-31,365.0,0.0,,,,,,,,,,,,,,,,,0.0,,,,,,,,,,,,
EZBC,0,0,,,,,,,,,,,,,,,,,,,,,,,,,,,,,,,,,,,,,,无营收数据（可能是 ETF / 无 XBRL 申报）,,,
FBTC,0,0,,,,,,,,,,,,,,,,,,,,,,,,,,,,,,,,,,,,,,无营收数据（可能是 ETF / 无 XBRL 申报）,,,
GBTC,0,0,,,,,,,,,,,,,,,,,,,,,,,,,,,,,,,,,,,,,,无营收数据（可能是 ETF / 无 XBRL 申报）,,,
HODL,0,0,,,,,,,,,,,,,,,,,,,,,,,,,,,,,,,,,,,,,,无营收数据（可能是 ETF / 无 XBRL 申报）,,,
IBIT,0,0,,,,,,,,,,,,,,,,,,,,,,,,,,,,,,,,,,,,,,无营收数据（可能是 ETF / 无 XBRL 申报）,,,
COIN,7,20,2025-12-31,2026-02-12,7181325000.0,0.09404240810672948,0.3100276522124539,1.0,2026-06-30,1220068000.0,-0.1851045412527852,2025-06-30,365.0,7181325000.0,,0.1998852579433461,0.18102508938113787,0.3378739995752873,-0.1568489101941494,0.11689207771546337,0.23263186111198142,0.000408420451657598,0.06280457530422401,-0.06188635081790377,,,,,263412000.0,0.032227220715707716,2844611000.0,191.4499969482422,50430226596.13037,47585615596.13037,6.6263002434969,,3.789999999999999,50.51451106813779,股数年增+3.2%,,12900000.0,0.0017963258869359068,-0.026243445213568185
MSTR,17,61,2025-12-31,2026-02-19,477233000.0,0.029726662293723782,-0.014930804375807294,2.0,2026-06-30,122368000.0,0.06882817413178666,2025-06-30,365.0,477233000.0,0.686909748487636,-11.408232456682585,-8.063467949617902,-0.14089763281248363,-7.922570316805418,0.11183007042681457,0.19667541850626424,0.01720752755991308,0.00497932957313165,0.01222819798678143,546900000.0,0.16213344666383334,2025-06-30,,352534000.0,0.28080539448634667,-4222132000.0,136.94000244140625,48276006820.67871,52498138820.67871,110.00525701424401,160.14513879944454,-21.679999999999996,,股数年增+28.1% | EV/Sales 110x | 净利率-806% | 营收标签换过2次(已按阶梯合并),,,,
ADBE,19,67,2025-11-28,2026-01-15,23769000000.0,0.10527784236224136,0.10522339932516123,2.0,2026-05-29,6618000000.0,0.12685169419376807,2025-05-30,364.0,23769000000.0,0.8926753334174765,0.36627540073204595,0.2999705498758888,0.4220202785140309,-0.12204972863814212,0.08170305860574698,,0.007530817451302116,0.02510507781438146,-0.017574260363079346,22270000000.0,0.13103098019299142,2025-05-30,-0.2053571428571429,402400000.0,-0.060252218589444184,1531000000.0,265.6000061035156,106877442456.05469,105346442456.05469,4.432094007154474,4.964956285043581,16.97,15.651149446288487,营收标签换过2次(已按阶梯合并),,,,
NOW,16,46,2025-12-31,2026-01-29,13278000000.0,0.20884923525127452,0.22376517864742618,2.0,2026-06-30,3987000000.0,0.2401244167962675,2025-06-30,365.0,13278000000.0,0.7753426720891701,0.13737008585630367,0.13164633227895767,0.4100015062509414,-0.2783551739719837,0.14723602952251846,0.2229251393282121,0.06537129085705679,0.0759144237405107,-0.010543132883453918,29000000000.0,0.21338912133891208,2025-06-30,0.07803992740471877,1031351000.0,-0.004313494925271666,-771000000.0,142.35000610351562,146812821144.86694,147583821144.86694,11.114913476793715,14.335485298190086,3.5100000000000002,40.555557294448896,营收标签换过2次(已按阶梯合并),,,,
CF,19,65,2025-12-31,2026-02-25,7084000000.0,0.19339622641509435,-0.1412477014500929,2.0,2026-06-30,2222000000.0,0.17566137566137563,2025-06-30,365.0,7084000000.0,0.3845285149632976,0.3246753246753247,0.25381140598531904,0.38848108413325805,-0.134669678147939,0.006352343308865048,,0.13410502540937325,0.040497049883783304,0.09360797552558994,1500000000.0,-0.34782608695652173,2025-06-30,,153600000.0,-0.057090239410681365,-2925800000.0,131.24000549316406,20158464843.75,23084264843.75,3.2586483404503106,8.474399722375184,13.270000000000001,9.889977806568504,RPO -35% 而营收 +19% | capex/营收 4年 4%→13% | 营收标签换过2次(已按阶梯合并),,,,
SNOW,8,21,2026-01-31,2026-03-20,4683946000.0,0.29162562500068945,0.313765188615279,1.0,2026-07-31,1546793000.0,0.3509474929015546,2025-07-31,365.0,4683946000.0,0.6716860100436683,-0.3064008423666712,-0.2837425965201136,0.26087875479350103,-0.5446213513136147,0.3414956107521308,0.4204728235551819,0.021697090444680617,0.012164640920887716,0.009532449523792902,9000000000.0,0.30434782608695654,2025-07-31,,349257000.0,0.041889533582924354,2344695000.0,332.3500061035156,116075566081.69556,113730871081.69556,24.280995357695318,36.14932422980901,-3.17,,SBC占营收34% | 股数年增+4.2% | EV/Sales 24x | 净利率-28%,,,,
XYZ,12,35,2025-12-31,2026-02-26,24193683000.0,0.00301106257674566,0.1133377071512014,2.0,2026-06-30,6617687000.0,0.09302733506902428,2025-06-30,365.0,24193683000.0,0.428208016117265,0.07061372177191873,0.05396598773324425,0.10662758539078156,-0.0526615976575373,0.05023956046708556,0.12019207658461922,0.006408201678099196,0.009743270817410882,-0.003335069139311686,,,,,597829000.0,-0.024561008481241098,1828592000.0,79.48999786376953,47521425932.899475,45692833932.899475,1.8886266275746224,4.410535432520771,1.2399999999999998,64.10483698691093,营收标签换过2次(已按阶梯合并),,,,
CRWD,9,26,2026-01-31,2026-03-05,4812005000.0,0.21711245176577232,0.2900686653697968,1.0,2026-07-31,1470897000.0,0.2583040193267132,2025-07-31,365.0,4812005000.0,0.7466899972049074,-0.06095006135696035,-0.03349227608865743,0.3350680225810239,-0.3685602986696814,0.2281103199186202,0.2877740151974073,0.06278214590383842,0.10486133544169378,-0.04207918953785536,10700000000.0,0.48611111111111116,2025-07-31,,1019448000.0,0.01982125457917605,4267631000.0,235.3800048828125,239957675217.77344,235690044217.77344,48.97959254360156,65.59561896764038,-0.09000000000000002,,SBC占营收23% | EV/Sales 49x | 净利率-3%,,10500000.0,0.0021820426204877176,0.0032619547729970722
FTNT,17,49,2025-12-31,2026-02-25,6799600000.0,0.14167702071929877,0.15461947760091377,2.0,2026-06-30,2047900000.0,0.25638036809815956,2025-06-30,365.0,6799600000.0,0.8045620330607682,0.3065915642096594,0.27258113491970115,0.3809929995882111,-0.10841186466850991,0.04148773457262192,0.11993352550150009,0.053650214718512855,0.06365735500520668,-0.010007140286693826,7730000000.0,0.16415662650602414,2025-06-30,,733100000.0,-0.0423252775963423,3671900000.0,170.17999267578125,124758952630.61523,121087052630.61523,17.80796703197471,22.13374022165632,2.73,62.33699365413233,营收标签换过2次(已按阶梯合并),,,,
MSFT,19,70,2026-06-30,2026-07-29,331839000000.0,0.17788686799846665,0.1612397915820203,4.0,2026-03-31,82886000000.0,0.18297034224873698,2025-03-31,365.0,331839000000.0,0.6794409337058032,0.4678081840892722,0.4030538905915218,0.5512763719755664,-0.14822248138404467,0.0373825861336371,0.10716642709265638,0.34941040685392616,0.13263336715192411,0.21677703970200204,684000000000.0,0.8240000000000001,2025-06-30,,7426000000.0,-0.0010761366693570196,101684000000.0,505.4100036621094,3753174687194.824,3651490687194.824,11.003802106427587,16.195377052734678,16.61,30.428055608796473,capex/营收 4年 13%→35% | 营收标签换过4次(已按阶梯合并),,,,
ZS,11,28,2026-07-31,2026-09-03,3352523000.0,0.25416340112565305,0.27514100805675046,1.0,2026-04-30,850475000.0,0.2543250043508143,2025-04-30,365.0,3352523000.0,0.7680466323422688,-0.03975125599436603,-0.018845210010490606,0.3369563758399271,-0.3558015858504177,0.24516550669451037,0.2694683973831052,0.08271501791337449,0.06011124634497499,0.022603771568399496,7365400000.0,0.27426861126970126,2025-07-31,,160741000.0,0.037647909417787284,842454000.0,191.72999572753906,30818871243.240356,29976417243.240356,8.941450138668804,11.641806320275847,-0.4,,SBC占营收25% | 股数年增+3.8% | 净利率-2%,,,,
TEAM,6,15,2026-06-30,2026-08-14,6572308000.0,0.2601965292914852,0.22967578218768092,1.0,2026-03-31,1786971000.0,0.31712974565052665,2025-03-31,365.0,6572308000.0,0.8483287758273045,0.0015755500198712537,-0.008190121339413796,0.20588429513650303,-0.21407441647591682,0.24444396093427148,0.4974290614499503,0.005182349944646538,0.007302567979206976,-0.002120218034560438,4800000000.0,0.4545454545454546,2025-06-30,15.212121212121211,260965000.0,-0.006494816709876616,249952000.0,192.77000427246094,50306224164.96277,50056272164.96277,7.616239556174599,8.977933760112185,-1.01,,SBC占营收24% | contract asset 增速远超营收 | 净利率-1%,,,,
AES,17,54,2025-12-31,2026-03-02,12233000000.0,-0.003665092034533357,-0.010249740650209005,1.0,2026-06-30,3422000000.0,0.1985989492119089,2025-06-30,365.0,12233000000.0,0.1807406196354124,,0.013242867653069566,0.35199869206245404,-0.33875582440938445,0.001144445352734407,,0.48467260688302133,0.36070381231671556,0.12396879456630577,258000000.0,35.857142857142854,2025-06-30,,713000000.0,0.001404494382022392,1853000000.0,14.800000190734863,10552400135.993958,8699400135.993958,0.7111420040868108,3.934599790137475,2.02,7.326732767690526,capex/营收 4年 36%→48%,,,,
OKTA,10,27,2026-01-31,2026-03-05,2919000000.0,0.11839080459770113,0.16250847699726267,1.0,2026-07-31,805000000.0,0.10576923076923084,2025-07-31,365.0,2919000000.0,0.7735525865022268,0.05104487838300788,0.08050702295306612,0.302843439534087,-0.2223364165810209,0.18636519355943817,0.21891058581706063,0.003083247687564234,0.006458557588805167,-0.003375309901240933,4858000000.0,0.1700385356454721,2025-07-31,-0.33333333333333337,174298000.0,-0.006622592043770692,2299000000.0,186.4499969482422,32497861568.084717,30198861568.084717,10.34561889965218,13.37416367054239,1.6800000000000002,110.98214104062033,SBC占营收19%,,,,
CRM,19,66,2026-01-31,2026-03-02,41525000000.0,0.09579100145137875,0.09820006113830493,3.0,2026-07-31,11345000000.0,0.1083431027745212,2025-07-31,365.0,41525000000.0,0.7767609873570138,0.20062612883804937,0.179578567128236,0.36113184828416617,-0.18155328115593017,0.08450331125827815,0.1443226971703793,0.014304635761589404,0.025452921663689718,-0.011148285902100314,66300000000.0,0.10684474123539234,2025-07-31,-0.020618556701030966,820000000.0,-0.14225941422594146,-27885000000.0,259.42999267578125,212732593994.14062,240617593994.14062,5.794523636222531,7.459854099957855,10.86,23.88858127769625,营收标签换过3次(已按阶梯合并),,,,
